episode,seed,step,cA,cB,wc,F1_exitA_threat,F2_exitB_threat,escaped_A,escaped_B,dead,remaining,fire_cells
1,42,1,25.99367904663086,28.059123992919922,2.8330936431884766,1.0,0.20000000298023224,0,0,0,40,1
1,42,2,26.508018493652344,27.84542465209961,2.459488868713379,1.0,0.20000000298023224,1,1,0,38,1
1,42,3,26.508018493652344,27.84542465209961,2.459488868713379,1.0,0.20000000298023224,1,1,0,38,1
1,42,4,26.508018493652344,27.84542465209961,2.459488868713379,1.0,0.20000000298023224,1,2,0,37,2
1,42,5,26.322858810424805,27.87225341796875,2.4992809295654297,1.0,0.15000000596046448,2,2,0,36,3
1,42,6,26.45689582824707,27.842493057250977,2.454549789428711,1.0,0.15000000596046448,2,2,0,36,5
1,42,7,26.27320098876953,27.86920166015625,2.4944097995758057,1.0,0.10000000149011612,3,2,0,35,6
1,42,8,26.406646728515625,27.839540481567383,2.4497125148773193,1.0,0.10000000149011612,3,2,0,35,6
1,42,9,26.406646728515625,27.839540481567383,2.4497125148773193,1.0,0.10000000149011612,4,3,0,33,9
1,42,10,26.224485397338867,27.866111755371094,2.4896271228790283,1.0,0.05000000074505806,4,3,0,33,11
1,42,11,26.35731315612793,27.83656883239746,2.4449892044067383,1.0,0.05000000074505806,4,3,0,33,15
1,42,12,26.35731315612793,27.83656883239746,2.4449892044067383,1.0,0.05000000074505806,4,5,0,31,16
1,42,13,26.176746368408203,27.86298942565918,2.4849443435668945,1.0,0.0,4,5,0,31,19
1,42,14,26.30893325805664,27.83357810974121,2.4403908252716064,1.0,0.0,4,5,0,31,21
1,42,15,26.30893325805664,27.83357810974121,2.4403908252716064,1.0,0.0,4,6,0,30,26
1,42,16,26.30893325805664,27.83357810974121,2.4403908252716064,1.0,0.0,6,6,0,28,30
1,42,17,26.30893325805664,27.83357810974121,2.4403908252716064,1.0,0.0,6,6,0,28,34
1,42,18,26.30893325805664,27.83357810974121,2.4403908252716064,1.0,0.0,6,6,0,28,43
1,42,19,26.30893325805664,27.83357810974121,2.4403908252716064,1.0,0.0,7,6,0,27,49
1,42,20,26.30893325805664,27.83357810974121,2.4403908252716064,1.0,0.0,7,6,1,26,55
1,42,21,26.30893325805664,27.83357810974121,2.4403908252716064,1.0,0.0,7,6,1,26,60
1,42,22,26.30893325805664,27.83357810974121,2.4403908252716064,1.0,0.0,9,6,1,24,65
1,42,23,26.30893325805664,27.83357810974121,2.4403908252716064,1.0,0.0,9,6,1,24,67
1,42,24,26.30893325805664,27.83357810974121,2.4403908252716064,1.0,0.0,9,6,1,24,73
1,42,25,26.30893325805664,27.83357810974121,2.4403908252716064,1.0,0.0,9,6,1,24,76
1,42,26,26.30893325805664,27.83357810974121,2.4403908252716064,1.0,0.0,10,6,1,23,78
1,42,27,26.30893325805664,27.83357810974121,2.4403908252716064,1.0,0.0,10,6,1,23,80
1,42,28,26.30893325805664,27.83357810974121,2.4403908252716064,1.0,0.0,10,6,1,23,87
1,42,29,26.30893325805664,27.83357810974121,2.4403908252716064,1.0,0.0,10,6,1,23,93
1,42,30,26.30893325805664,27.83357810974121,2.4403908252716064,1.0,0.0,10,6,1,23,97
1,42,31,26.30893325805664,27.83357810974121,2.4403908252716064,1.0,0.0,10,6,1,23,104
1,42,32,26.30893325805664,27.83357810974121,2.4403908252716064,1.0,0.0,11,6,1,22,114
1,42,33,26.30893325805664,27.83357810974121,2.4403908252716064,1.0,0.0,11,6,1,22,116
1,42,34,26.30893325805664,27.83357810974121,2.4403908252716064,1.0,0.0,11,6,2,21,120
1,42,35,26.367881774902344,27.72254753112793,2.578826904296875,0.949999988079071,0.0,11,6,2,21,125
1,42,36,26.380081176757812,27.830467224121094,2.4343979358673096,0.949999988079071,0.0,12,6,2,20,128
1,42,37,26.440563201904297,27.718896865844727,2.5735297203063965,0.8999999761581421,0.0,12,6,2,20,134
1,42,38,26.452775955200195,27.827295303344727,2.4284114837646484,0.8999999761581421,0.0,12,6,4,18,139
1,42,39,26.514728546142578,27.715227127075195,2.5682015419006348,0.8500000238418579,0.0,12,6,4,18,143
1,42,40,26.526960372924805,27.82406997680664,2.4224367141723633,0.8500000238418579,0.0,12,6,4,18,150
1,42,41,26.526960372924805,27.82406997680664,2.4224367141723633,0.8500000238418579,0.0,12,6,4,18,154
1,42,42,26.526960372924805,27.82406997680664,2.4224367141723633,0.8500000238418579,0.0,12,6,4,18,159
1,42,43,26.526960372924805,27.82406997680664,2.4224367141723633,0.8500000238418579,0.0,13,6,4,17,167
1,42,44,26.590312957763672,27.711545944213867,2.5628437995910645,0.800000011920929,0.0,14,6,4,16,174
1,42,45,26.60256576538086,27.8207950592041,2.416477680206299,0.800000011920929,0.0,14,6,4,16,182
1,42,46,26.60256576538086,27.8207950592041,2.416477680206299,0.800000011920929,0.0,14,6,4,16,196
1,42,47,26.667234420776367,27.707860946655273,2.557457685470581,0.75,0.0,14,6,4,16,203
1,42,48,26.679513931274414,27.817474365234375,2.4105396270751953,0.75,0.0,14,6,4,16,208
1,42,49,26.745407104492188,27.704174041748047,2.552044630050659,0.699999988079071,0.0,14,6,4,16,216
1,42,50,26.82472801208496,27.700498580932617,2.5466060638427734,0.6499999761581421,0.0,14,6,4,16,222
1,42,51,26.90509033203125,27.69683837890625,2.5411434173583984,0.6000000238418579,0.0,14,6,4,16,230
1,42,52,26.917455673217773,27.807287216186523,2.3928940296173096,0.6000000238418579,0.0,14,6,5,15,239
1,42,53,26.917455673217773,27.807287216186523,2.3928940296173096,0.6000000238418579,0.0,15,6,5,14,247
1,42,54,26.917455673217773,27.807287216186523,2.3928940296173096,0.6000000238418579,0.0,16,6,5,13,255
1,42,55,26.917455673217773,27.807287216186523,2.3928940296173096,0.6000000238418579,0.0,16,6,5,13,263
1,42,56,26.917455673217773,27.807287216186523,2.3928940296173096,0.6000000238418579,0.0,16,6,5,13,272
1,42,57,26.917455673217773,27.807287216186523,2.3928940296173096,0.6000000238418579,0.0,18,6,5,11,277
1,42,58,26.917455673217773,27.807287216186523,2.3928940296173096,0.6000000238418579,0.0,19,6,5,10,290
1,42,59,26.917455673217773,27.807287216186523,2.3928940296173096,0.6000000238418579,0.0,19,6,5,10,292
1,42,60,26.98637580871582,27.693199157714844,2.5356578826904297,0.550000011920929,0.0,19,6,5,10,293
1,42,61,26.99877166748047,27.803836822509766,2.387082815170288,0.550000011920929,0.0,19,6,5,10,300
1,42,62,27.068456649780273,27.689590454101562,2.5301513671875,0.5,0.0,19,6,5,10,306
1,42,63,27.080883026123047,27.80036735534668,2.3813130855560303,0.5,0.0,20,6,5,9,311
1,42,64,27.080883026123047,27.80036735534668,2.3813130855560303,0.5,0.0,20,6,5,9,314
1,42,65,27.080883026123047,27.80036735534668,2.3813130855560303,0.5,0.0,21,6,5,8,318
1,42,66,27.080883026123047,27.80036735534668,2.3813130855560303,0.5,0.0,22,6,5,7,325
1,42,67,27.151201248168945,27.686019897460938,2.524624824523926,0.44999998807907104,0.0,22,6,5,7,332
1,42,68,27.163658142089844,27.796884536743164,2.3755886554718018,0.44999998807907104,0.0,23,6,5,6,338
1,42,69,27.163658142089844,27.796884536743164,2.3755886554718018,0.44999998807907104,0.0,24,6,5,5,346
1,42,70,27.163658142089844,27.796884536743164,2.3755886554718018,0.44999998807907104,0.0,26,6,5,3,350
1,42,71,27.163658142089844,27.796884536743164,2.3755886554718018,0.44999998807907104,0.0,26,6,5,3,354
1,42,72,27.163658142089844,27.796884536743164,2.3755886554718018,0.44999998807907104,0.0,26,6,5,3,359
1,42,73,27.163658142089844,27.796884536743164,2.3755886554718018,0.44999998807907104,0.0,27,6,5,2,364
1,42,74,27.163658142089844,27.796884536743164,2.3755886554718018,0.44999998807907104,0.0,28,6,5,1,369
1,42,75,27.234466552734375,27.682491302490234,2.51908016204834,0.4000000059604645,0.0,28,6,5,1,375
1,42,76,27.24695587158203,27.79339599609375,2.36991286277771,0.4000000059604645,0.0,28,6,5,1,380
1,42,77,27.24695587158203,27.79339599609375,2.36991286277771,0.4000000059604645,0.0,28,6,5,1,384
1,42,78,27.24695587158203,27.79339599609375,2.36991286277771,0.4000000059604645,0.0,29,6,5,0,391
2,43,1,28.166776657104492,27.103271484375,3.44523024559021,0.05000000074505806,1.0,0,0,0,40,1
2,43,2,28.906494140625,27.82667350769043,2.434173822402954,0.05000000074505806,1.0,0,0,0,40,1
2,43,3,28.906494140625,27.82667350769043,2.434173822402954,0.05000000074505806,1.0,0,0,0,40,2
2,43,4,28.906494140625,27.82667350769043,2.434173822402954,0.05000000074505806,1.0,0,0,0,40,2
2,43,5,28.906494140625,27.82667350769043,2.434173822402954,0.05000000074505806,1.0,0,0,0,40,2
2,43,6,28.906494140625,27.82667350769043,2.434173822402954,0.05000000074505806,1.0,0,0,0,40,2
2,43,7,28.906494140625,27.82667350769043,2.434173822402954,0.05000000074505806,1.0,0,1,0,39,3
2,43,8,28.906494140625,27.82667350769043,2.434173822402954,0.05000000074505806,1.0,0,1,0,39,3
2,43,9,28.906494140625,27.82667350769043,2.434173822402954,0.05000000074505806,1.0,0,2,0,38,4
2,43,10,28.906494140625,27.82667350769043,2.434173822402954,0.05000000074505806,1.0,0,2,0,38,6
2,43,11,28.906494140625,27.82667350769043,2.434173822402954,0.05000000074505806,1.0,0,2,0,38,9
2,43,12,28.95634651184082,27.716646194458008,2.5713422298431396,0.0,1.0,0,3,0,37,9
2,43,13,28.978116989135742,27.8231258392334,2.4286580085754395,0.0,1.0,0,5,0,35,10
2,43,14,28.978116989135742,27.8231258392334,2.4286580085754395,0.0,1.0,0,6,0,34,10
2,43,15,28.978116989135742,27.8231258392334,2.4286580085754395,0.0,1.0,0,7,0,33,11
2,43,16,28.978116989135742,27.8231258392334,2.4286580085754395,0.0,1.0,0,7,0,33,12
2,43,17,28.978116989135742,27.8231258392334,2.4286580085754395,0.0,1.0,0,7,0,33,14
2,43,18,28.978116989135742,27.8231258392334,2.4286580085754395,0.0,1.0,0,8,2,30,16
2,43,19,28.978116989135742,27.8231258392334,2.4286580085754395,0.0,1.0,0,8,2,30,18
2,43,20,28.978116989135742,27.8231258392334,2.4286580085754395,0.0,1.0,0,8,2,30,22
2,43,21,28.978116989135742,27.8231258392334,2.4286580085754395,0.0,1.0,1,10,3,26,24
2,43,22,28.978116989135742,27.8231258392334,2.4286580085754395,0.0,1.0,1,10,4,25,26
2,43,23,28.978116989135742,27.8231258392334,2.4286580085754395,0.0,1.0,1,10,4,25,29
2,43,24,28.978116989135742,27.8231258392334,2.4286580085754395,0.0,1.0,1,11,5,23,34
2,43,25,28.978116989135742,27.8231258392334,2.4286580085754395,0.0,1.0,1,12,5,22,36
2,43,26,28.978116989135742,27.8231258392334,2.4286580085754395,0.0,1.0,1,13,5,21,42
2,43,27,28.978116989135742,27.8231258392334,2.4286580085754395,0.0,1.0,1,13,5,21,45
2,43,28,28.978116989135742,27.8231258392334,2.4286580085754395,0.0,1.0,1,13,5,21,49
2,43,29,28.978116989135742,27.8231258392334,2.4286580085754395,0.0,1.0,1,15,5,19,53
2,43,30,28.978116989135742,27.8231258392334,2.4286580085754395,0.0,1.0,1,15,5,19,56
2,43,31,28.978116989135742,27.8231258392334,2.4286580085754395,0.0,1.0,1,16,5,18,61
2,43,32,28.978116989135742,27.8231258392334,2.4286580085754395,0.0,1.0,1,17,5,17,62
2,43,33,28.978116989135742,27.8231258392334,2.4286580085754395,0.0,1.0,1,17,5,17,67
2,43,34,28.978116989135742,27.8231258392334,2.4286580085754395,0.0,1.0,1,17,5,17,69
2,43,35,28.978116989135742,27.8231258392334,2.4286580085754395,0.0,1.0,1,18,5,16,72
2,43,36,28.978116989135742,27.8231258392334,2.4286580085754395,0.0,1.0,1,18,5,16,78
2,43,37,28.978116989135742,27.8231258392334,2.4286580085754395,0.0,1.0,1,18,5,16,83
2,43,38,28.978116989135742,27.8231258392334,2.4286580085754395,0.0,1.0,1,19,5,15,86
2,43,39,28.978116989135742,27.8231258392334,2.4286580085754395,0.0,1.0,1,19,5,15,88
2,43,40,28.978116989135742,27.8231258392334,2.4286580085754395,0.0,1.0,1,19,5,15,91
2,43,41,28.978116989135742,27.8231258392334,2.4286580085754395,0.0,1.0,1,20,5,14,93
2,43,42,28.978116989135742,27.8231258392334,2.4286580085754395,0.0,1.0,1,22,5,12,94
2,43,43,28.978116989135742,27.8231258392334,2.4286580085754395,0.0,1.0,1,22,5,12,98
2,43,44,28.978116989135742,27.8231258392334,2.4286580085754395,0.0,1.0,1,23,5,11,100
2,43,45,28.978116989135742,27.8231258392334,2.4286580085754395,0.0,1.0,1,23,5,11,102
2,43,46,28.978116989135742,27.8231258392334,2.4286580085754395,0.0,1.0,1,25,5,9,106
2,43,47,28.978116989135742,27.8231258392334,2.4286580085754395,0.0,1.0,1,26,5,8,110
2,43,48,28.978116989135742,27.8231258392334,2.4286580085754395,0.0,1.0,1,28,5,6,111
2,43,49,28.978116989135742,27.8231258392334,2.4286580085754395,0.0,1.0,1,28,5,6,114
2,43,50,28.78670310974121,27.85011863708496,2.468353509902954,0.0,0.949999988079071,1,28,5,6,116
2,43,51,28.739660263061523,27.847503662109375,2.4639103412628174,0.0,0.8999999761581421,1,28,5,6,118
2,43,52,28.886016845703125,27.81742286682129,2.4194657802581787,0.0,0.8999999761581421,1,28,5,6,118
2,43,53,28.886016845703125,27.81742286682129,2.4194657802581787,0.0,0.8999999761581421,1,28,5,6,120
2,43,54,28.886016845703125,27.81742286682129,2.4194657802581787,0.0,0.8999999761581421,1,28,5,6,121
2,43,55,28.886016845703125,27.81742286682129,2.4194657802581787,0.0,0.8999999761581421,1,29,5,5,123
2,43,56,28.886016845703125,27.81742286682129,2.4194657802581787,0.0,0.8999999761581421,1,29,5,5,125
2,43,57,28.886016845703125,27.81742286682129,2.4194657802581787,0.0,0.8999999761581421,1,29,5,5,129
2,43,58,28.886016845703125,27.81742286682129,2.4194657802581787,0.0,0.8999999761581421,1,29,5,5,132
2,43,59,28.691627502441406,27.84486961364746,2.459322929382324,0.0,0.8500000238418579,1,29,5,5,136
2,43,60,28.64263153076172,27.842212677001953,2.454598903656006,0.0,0.800000011920929,1,29,5,5,137
2,43,61,28.789737701416016,27.811689376831055,2.409769058227539,0.0,0.800000011920929,1,29,5,5,144
2,43,62,28.592710494995117,27.83953285217285,2.449747085571289,0.0,0.75,1,29,5,5,148
2,43,63,28.74009895324707,27.80881690979004,2.404754877090454,0.0,0.75,1,30,5,4,153
2,43,64,28.541898727416992,27.836833953857422,2.4447779655456543,0.0,0.699999988079071,1,31,5,3,159
2,43,65,28.689512252807617,27.805940628051758,2.3996448516845703,0.0,0.699999988079071,1,31,5,3,162
2,43,66,28.689512252807617,27.805940628051758,2.3996448516845703,0.0,0.699999988079071,1,32,5,2,165
2,43,67,28.689512252807617,27.805940628051758,2.3996448516845703,0.0,0.699999988079071,1,32,5,2,173
2,43,68,28.490245819091797,27.83411407470703,2.4397029876708984,0.0,0.6499999761581421,1,32,5,2,181
2,43,69,28.638017654418945,27.803062438964844,2.394451856613159,0.0,0.6499999761581421,1,32,5,2,188
2,43,70,28.43779754638672,27.831375122070312,2.434535264968872,0.0,0.6000000238418579,1,32,5,2,195
2,43,71,28.585664749145508,27.80018424987793,2.3891892433166504,0.0,0.6000000238418579,1,32,5,2,198
2,43,72,28.585664749145508,27.80018424987793,2.3891892433166504,0.0,0.6000000238418579,1,32,5,2,204
2,43,73,28.384611129760742,27.82861328125,2.429287910461426,0.0,0.550000011920929,1,32,5,2,211
2,43,74,28.330745697021484,27.825834274291992,2.423976421356201,0.0,0.5,1,32,6,1,216
2,43,75,28.276264190673828,27.823036193847656,2.4186158180236816,0.0,0.44999998807907104,1,32,6,1,220
2,43,76,28.424020767211914,27.79155921936035,2.373138189315796,0.0,0.44999998807907104,1,32,6,1,223
2,43,77,28.424020767211914,27.79155921936035,2.373138189315796,0.0,0.44999998807907104,1,32,6,1,226
2,43,78,28.424020767211914,27.79155921936035,2.373138189315796,0.0,0.44999998807907104,1,33,6,0,235
3,44,1,28.166776657104492,27.103271484375,3.44523024559021,0.05000000074505806,1.0,0,0,0,40,2
3,44,2,28.906494140625,27.82667350769043,2.434173822402954,0.05000000074505806,1.0,0,0,0,40,3
3,44,3,28.906494140625,27.82667350769043,2.434173822402954,0.05000000074505806,1.0,1,0,0,39,5
3,44,4,28.95634651184082,27.716646194458008,2.5713422298431396,0.0,1.0,1,0,0,39,5
3,44,5,28.978116989135742,27.8231258392334,2.4286580085754395,0.0,1.0,1,0,0,39,7
3,44,6,28.978116989135742,27.8231258392334,2.4286580085754395,0.0,1.0,1,1,0,38,8
3,44,7,28.978116989135742,27.8231258392334,2.4286580085754395,0.0,1.0,1,1,0,38,9
3,44,8,28.978116989135742,27.8231258392334,2.4286580085754395,0.0,1.0,1,2,0,37,12
3,44,9,28.978116989135742,27.8231258392334,2.4286580085754395,0.0,1.0,2,4,0,34,15
3,44,10,28.978116989135742,27.8231258392334,2.4286580085754395,0.0,1.0,3,4,0,33,19
3,44,11,28.978116989135742,27.8231258392334,2.4286580085754395,0.0,1.0,3,4,0,33,22
3,44,12,28.978116989135742,27.8231258392334,2.4286580085754395,0.0,1.0,3,4,0,33,23
3,44,13,28.978116989135742,27.8231258392334,2.4286580085754395,0.0,1.0,3,4,0,33,27
3,44,14,28.978116989135742,27.8231258392334,2.4286580085754395,0.0,1.0,3,4,1,32,28
3,44,15,28.978116989135742,27.8231258392334,2.4286580085754395,0.0,1.0,3,5,1,31,31
3,44,16,28.978116989135742,27.8231258392334,2.4286580085754395,0.0,1.0,3,5,1,31,34
3,44,17,28.978116989135742,27.8231258392334,2.4286580085754395,0.0,1.0,4,5,1,30,36
3,44,18,28.978116989135742,27.8231258392334,2.4286580085754395,0.0,1.0,4,7,1,28,41
3,44,19,28.978116989135742,27.8231258392334,2.4286580085754395,0.0,1.0,4,8,2,26,45
3,44,20,28.978116989135742,27.8231258392334,2.4286580085754395,0.0,1.0,4,9,2,25,49
3,44,21,28.978116989135742,27.8231258392334,2.4286580085754395,0.0,1.0,4,9,3,24,52
3,44,22,28.978116989135742,27.8231258392334,2.4286580085754395,0.0,1.0,4,9,3,24,57
3,44,23,28.978116989135742,27.8231258392334,2.4286580085754395,0.0,1.0,4,9,3,24,65
3,44,24,28.78670310974121,27.85011863708496,2.468353509902954,0.0,0.949999988079071,4,10,3,23,72
3,44,25,28.932601928710938,27.82027816772461,2.424129009246826,0.0,0.949999988079071,4,10,3,23,75
3,44,26,28.739660263061523,27.847503662109375,2.4639103412628174,0.0,0.8999999761581421,4,10,3,23,79
3,44,27,28.691627502441406,27.84486961364746,2.459322929382324,0.0,0.8500000238418579,4,10,3,23,85
3,44,28,28.64263153076172,27.842212677001953,2.454598903656006,0.0,0.800000011920929,4,13,3,20,90
3,44,29,28.592710494995117,27.83953285217285,2.449747085571289,0.0,0.75,4,14,3,19,99
3,44,30,28.74009895324707,27.80881690979004,2.404754877090454,0.0,0.75,4,14,3,19,101
3,44,31,28.74009895324707,27.80881690979004,2.404754877090454,0.0,0.75,4,15,3,18,107
3,44,32,28.74009895324707,27.80881690979004,2.404754877090454,0.0,0.75,4,16,3,17,111
3,44,33,28.74009895324707,27.80881690979004,2.404754877090454,0.0,0.75,4,16,3,17,117
3,44,34,28.541898727416992,27.836833953857422,2.4447779655456543,0.0,0.699999988079071,4,18,3,15,125
3,44,35,28.490245819091797,27.83411407470703,2.4397029876708984,0.0,0.6499999761581421,4,18,3,15,131
3,44,36,28.638017654418945,27.803062438964844,2.394451856613159,0.0,0.6499999761581421,4,19,3,14,134
3,44,37,28.43779754638672,27.831375122070312,2.434535264968872,0.0,0.6000000238418579,4,19,3,14,140
3,44,38,28.585664749145508,27.80018424987793,2.3891892433166504,0.0,0.6000000238418579,4,19,3,14,147
3,44,39,28.384611129760742,27.82861328125,2.429287910461426,0.0,0.550000011920929,4,20,3,13,151
3,44,40,28.330745697021484,27.825834274291992,2.423976421356201,0.0,0.5,4,20,3,13,156
3,44,41,28.478605270385742,27.794431686401367,2.378516674041748,0.0,0.5,4,20,3,13,162
3,44,42,28.478605270385742,27.794431686401367,2.378516674041748,0.0,0.5,4,21,3,12,168
3,44,43,28.478605270385742,27.794431686401367,2.378516674041748,0.0,0.5,4,21,3,12,174
3,44,44,28.478605270385742,27.794431686401367,2.378516674041748,0.0,0.5,4,21,3,12,177
3,44,45,28.478605270385742,27.794431686401367,2.378516674041748,0.0,0.5,4,22,3,11,183
3,44,46,28.478605270385742,27.794431686401367,2.378516674041748,0.0,0.5,4,22,3,11,191
3,44,47,28.478605270385742,27.794431686401367,2.378516674041748,0.0,0.5,4,22,3,11,198
3,44,48,28.276264190673828,27.823036193847656,2.4186158180236816,0.0,0.44999998807907104,4,23,3,10,203
3,44,49,28.424020767211914,27.79155921936035,2.373138189315796,0.0,0.44999998807907104,4,24,3,9,207
3,44,50,28.221233367919922,27.820219039916992,2.4132227897644043,0.0,0.4000000059604645,4,25,3,8,209
3,44,51,28.368824005126953,27.7886905670166,2.3677542209625244,0.0,0.4000000059604645,4,26,3,7,213
3,44,52,28.368824005126953,27.7886905670166,2.3677542209625244,0.0,0.4000000059604645,4,26,3,7,218
3,44,53,28.368824005126953,27.7886905670166,2.3677542209625244,0.0,0.4000000059604645,4,26,3,7,224
3,44,54,28.368824005126953,27.7886905670166,2.3677542209625244,0.0,0.4000000059604645,4,27,3,6,229
3,44,55,28.368824005126953,27.7886905670166,2.3677542209625244,0.0,0.4000000059604645,4,27,3,6,232
3,44,56,28.368824005126953,27.7886905670166,2.3677542209625244,0.0,0.4000000059604645,4,27,3,6,235
3,44,57,28.368824005126953,27.7886905670166,2.3677542209625244,0.0,0.4000000059604645,4,27,3,6,238
3,44,58,28.368824005126953,27.7886905670166,2.3677542209625244,0.0,0.4000000059604645,4,27,3,6,241
3,44,59,28.368824005126953,27.7886905670166,2.3677542209625244,0.0,0.4000000059604645,4,27,3,6,245
3,44,60,28.368824005126953,27.7886905670166,2.3677542209625244,0.0,0.4000000059604645,4,27,3,6,250
3,44,61,28.165727615356445,27.8173828125,2.4078140258789062,0.0,0.3499999940395355,4,28,3,5,252
3,44,62,28.313085556030273,27.785829544067383,2.3623814582824707,0.0,0.3499999940395355,4,28,3,5,259
3,44,63,28.109819412231445,27.814531326293945,2.4024062156677246,0.0,0.30000001192092896,4,28,3,5,264
3,44,64,28.256881713867188,27.78297233581543,2.3570375442504883,0.0,0.30000001192092896,4,28,3,5,270
3,44,65,28.053585052490234,27.811662673950195,2.397017002105713,0.0,0.25,4,28,3,5,271
3,44,66,28.20029067993164,27.780122756958008,2.3517396450042725,0.0,0.25,4,28,3,5,276
3,44,67,27.997106552124023,27.808778762817383,2.3916635513305664,0.0,0.20000000298023224,4,28,3,5,280
3,44,68,28.14339256286621,27.777280807495117,2.3465049266815186,0.0,0.20000000298023224,4,28,3,5,281
3,44,69,28.14339256286621,27.777280807495117,2.3465049266815186,0.0,0.20000000298023224,4,28,3,5,283
3,44,70,28.14339256286621,27.777280807495117,2.3465049266815186,0.0,0.20000000298023224,4,28,3,5,291
3,44,71,27.940460205078125,27.80588150024414,2.3863627910614014,0.0,0.15000000596046448,4,28,3,5,299
3,44,72,27.883729934692383,27.80297088623047,2.3811309337615967,0.0,0.10000000149011612,4,28,3,5,304
3,44,73,28.029006958007812,27.77162742614746,2.336289644241333,0.0,0.10000000149011612,4,29,3,4,310
3,44,74,28.029006958007812,27.77162742614746,2.336289644241333,0.0,0.10000000149011612,4,29,3,4,317
3,44,75,27.826995849609375,27.800048828125,2.375983953475952,0.0,0.05000000074505806,4,29,3,4,323
3,44,76,27.9716854095459,27.768814086914062,2.3313403129577637,0.0,0.05000000074505806,4,29,3,4,329
3,44,77,27.770336151123047,27.797117233276367,2.3709373474121094,0.0,0.0,4,29,3,4,332
3,44,78,27.91438865661621,27.766014099121094,2.3265156745910645,0.0,0.0,4,29,4,3,340
3,44,79,27.91438865661621,27.766014099121094,2.3265156745910645,0.0,0.0,4,29,4,3,343
3,44,80,27.91438865661621,27.766014099121094,2.3265156745910645,0.0,0.0,4,29,4,3,352
3,44,81,27.91438865661621,27.766014099121094,2.3265156745910645,0.0,0.0,4,29,5,2,359
3,44,82,27.91438865661621,27.766014099121094,2.3265156745910645,0.0,0.0,4,29,5,2,368
3,44,83,27.91438865661621,27.766014099121094,2.3265156745910645,0.0,0.0,4,29,5,2,375
3,44,84,27.91438865661621,27.766014099121094,2.3265156745910645,0.0,0.0,4,29,5,2,380
3,44,85,27.91438865661621,27.766014099121094,2.3265156745910645,0.0,0.0,4,29,5,2,385
3,44,86,27.91438865661621,27.766014099121094,2.3265156745910645,0.0,0.0,4,29,5,2,397
3,44,87,27.91438865661621,27.766014099121094,2.3265156745910645,0.0,0.0,4,29,5,2,403
3,44,88,27.91438865661621,27.766014099121094,2.3265156745910645,0.0,0.0,4,29,5,2,411
3,44,89,27.91438865661621,27.766014099121094,2.3265156745910645,0.0,0.0,4,29,5,2,419
3,44,90,27.91438865661621,27.766014099121094,2.3265156745910645,0.0,0.0,4,29,5,2,425
3,44,91,27.91438865661621,27.766014099121094,2.3265156745910645,0.0,0.0,4,29,5,2,432
3,44,92,27.91438865661621,27.766014099121094,2.3265156745910645,0.0,0.0,4,29,5,2,442
3,44,93,27.91438865661621,27.766014099121094,2.3265156745910645,0.0,0.0,4,29,5,2,449
3,44,94,27.91438865661621,27.766014099121094,2.3265156745910645,0.0,0.0,4,29,5,2,461
3,44,95,27.91438865661621,27.766014099121094,2.3265156745910645,0.0,0.0,4,29,5,2,471
3,44,96,27.91438865661621,27.766014099121094,2.3265156745910645,0.0,0.0,4,29,5,2,478
3,44,97,27.91438865661621,27.766014099121094,2.3265156745910645,0.0,0.0,4,29,6,1,484
3,44,98,27.91438865661621,27.766014099121094,2.3265156745910645,0.0,0.0,4,29,6,1,498
3,44,99,27.91438865661621,27.766014099121094,2.3265156745910645,0.0,0.0,4,29,6,1,509
3,44,100,27.91438865661621,27.766014099121094,2.3265156745910645,0.0,0.0,4,29,6,1,520
3,44,101,27.91438865661621,27.766014099121094,2.3265156745910645,0.0,0.0,4,29,6,1,530
3,44,102,27.91438865661621,27.766014099121094,2.3265156745910645,0.0,0.0,4,29,6,1,539
3,44,103,27.91438865661621,27.766014099121094,2.3265156745910645,0.0,0.0,4,29,7,0,549
4,45,1,27.099184036254883,27.44091796875,3.587897777557373,0.10000000149011612,0.10000000149011612,0,0,0,40,3
4,45,2,27.661760330200195,27.806907653808594,2.3868324756622314,0.10000000149011612,0.05000000074505806,0,0,0,40,4
4,45,3,27.806779861450195,27.775537490844727,2.34184193611145,0.10000000149011612,0.05000000074505806,0,0,0,40,6
4,45,4,27.605085372924805,27.80392074584961,2.381788969039917,0.10000000149011612,0.0,0,0,0,40,7
4,45,5,27.749427795410156,27.772687911987305,2.3370087146759033,0.10000000149011612,0.0,1,0,0,39,9
4,45,6,27.819488525390625,27.659547805786133,2.4799129962921143,0.05000000074505806,0.0,1,0,1,38,13
4,45,7,27.832233428955078,27.769329071044922,2.3317315578460693,0.05000000074505806,0.0,1,0,1,38,15
4,45,8,27.832233428955078,27.769329071044922,2.3317315578460693,0.05000000074505806,0.0,1,0,1,38,16
4,45,9,27.901596069335938,27.656583786010742,2.474292755126953,0.0,0.0,1,0,1,38,18
4,45,10,27.91438865661621,27.766014099121094,2.3265156745910645,0.0,0.0,1,0,1,38,22
4,45,11,27.91438865661621,27.766014099121094,2.3265156745910645,0.0,0.0,1,0,1,38,25
4,45,12,27.91438865661621,27.766014099121094,2.3265156745910645,0.0,0.0,1,0,2,37,30
4,45,13,27.91438865661621,27.766014099121094,2.3265156745910645,0.0,0.0,1,0,3,36,35
4,45,14,27.91438865661621,27.766014099121094,2.3265156745910645,0.0,0.0,2,0,4,34,40
4,45,15,27.91438865661621,27.766014099121094,2.3265156745910645,0.0,0.0,2,0,5,33,44
4,45,16,27.91438865661621,27.766014099121094,2.3265156745910645,0.0,0.0,2,0,6,32,51
4,45,17,27.91438865661621,27.766014099121094,2.3265156745910645,0.0,0.0,2,0,6,32,56
4,45,18,27.91438865661621,27.766014099121094,2.3265156745910645,0.0,0.0,2,0,6,32,63
4,45,19,27.91438865661621,27.766014099121094,2.3265156745910645,0.0,0.0,2,0,7,31,70
4,45,20,27.91438865661621,27.766014099121094,2.3265156745910645,0.0,0.0,2,0,7,31,76
4,45,21,27.91438865661621,27.766014099121094,2.3265156745910645,0.0,0.0,2,0,7,31,84
4,45,22,27.91438865661621,27.766014099121094,2.3265156745910645,0.0,0.0,2,0,8,30,89
4,45,23,27.91438865661621,27.766014099121094,2.3265156745910645,0.0,0.0,2,0,8,30,94
4,45,24,27.91438865661621,27.766014099121094,2.3265156745910645,0.0,0.0,2,0,10,28,100
4,45,25,27.91438865661621,27.766014099121094,2.3265156745910645,0.0,0.0,2,0,12,26,109
4,45,26,27.91438865661621,27.766014099121094,2.3265156745910645,0.0,0.0,2,0,14,24,118
4,45,27,27.91438865661621,27.766014099121094,2.3265156745910645,0.0,0.0,2,0,17,21,127
4,45,28,27.91438865661621,27.766014099121094,2.3265156745910645,0.0,0.0,2,0,17,21,133
4,45,29,27.91438865661621,27.766014099121094,2.3265156745910645,0.0,0.0,2,0,18,20,144
4,45,30,27.91438865661621,27.766014099121094,2.3265156745910645,0.0,0.0,2,0,18,20,151
4,45,31,27.91438865661621,27.766014099121094,2.3265156745910645,0.0,0.0,2,0,18,20,160
4,45,32,27.91438865661621,27.766014099121094,2.3265156745910645,0.0,0.0,2,0,19,19,165
4,45,33,27.91438865661621,27.766014099121094,2.3265156745910645,0.0,0.0,2,0,20,18,173
4,45,34,27.91438865661621,27.766014099121094,2.3265156745910645,0.0,0.0,2,0,25,13,187
4,45,35,27.91438865661621,27.766014099121094,2.3265156745910645,0.0,0.0,2,0,25,13,196
4,45,36,27.91438865661621,27.766014099121094,2.3265156745910645,0.0,0.0,2,0,28,10,208
4,45,37,27.91438865661621,27.766014099121094,2.3265156745910645,0.0,0.0,2,0,28,10,216
4,45,38,27.91438865661621,27.766014099121094,2.3265156745910645,0.0,0.0,2,0,28,10,223
4,45,39,27.91438865661621,27.766014099121094,2.3265156745910645,0.0,0.0,2,0,28,10,233
4,45,40,27.91438865661621,27.766014099121094,2.3265156745910645,0.0,0.0,2,0,29,9,242
4,45,41,27.91438865661621,27.766014099121094,2.3265156745910645,0.0,0.0,2,0,30,8,251
4,45,42,27.91438865661621,27.766014099121094,2.3265156745910645,0.0,0.0,2,0,30,8,254
4,45,43,27.91438865661621,27.766014099121094,2.3265156745910645,0.0,0.0,2,0,30,8,262
4,45,44,27.91438865661621,27.766014099121094,2.3265156745910645,0.0,0.0,2,0,32,6,272
4,45,45,27.91438865661621,27.766014099121094,2.3265156745910645,0.0,0.0,2,0,32,6,281
4,45,46,27.91438865661621,27.766014099121094,2.3265156745910645,0.0,0.0,2,0,33,5,291
4,45,47,27.91438865661621,27.766014099121094,2.3265156745910645,0.0,0.0,2,0,33,5,302
4,45,48,27.91438865661621,27.766014099121094,2.3265156745910645,0.0,0.0,2,0,36,2,311
4,45,49,27.91438865661621,27.766014099121094,2.3265156745910645,0.0,0.0,2,0,36,2,316
4,45,50,27.91438865661621,27.766014099121094,2.3265156745910645,0.0,0.0,2,0,36,2,330
4,45,51,27.91438865661621,27.766014099121094,2.3265156745910645,0.0,0.0,2,0,37,1,341
4,45,52,27.91438865661621,27.766014099121094,2.3265156745910645,0.0,0.0,2,0,37,1,349
4,45,53,27.91438865661621,27.766014099121094,2.3265156745910645,0.0,0.0,2,0,37,1,359
4,45,54,27.91438865661621,27.766014099121094,2.3265156745910645,0.0,0.0,2,0,37,1,369
4,45,55,27.91438865661621,27.766014099121094,2.3265156745910645,0.0,0.0,2,0,37,1,380
4,45,56,27.91438865661621,27.766014099121094,2.3265156745910645,0.0,0.0,2,0,37,1,390
4,45,57,27.91438865661621,27.766014099121094,2.3265156745910645,0.0,0.0,2,0,37,1,406
4,45,58,27.91438865661621,27.766014099121094,2.3265156745910645,0.0,0.0,2,0,37,1,420
4,45,59,27.91438865661621,27.766014099121094,2.3265156745910645,0.0,0.0,2,0,37,1,429
4,45,60,27.91438865661621,27.766014099121094,2.3265156745910645,0.0,0.0,2,0,38,0,439
5,46,1,25.99367904663086,28.059123992919922,2.8330936431884766,1.0,0.20000000298023224,0,0,1,39,2
5,46,2,26.508018493652344,27.84542465209961,2.459488868713379,1.0,0.20000000298023224,1,1,1,37,3
5,46,3,26.508018493652344,27.84542465209961,2.459488868713379,1.0,0.20000000298023224,1,2,1,36,3
5,46,4,26.508018493652344,27.84542465209961,2.459488868713379,1.0,0.20000000298023224,1,3,1,35,5
5,46,5,26.322858810424805,27.87225341796875,2.4992809295654297,1.0,0.15000000596046448,1,3,1,35,5
5,46,6,26.45689582824707,27.842493057250977,2.454549789428711,1.0,0.15000000596046448,1,3,1,35,6
5,46,7,26.45689582824707,27.842493057250977,2.454549789428711,1.0,0.15000000596046448,1,3,1,35,6
5,46,8,26.45689582824707,27.842493057250977,2.454549789428711,1.0,0.15000000596046448,2,3,2,33,9
5,46,9,26.27320098876953,27.86920166015625,2.4944097995758057,1.0,0.10000000149011612,2,3,2,33,10
5,46,10,26.406646728515625,27.839540481567383,2.4497125148773193,1.0,0.10000000149011612,3,3,2,32,12
5,46,11,26.406646728515625,27.839540481567383,2.4497125148773193,1.0,0.10000000149011612,3,3,2,32,13
5,46,12,26.406646728515625,27.839540481567383,2.4497125148773193,1.0,0.10000000149011612,3,4,2,31,17
5,46,13,26.224485397338867,27.866111755371094,2.4896271228790283,1.0,0.05000000074505806,3,4,2,31,21
5,46,14,26.35731315612793,27.83656883239746,2.4449892044067383,1.0,0.05000000074505806,3,4,2,31,27
5,46,15,26.176746368408203,27.86298942565918,2.4849443435668945,1.0,0.0,5,5,2,28,31
5,46,16,26.30893325805664,27.83357810974121,2.4403908252716064,1.0,0.0,5,5,2,28,35
5,46,17,26.30893325805664,27.83357810974121,2.4403908252716064,1.0,0.0,6,5,2,27,44
5,46,18,26.367881774902344,27.72254753112793,2.578826904296875,0.949999988079071,0.0,6,5,2,27,50
5,46,19,26.380081176757812,27.830467224121094,2.4343979358673096,0.949999988079071,0.0,6,5,2,27,53
5,46,20,26.380081176757812,27.830467224121094,2.4343979358673096,0.949999988079071,0.0,7,5,3,25,59
5,46,21,26.380081176757812,27.830467224121094,2.4343979358673096,0.949999988079071,0.0,8,5,4,23,61
5,46,22,26.380081176757812,27.830467224121094,2.4343979358673096,0.949999988079071,0.0,9,5,4,22,67
5,46,23,26.380081176757812,27.830467224121094,2.4343979358673096,0.949999988079071,0.0,9,5,6,20,73
5,46,24,26.440563201904297,27.718896865844727,2.5735297203063965,0.8999999761581421,0.0,10,5,7,18,79
5,46,25,26.452775955200195,27.827295303344727,2.4284114837646484,0.8999999761581421,0.0,10,5,9,16,86
5,46,26,26.514728546142578,27.715227127075195,2.5682015419006348,0.8500000238418579,0.0,10,5,9,16,94
5,46,27,26.590312957763672,27.711545944213867,2.5628437995910645,0.800000011920929,0.0,10,5,10,15,99
5,46,28,26.60256576538086,27.8207950592041,2.416477680206299,0.800000011920929,0.0,10,5,10,15,105
5,46,29,26.667234420776367,27.707860946655273,2.557457685470581,0.75,0.0,10,5,11,14,113
5,46,30,26.679513931274414,27.817474365234375,2.4105396270751953,0.75,0.0,10,5,12,13,118
5,46,31,26.679513931274414,27.817474365234375,2.4105396270751953,0.75,0.0,10,5,12,13,124
5,46,32,26.679513931274414,27.817474365234375,2.4105396270751953,0.75,0.0,11,5,12,12,130
5,46,33,26.679513931274414,27.817474365234375,2.4105396270751953,0.75,0.0,12,5,12,11,132
5,46,34,26.679513931274414,27.817474365234375,2.4105396270751953,0.75,0.0,13,5,12,10,136
5,46,35,26.679513931274414,27.817474365234375,2.4105396270751953,0.75,0.0,13,5,12,10,142
5,46,36,26.679513931274414,27.817474365234375,2.4105396270751953,0.75,0.0,14,5,12,9,144
5,46,37,26.679513931274414,27.817474365234375,2.4105396270751953,0.75,0.0,14,5,12,9,148
5,46,38,26.745407104492188,27.704174041748047,2.552044630050659,0.699999988079071,0.0,15,5,12,8,152
5,46,39,26.82472801208496,27.700498580932617,2.5466060638427734,0.6499999761581421,0.0,15,5,12,8,158
5,46,40,26.83706283569336,27.810714721679688,2.3987433910369873,0.6499999761581421,0.0,15,5,12,8,164
5,46,41,26.90509033203125,27.69683837890625,2.5411434173583984,0.6000000238418579,0.0,15,5,12,8,168
5,46,42,26.917455673217773,27.807287216186523,2.3928940296173096,0.6000000238418579,0.0,15,5,12,8,175
5,46,43,26.917455673217773,27.807287216186523,2.3928940296173096,0.6000000238418579,0.0,15,5,12,8,181
5,46,44,26.917455673217773,27.807287216186523,2.3928940296173096,0.6000000238418579,0.0,15,5,12,8,189
5,46,45,26.917455673217773,27.807287216186523,2.3928940296173096,0.6000000238418579,0.0,15,5,12,8,198
5,46,46,26.98637580871582,27.693199157714844,2.5356578826904297,0.550000011920929,0.0,15,5,12,8,206
5,46,47,26.99877166748047,27.803836822509766,2.387082815170288,0.550000011920929,0.0,15,5,12,8,213
5,46,48,27.068456649780273,27.689590454101562,2.5301513671875,0.5,0.0,16,5,12,7,222
5,46,49,27.080883026123047,27.80036735534668,2.3813130855560303,0.5,0.0,17,5,12,6,230
5,46,50,27.080883026123047,27.80036735534668,2.3813130855560303,0.5,0.0,17,5,12,6,239
5,46,51,27.080883026123047,27.80036735534668,2.3813130855560303,0.5,0.0,17,5,12,6,245
5,46,52,27.080883026123047,27.80036735534668,2.3813130855560303,0.5,0.0,19,5,12,4,254
5,46,53,27.080883026123047,27.80036735534668,2.3813130855560303,0.5,0.0,19,5,12,4,267
5,46,54,27.151201248168945,27.686019897460938,2.524624824523926,0.44999998807907104,0.0,20,5,12,3,279
5,46,55,27.163658142089844,27.796884536743164,2.3755886554718018,0.44999998807907104,0.0,20,5,12,3,289
5,46,56,27.163658142089844,27.796884536743164,2.3755886554718018,0.44999998807907104,0.0,21,5,12,2,299
5,46,57,27.163658142089844,27.796884536743164,2.3755886554718018,0.44999998807907104,0.0,21,5,12,2,312
5,46,58,27.163658142089844,27.796884536743164,2.3755886554718018,0.44999998807907104,0.0,21,5,12,2,324
5,46,59,27.163658142089844,27.796884536743164,2.3755886554718018,0.44999998807907104,0.0,21,5,12,2,335
5,46,60,27.234466552734375,27.682491302490234,2.51908016204834,0.4000000059604645,0.0,21,5,12,2,344
5,46,61,27.24695587158203,27.79339599609375,2.36991286277771,0.4000000059604645,0.0,21,5,12,2,353
5,46,62,27.24695587158203,27.79339599609375,2.36991286277771,0.4000000059604645,0.0,21,5,12,2,361
5,46,63,27.24695587158203,27.79339599609375,2.36991286277771,0.4000000059604645,0.0,22,5,12,1,370
5,46,64,27.24695587158203,27.79339599609375,2.36991286277771,0.4000000059604645,0.0,22,5,12,1,377
5,46,65,27.24695587158203,27.79339599609375,2.36991286277771,0.4000000059604645,0.0,22,5,12,1,391
5,46,66,27.24695587158203,27.79339599609375,2.36991286277771,0.4000000059604645,0.0,22,5,12,1,397
5,46,67,27.24695587158203,27.79339599609375,2.36991286277771,0.4000000059604645,0.0,22,5,12,1,409
5,46,68,27.24695587158203,27.79339599609375,2.36991286277771,0.4000000059604645,0.0,22,5,12,1,425
5,46,69,27.3181095123291,27.679014205932617,2.513518810272217,0.3499999940395355,0.0,22,5,12,1,433
5,46,70,27.330629348754883,27.789907455444336,2.364288091659546,0.3499999940395355,0.0,22,5,12,1,438
5,46,71,27.401979446411133,27.675594329833984,2.5079429149627686,0.30000001192092896,0.0,22,5,12,1,443
5,46,72,27.414533615112305,27.786426544189453,2.358717203140259,0.30000001192092896,0.0,22,5,12,1,453
5,46,73,27.48592758178711,27.672237396240234,2.502354145050049,0.25,0.0,22,5,12,1,462
5,46,74,27.49851417541504,27.782957077026367,2.3532023429870605,0.25,0.0,22,5,12,1,471
5,46,75,27.49851417541504,27.782957077026367,2.3532023429870605,0.25,0.0,22,5,12,1,482
5,46,76,27.569801330566406,27.668949127197266,2.4967546463012695,0.20000000298023224,0.0,23,5,12,0,488
6,47,1,27.0811824798584,27.439783096313477,3.586169719696045,0.10000000149011612,0.05000000074505806,0,0,0,40,3
6,47,2,27.605085372924805,27.80392074584961,2.381788969039917,0.10000000149011612,0.0,0,0,0,40,3
6,47,3,27.749427795410156,27.772687911987305,2.3370087146759033,0.10000000149011612,0.0,0,0,1,39,5
6,47,4,27.749427795410156,27.772687911987305,2.3370087146759033,0.10000000149011612,0.0,0,1,1,38,5
6,47,5,27.749427795410156,27.772687911987305,2.3370087146759033,0.10000000149011612,0.0,1,2,1,36,6
6,47,6,27.749427795410156,27.772687911987305,2.3370087146759033,0.10000000149011612,0.0,1,2,1,36,7
6,47,7,27.749427795410156,27.772687911987305,2.3370087146759033,0.10000000149011612,0.0,1,3,1,35,10
6,47,8,27.819488525390625,27.659547805786133,2.4799129962921143,0.05000000074505806,0.0,2,3,1,34,13
6,47,9,27.901596069335938,27.656583786010742,2.474292755126953,0.0,0.0,2,4,1,33,17
6,47,10,27.91438865661621,27.766014099121094,2.3265156745910645,0.0,0.0,3,4,1,32,25
6,47,11,27.91438865661621,27.766014099121094,2.3265156745910645,0.0,0.0,3,4,1,32,31
6,47,12,27.91438865661621,27.766014099121094,2.3265156745910645,0.0,0.0,3,4,1,32,34
6,47,13,27.91438865661621,27.766014099121094,2.3265156745910645,0.0,0.0,4,4,1,31,40
6,47,14,27.91438865661621,27.766014099121094,2.3265156745910645,0.0,0.0,4,4,1,31,48
6,47,15,27.91438865661621,27.766014099121094,2.3265156745910645,0.0,0.0,4,4,1,31,56
6,47,16,27.91438865661621,27.766014099121094,2.3265156745910645,0.0,0.0,4,4,1,31,68
6,47,17,27.91438865661621,27.766014099121094,2.3265156745910645,0.0,0.0,4,4,1,31,77
6,47,18,27.91438865661621,27.766014099121094,2.3265156745910645,0.0,0.0,4,4,2,30,83
6,47,19,27.91438865661621,27.766014099121094,2.3265156745910645,0.0,0.0,4,4,2,30,86
6,47,20,27.91438865661621,27.766014099121094,2.3265156745910645,0.0,0.0,4,4,3,29,103
6,47,21,27.91438865661621,27.766014099121094,2.3265156745910645,0.0,0.0,4,4,7,25,116
6,47,22,27.91438865661621,27.766014099121094,2.3265156745910645,0.0,0.0,4,4,10,22,124
6,47,23,27.91438865661621,27.766014099121094,2.3265156745910645,0.0,0.0,4,4,10,22,129
6,47,24,27.91438865661621,27.766014099121094,2.3265156745910645,0.0,0.0,4,4,10,22,140
6,47,25,27.91438865661621,27.766014099121094,2.3265156745910645,0.0,0.0,4,4,10,22,145
6,47,26,27.91438865661621,27.766014099121094,2.3265156745910645,0.0,0.0,4,4,13,19,154
6,47,27,27.91438865661621,27.766014099121094,2.3265156745910645,0.0,0.0,4,4,15,17,157
6,47,28,27.91438865661621,27.766014099121094,2.3265156745910645,0.0,0.0,4,4,17,15,170
6,47,29,27.91438865661621,27.766014099121094,2.3265156745910645,0.0,0.0,4,4,17,15,180
6,47,30,27.91438865661621,27.766014099121094,2.3265156745910645,0.0,0.0,4,4,17,15,185
6,47,31,27.91438865661621,27.766014099121094,2.3265156745910645,0.0,0.0,4,4,18,14,196
6,47,32,27.91438865661621,27.766014099121094,2.3265156745910645,0.0,0.0,4,4,18,14,204
6,47,33,27.91438865661621,27.766014099121094,2.3265156745910645,0.0,0.0,4,4,22,10,216
6,47,34,27.91438865661621,27.766014099121094,2.3265156745910645,0.0,0.0,4,4,25,7,229
6,47,35,27.91438865661621,27.766014099121094,2.3265156745910645,0.0,0.0,4,4,27,5,236
6,47,36,27.91438865661621,27.766014099121094,2.3265156745910645,0.0,0.0,4,4,27,5,244
6,47,37,27.91438865661621,27.766014099121094,2.3265156745910645,0.0,0.0,4,4,27,5,250
6,47,38,27.91438865661621,27.766014099121094,2.3265156745910645,0.0,0.0,4,4,27,5,258
6,47,39,27.91438865661621,27.766014099121094,2.3265156745910645,0.0,0.0,4,4,27,5,266
6,47,40,27.91438865661621,27.766014099121094,2.3265156745910645,0.0,0.0,4,4,28,4,276
6,47,41,27.91438865661621,27.766014099121094,2.3265156745910645,0.0,0.0,4,4,28,4,283
6,47,42,27.91438865661621,27.766014099121094,2.3265156745910645,0.0,0.0,4,4,28,4,295
6,47,43,27.91438865661621,27.766014099121094,2.3265156745910645,0.0,0.0,4,4,28,4,304
6,47,44,27.91438865661621,27.766014099121094,2.3265156745910645,0.0,0.0,4,4,28,4,311
6,47,45,27.91438865661621,27.766014099121094,2.3265156745910645,0.0,0.0,4,4,28,4,321
6,47,46,27.91438865661621,27.766014099121094,2.3265156745910645,0.0,0.0,4,4,29,3,330
6,47,47,27.91438865661621,27.766014099121094,2.3265156745910645,0.0,0.0,4,4,29,3,338
6,47,48,27.91438865661621,27.766014099121094,2.3265156745910645,0.0,0.0,4,4,29,3,346
6,47,49,27.91438865661621,27.766014099121094,2.3265156745910645,0.0,0.0,4,4,29,3,355
6,47,50,27.91438865661621,27.766014099121094,2.3265156745910645,0.0,0.0,4,4,29,3,361
6,47,51,27.91438865661621,27.766014099121094,2.3265156745910645,0.0,0.0,4,4,30,2,371
6,47,52,27.91438865661621,27.766014099121094,2.3265156745910645,0.0,0.0,4,4,32,0,381
7,48,1,27.070358276367188,27.442310333251953,3.5899152755737305,0.15000000596046448,0.10000000149011612,0,0,0,40,2
7,48,2,27.780885696411133,27.781835556030273,2.3521454334259033,0.15000000596046448,0.10000000149011612,1,0,0,39,4
7,48,3,27.650617599487305,27.69718360900879,2.535079002380371,0.10000000149011612,0.05000000074505806,1,0,0,39,5
7,48,4,27.806779861450195,27.775537490844727,2.34184193611145,0.10000000149011612,0.05000000074505806,1,0,0,39,7
7,48,5,27.605085372924805,27.80392074584961,2.381788969039917,0.10000000149011612,0.0,2,0,0,38,9
7,48,6,27.749427795410156,27.772687911987305,2.3370087146759033,0.10000000149011612,0.0,3,0,0,37,10
7,48,7,27.749427795410156,27.772687911987305,2.3370087146759033,0.10000000149011612,0.0,3,0,0,37,14
7,48,8,27.749427795410156,27.772687911987305,2.3370087146759033,0.10000000149011612,0.0,3,0,0,37,15
7,48,9,27.749427795410156,27.772687911987305,2.3370087146759033,0.10000000149011612,0.0,4,0,0,36,18
7,48,10,27.819488525390625,27.659547805786133,2.4799129962921143,0.05000000074505806,0.0,4,0,0,36,19
7,48,11,27.832233428955078,27.769329071044922,2.3317315578460693,0.05000000074505806,0.0,4,0,1,35,23
7,48,12,27.832233428955078,27.769329071044922,2.3317315578460693,0.05000000074505806,0.0,4,0,1,35,27
7,48,13,27.832233428955078,27.769329071044922,2.3317315578460693,0.05000000074505806,0.0,6,0,2,32,30
7,48,14,27.901596069335938,27.656583786010742,2.474292755126953,0.0,0.0,6,0,5,29,37
7,48,15,27.91438865661621,27.766014099121094,2.3265156745910645,0.0,0.0,6,0,5,29,39
7,48,16,27.91438865661621,27.766014099121094,2.3265156745910645,0.0,0.0,6,0,6,28,44
7,48,17,27.91438865661621,27.766014099121094,2.3265156745910645,0.0,0.0,6,0,6,28,50
7,48,18,27.91438865661621,27.766014099121094,2.3265156745910645,0.0,0.0,6,0,6,28,53
7,48,19,27.91438865661621,27.766014099121094,2.3265156745910645,0.0,0.0,7,0,6,27,60
7,48,20,27.91438865661621,27.766014099121094,2.3265156745910645,0.0,0.0,7,0,8,25,63
7,48,21,27.91438865661621,27.766014099121094,2.3265156745910645,0.0,0.0,8,0,9,23,70
7,48,22,27.91438865661621,27.766014099121094,2.3265156745910645,0.0,0.0,8,0,10,22,73
7,48,23,27.91438865661621,27.766014099121094,2.3265156745910645,0.0,0.0,8,0,10,22,77
7,48,24,27.91438865661621,27.766014099121094,2.3265156745910645,0.0,0.0,8,0,10,22,83
7,48,25,27.91438865661621,27.766014099121094,2.3265156745910645,0.0,0.0,8,0,11,21,93
7,48,26,27.91438865661621,27.766014099121094,2.3265156745910645,0.0,0.0,8,0,11,21,97
7,48,27,27.91438865661621,27.766014099121094,2.3265156745910645,0.0,0.0,8,0,13,19,105
7,48,28,27.91438865661621,27.766014099121094,2.3265156745910645,0.0,0.0,8,0,15,17,115
7,48,29,27.91438865661621,27.766014099121094,2.3265156745910645,0.0,0.0,8,0,17,15,125
7,48,30,27.91438865661621,27.766014099121094,2.3265156745910645,0.0,0.0,8,0,18,14,134
7,48,31,27.91438865661621,27.766014099121094,2.3265156745910645,0.0,0.0,8,0,18,14,142
7,48,32,27.91438865661621,27.766014099121094,2.3265156745910645,0.0,0.0,8,0,19,13,154
7,48,33,27.91438865661621,27.766014099121094,2.3265156745910645,0.0,0.0,8,0,19,13,168
7,48,34,27.91438865661621,27.766014099121094,2.3265156745910645,0.0,0.0,8,0,21,11,178
7,48,35,27.91438865661621,27.766014099121094,2.3265156745910645,0.0,0.0,8,0,21,11,187
7,48,36,27.91438865661621,27.766014099121094,2.3265156745910645,0.0,0.0,8,0,21,11,199
7,48,37,27.91438865661621,27.766014099121094,2.3265156745910645,0.0,0.0,8,0,21,11,210
7,48,38,27.91438865661621,27.766014099121094,2.3265156745910645,0.0,0.0,8,0,23,9,223
7,48,39,27.91438865661621,27.766014099121094,2.3265156745910645,0.0,0.0,8,0,25,7,233
7,48,40,27.91438865661621,27.766014099121094,2.3265156745910645,0.0,0.0,8,0,28,4,248
7,48,41,27.91438865661621,27.766014099121094,2.3265156745910645,0.0,0.0,8,0,30,2,258
7,48,42,27.91438865661621,27.766014099121094,2.3265156745910645,0.0,0.0,8,0,30,2,268
7,48,43,27.91438865661621,27.766014099121094,2.3265156745910645,0.0,0.0,8,0,30,2,274
7,48,44,27.91438865661621,27.766014099121094,2.3265156745910645,0.0,0.0,8,0,30,2,283
7,48,45,27.91438865661621,27.766014099121094,2.3265156745910645,0.0,0.0,8,0,30,2,296
7,48,46,27.91438865661621,27.766014099121094,2.3265156745910645,0.0,0.0,8,0,30,2,311
7,48,47,27.91438865661621,27.766014099121094,2.3265156745910645,0.0,0.0,8,0,30,2,320
7,48,48,27.91438865661621,27.766014099121094,2.3265156745910645,0.0,0.0,8,0,30,2,328
7,48,49,27.91438865661621,27.766014099121094,2.3265156745910645,0.0,0.0,8,0,31,1,338
7,48,50,27.91438865661621,27.766014099121094,2.3265156745910645,0.0,0.0,8,0,31,1,349
7,48,51,27.91438865661621,27.766014099121094,2.3265156745910645,0.0,0.0,8,0,31,1,361
7,48,52,27.91438865661621,27.766014099121094,2.3265156745910645,0.0,0.0,8,0,31,1,367
7,48,53,27.91438865661621,27.766014099121094,2.3265156745910645,0.0,0.0,8,0,31,1,377
7,48,54,27.91438865661621,27.766014099121094,2.3265156745910645,0.0,0.0,8,0,31,1,387
7,48,55,27.91438865661621,27.766014099121094,2.3265156745910645,0.0,0.0,8,0,32,0,396
8,49,1,28.132909774780273,27.104772567749023,3.4482035636901855,0.10000000149011612,1.0,0,0,0,40,1
8,49,2,28.83346176147461,27.83022689819336,2.4397149085998535,0.10000000149011612,1.0,0,1,0,39,1
8,49,3,28.83346176147461,27.83022689819336,2.4397149085998535,0.10000000149011612,1.0,0,1,0,39,3
8,49,4,28.885112762451172,27.719757080078125,2.577442169189453,0.05000000074505806,1.0,0,1,0,39,6
8,49,5,28.906494140625,27.82667350769043,2.434173822402954,0.05000000074505806,1.0,0,3,0,37,6
8,49,6,28.906494140625,27.82667350769043,2.434173822402954,0.05000000074505806,1.0,0,3,0,37,6
8,49,7,28.906494140625,27.82667350769043,2.434173822402954,0.05000000074505806,1.0,0,3,0,37,7
8,49,8,28.906494140625,27.82667350769043,2.434173822402954,0.05000000074505806,1.0,0,3,0,37,8
8,49,9,28.906494140625,27.82667350769043,2.434173822402954,0.05000000074505806,1.0,1,3,0,36,11
8,49,10,28.906494140625,27.82667350769043,2.434173822402954,0.05000000074505806,1.0,1,3,0,36,13
8,49,11,28.906494140625,27.82667350769043,2.434173822402954,0.05000000074505806,1.0,1,3,0,36,14
8,49,12,28.906494140625,27.82667350769043,2.434173822402954,0.05000000074505806,1.0,1,4,0,35,16
8,49,13,28.906494140625,27.82667350769043,2.434173822402954,0.05000000074505806,1.0,1,4,0,35,18
8,49,14,28.906494140625,27.82667350769043,2.434173822402954,0.05000000074505806,1.0,2,5,0,33,23
8,49,15,28.95634651184082,27.716646194458008,2.5713422298431396,0.0,1.0,4,5,1,30,24
8,49,16,28.978116989135742,27.8231258392334,2.4286580085754395,0.0,1.0,4,6,2,28,27
8,49,17,28.978116989135742,27.8231258392334,2.4286580085754395,0.0,1.0,4,6,2,28,29
8,49,18,28.978116989135742,27.8231258392334,2.4286580085754395,0.0,1.0,4,6,3,27,33
8,49,19,28.978116989135742,27.8231258392334,2.4286580085754395,0.0,1.0,4,6,3,27,37
8,49,20,28.978116989135742,27.8231258392334,2.4286580085754395,0.0,1.0,4,6,3,27,43
8,49,21,28.978116989135742,27.8231258392334,2.4286580085754395,0.0,1.0,4,6,3,27,46
8,49,22,28.978116989135742,27.8231258392334,2.4286580085754395,0.0,1.0,4,7,3,26,49
8,49,23,28.978116989135742,27.8231258392334,2.4286580085754395,0.0,1.0,4,7,3,26,54
8,49,24,28.978116989135742,27.8231258392334,2.4286580085754395,0.0,1.0,4,7,3,26,57
8,49,25,28.978116989135742,27.8231258392334,2.4286580085754395,0.0,1.0,4,8,3,25,58
8,49,26,28.978116989135742,27.8231258392334,2.4286580085754395,0.0,1.0,4,9,3,24,63
8,49,27,28.978116989135742,27.8231258392334,2.4286580085754395,0.0,1.0,4,11,3,22,67
8,49,28,28.978116989135742,27.8231258392334,2.4286580085754395,0.0,1.0,4,11,3,22,69
8,49,29,28.978116989135742,27.8231258392334,2.4286580085754395,0.0,1.0,4,11,3,22,74
8,49,30,28.978116989135742,27.8231258392334,2.4286580085754395,0.0,1.0,4,13,3,20,79
8,49,31,28.978116989135742,27.8231258392334,2.4286580085754395,0.0,1.0,4,14,3,19,86
8,49,32,28.978116989135742,27.8231258392334,2.4286580085754395,0.0,1.0,4,14,3,19,91
8,49,33,28.978116989135742,27.8231258392334,2.4286580085754395,0.0,1.0,4,15,3,18,95
8,49,34,28.978116989135742,27.8231258392334,2.4286580085754395,0.0,1.0,4,15,3,18,101
8,49,35,28.978116989135742,27.8231258392334,2.4286580085754395,0.0,1.0,4,18,3,15,104
8,49,36,28.978116989135742,27.8231258392334,2.4286580085754395,0.0,1.0,4,18,3,15,106
8,49,37,28.978116989135742,27.8231258392334,2.4286580085754395,0.0,1.0,4,19,3,14,107
8,49,38,28.978116989135742,27.8231258392334,2.4286580085754395,0.0,1.0,4,19,3,14,110
8,49,39,28.978116989135742,27.8231258392334,2.4286580085754395,0.0,1.0,4,20,3,13,112
8,49,40,28.978116989135742,27.8231258392334,2.4286580085754395,0.0,1.0,4,20,3,13,112
8,49,41,28.978116989135742,27.8231258392334,2.4286580085754395,0.0,1.0,4,20,3,13,114
8,49,42,28.78670310974121,27.85011863708496,2.468353509902954,0.0,0.949999988079071,4,21,3,12,118
8,49,43,28.739660263061523,27.847503662109375,2.4639103412628174,0.0,0.8999999761581421,4,21,3,12,122
8,49,44,28.691627502441406,27.84486961364746,2.459322929382324,0.0,0.8500000238418579,4,21,3,12,124
8,49,45,28.83838653564453,27.814558029174805,2.4146761894226074,0.0,0.8500000238418579,4,22,3,11,126
8,49,46,28.83838653564453,27.814558029174805,2.4146761894226074,0.0,0.8500000238418579,4,22,3,11,127
8,49,47,28.64263153076172,27.842212677001953,2.454598903656006,0.0,0.800000011920929,4,23,3,10,130
8,49,48,28.592710494995117,27.83953285217285,2.449747085571289,0.0,0.75,4,24,3,9,132
8,49,49,28.541898727416992,27.836833953857422,2.4447779655456543,0.0,0.699999988079071,4,24,3,9,133
8,49,50,28.689512252807617,27.805940628051758,2.3996448516845703,0.0,0.699999988079071,4,24,3,9,138
8,49,51,28.490245819091797,27.83411407470703,2.4397029876708984,0.0,0.6499999761581421,4,24,3,9,144
8,49,52,28.638017654418945,27.803062438964844,2.394451856613159,0.0,0.6499999761581421,4,25,3,8,150
8,49,53,28.43779754638672,27.831375122070312,2.434535264968872,0.0,0.6000000238418579,4,26,3,7,155
8,49,54,28.585664749145508,27.80018424987793,2.3891892433166504,0.0,0.6000000238418579,4,26,3,7,156
8,49,55,28.384611129760742,27.82861328125,2.429287910461426,0.0,0.550000011920929,4,26,3,7,159
8,49,56,28.532506942749023,27.797306060791016,2.3838725090026855,0.0,0.550000011920929,4,27,3,6,161
8,49,57,28.532506942749023,27.797306060791016,2.3838725090026855,0.0,0.550000011920929,4,27,3,6,169
8,49,58,28.330745697021484,27.825834274291992,2.423976421356201,0.0,0.5,4,27,3,6,174
8,49,59,28.478605270385742,27.794431686401367,2.378516674041748,0.0,0.5,4,27,3,6,180
8,49,60,28.478605270385742,27.794431686401367,2.378516674041748,0.0,0.5,4,27,3,6,187
8,49,61,28.478605270385742,27.794431686401367,2.378516674041748,0.0,0.5,4,27,3,6,194
8,49,62,28.478605270385742,27.794431686401367,2.378516674041748,0.0,0.5,4,27,3,6,197
8,49,63,28.478605270385742,27.794431686401367,2.378516674041748,0.0,0.5,4,27,3,6,204
8,49,64,28.276264190673828,27.823036193847656,2.4186158180236816,0.0,0.44999998807907104,4,27,3,6,209
8,49,65,28.221233367919922,27.820219039916992,2.4132227897644043,0.0,0.4000000059604645,4,27,3,6,215
8,49,66,28.368824005126953,27.7886905670166,2.3677542209625244,0.0,0.4000000059604645,4,28,3,5,223
8,49,67,28.368824005126953,27.7886905670166,2.3677542209625244,0.0,0.4000000059604645,4,28,3,5,231
8,49,68,28.368824005126953,27.7886905670166,2.3677542209625244,0.0,0.4000000059604645,4,28,3,5,241
8,49,69,28.165727615356445,27.8173828125,2.4078140258789062,0.0,0.3499999940395355,4,28,3,5,248
8,49,70,28.109819412231445,27.814531326293945,2.4024062156677246,0.0,0.30000001192092896,4,28,3,5,256
8,49,71,28.256881713867188,27.78297233581543,2.3570375442504883,0.0,0.30000001192092896,4,28,3,5,262
8,49,72,28.256881713867188,27.78297233581543,2.3570375442504883,0.0,0.30000001192092896,4,28,3,5,273
8,49,73,28.256881713867188,27.78297233581543,2.3570375442504883,0.0,0.30000001192092896,4,29,3,4,279
8,49,74,28.256881713867188,27.78297233581543,2.3570375442504883,0.0,0.30000001192092896,4,29,3,4,284
8,49,75,28.053585052490234,27.811662673950195,2.397017002105713,0.0,0.25,4,29,3,4,289
8,49,76,28.20029067993164,27.780122756958008,2.3517396450042725,0.0,0.25,4,30,3,3,294
8,49,77,28.20029067993164,27.780122756958008,2.3517396450042725,0.0,0.25,4,30,3,3,298
8,49,78,28.20029067993164,27.780122756958008,2.3517396450042725,0.0,0.25,4,30,3,3,298
8,49,79,28.20029067993164,27.780122756958008,2.3517396450042725,0.0,0.25,4,30,3,3,300
8,49,80,28.20029067993164,27.780122756958008,2.3517396450042725,0.0,0.25,4,31,3,2,305
8,49,81,27.997106552124023,27.808778762817383,2.3916635513305664,0.0,0.20000000298023224,4,31,3,2,310
8,49,82,28.14339256286621,27.777280807495117,2.3465049266815186,0.0,0.20000000298023224,4,31,3,2,311
8,49,83,28.14339256286621,27.777280807495117,2.3465049266815186,0.0,0.20000000298023224,4,31,3,2,313
8,49,84,28.14339256286621,27.777280807495117,2.3465049266815186,0.0,0.20000000298023224,4,31,3,2,317
8,49,85,27.940460205078125,27.80588150024414,2.3863627910614014,0.0,0.15000000596046448,4,32,3,1,321
8,49,86,28.086271286010742,27.77444839477539,2.3413496017456055,0.0,0.15000000596046448,4,32,3,1,327
8,49,87,28.086271286010742,27.77444839477539,2.3413496017456055,0.0,0.15000000596046448,4,32,3,1,331
8,49,88,27.883729934692383,27.80297088623047,2.3811309337615967,0.0,0.10000000149011612,4,32,3,1,335
8,49,89,28.029006958007812,27.77162742614746,2.336289644241333,0.0,0.10000000149011612,4,32,3,1,343
8,49,90,28.029006958007812,27.77162742614746,2.336289644241333,0.0,0.10000000149011612,4,32,3,1,349
8,49,91,28.029006958007812,27.77162742614746,2.336289644241333,0.0,0.10000000149011612,4,32,3,1,356
8,49,92,28.029006958007812,27.77162742614746,2.336289644241333,0.0,0.10000000149011612,4,32,3,1,365
8,49,93,28.029006958007812,27.77162742614746,2.336289644241333,0.0,0.10000000149011612,4,32,3,1,371
8,49,94,27.826995849609375,27.800048828125,2.375983953475952,0.0,0.05000000074505806,4,32,3,1,379
8,49,95,27.9716854095459,27.768814086914062,2.3313403129577637,0.0,0.05000000074505806,4,32,3,1,384
8,49,96,27.9716854095459,27.768814086914062,2.3313403129577637,0.0,0.05000000074505806,4,32,3,1,387
8,49,97,27.9716854095459,27.768814086914062,2.3313403129577637,0.0,0.05000000074505806,4,32,3,1,392
8,49,98,27.9716854095459,27.768814086914062,2.3313403129577637,0.0,0.05000000074505806,4,32,3,1,401
8,49,99,27.9716854095459,27.768814086914062,2.3313403129577637,0.0,0.05000000074505806,4,32,3,1,413
8,49,100,27.9716854095459,27.768814086914062,2.3313403129577637,0.0,0.05000000074505806,4,32,3,1,418
8,49,101,27.770336151123047,27.797117233276367,2.3709373474121094,0.0,0.0,4,32,3,1,426
8,49,102,27.91438865661621,27.766014099121094,2.3265156745910645,0.0,0.0,4,32,3,1,436
8,49,103,27.91438865661621,27.766014099121094,2.3265156745910645,0.0,0.0,4,32,3,1,445
8,49,104,27.91438865661621,27.766014099121094,2.3265156745910645,0.0,0.0,4,32,3,1,453
8,49,105,27.91438865661621,27.766014099121094,2.3265156745910645,0.0,0.0,4,32,3,1,462
8,49,106,27.91438865661621,27.766014099121094,2.3265156745910645,0.0,0.0,4,32,3,1,472
8,49,107,27.91438865661621,27.766014099121094,2.3265156745910645,0.0,0.0,4,32,3,1,479
8,49,108,27.91438865661621,27.766014099121094,2.3265156745910645,0.0,0.0,4,32,3,1,486
8,49,109,27.91438865661621,27.766014099121094,2.3265156745910645,0.0,0.0,4,32,4,0,497
9,50,1,27.15265464782715,27.444271087646484,3.5927977561950684,0.10000000149011612,0.25,0,0,0,40,4
9,50,2,27.832645416259766,27.815786361694336,2.402526617050171,0.10000000149011612,0.20000000298023224,2,0,0,38,4
9,50,3,27.979381561279297,27.784137725830078,2.3570587635040283,0.10000000149011612,0.20000000298023224,2,0,0,38,7
9,50,4,27.979381561279297,27.784137725830078,2.3570587635040283,0.10000000149011612,0.20000000298023224,2,0,0,38,8
9,50,5,27.979381561279297,27.784137725830078,2.3570587635040283,0.10000000149011612,0.20000000298023224,2,0,0,38,12
9,50,6,27.77562141418457,27.812843322753906,2.397217035293579,0.10000000149011612,0.15000000596046448,3,2,0,35,16
9,50,7,27.92184066772461,27.78126335144043,2.351881742477417,0.10000000149011612,0.15000000596046448,3,2,0,35,17
9,50,8,27.92184066772461,27.78126335144043,2.351881742477417,0.10000000149011612,0.15000000596046448,3,2,0,35,20
9,50,9,27.99108123779297,27.667634963989258,2.495340585708618,0.05000000074505806,0.15000000596046448,3,2,0,35,23
9,50,10,28.004474639892578,27.7778377532959,2.3465890884399414,0.05000000074505806,0.15000000596046448,3,3,0,34,26
9,50,11,27.8015193939209,27.806415557861328,2.386536121368408,0.05000000074505806,0.10000000149011612,3,3,0,34,29
9,50,12,28.015745162963867,27.661901473999023,2.484466075897217,0.0,0.10000000149011612,4,3,0,33,36
9,50,13,28.029006958007812,27.77162742614746,2.336289644241333,0.0,0.10000000149011612,5,3,1,31,42
9,50,14,28.029006958007812,27.77162742614746,2.336289644241333,0.0,0.10000000149011612,5,5,1,29,47
9,50,15,27.826995849609375,27.800048828125,2.375983953475952,0.0,0.05000000074505806,5,6,1,28,51
9,50,16,27.9716854095459,27.768814086914062,2.3313403129577637,0.0,0.05000000074505806,5,6,1,28,59
9,50,17,27.770336151123047,27.797117233276367,2.3709373474121094,0.0,0.0,5,7,2,26,71
9,50,18,27.91438865661621,27.766014099121094,2.3265156745910645,0.0,0.0,5,7,3,25,80
9,50,19,27.91438865661621,27.766014099121094,2.3265156745910645,0.0,0.0,5,7,3,25,88
9,50,20,27.91438865661621,27.766014099121094,2.3265156745910645,0.0,0.0,5,7,3,25,95
9,50,21,27.91438865661621,27.766014099121094,2.3265156745910645,0.0,0.0,5,7,3,25,107
9,50,22,27.91438865661621,27.766014099121094,2.3265156745910645,0.0,0.0,5,7,6,22,121
9,50,23,27.91438865661621,27.766014099121094,2.3265156745910645,0.0,0.0,5,7,6,22,129
9,50,24,27.91438865661621,27.766014099121094,2.3265156745910645,0.0,0.0,5,7,7,21,141
9,50,25,27.91438865661621,27.766014099121094,2.3265156745910645,0.0,0.0,5,7,7,21,152
9,50,26,27.91438865661621,27.766014099121094,2.3265156745910645,0.0,0.0,5,7,7,21,160
9,50,27,27.91438865661621,27.766014099121094,2.3265156745910645,0.0,0.0,5,7,7,21,173
9,50,28,27.91438865661621,27.766014099121094,2.3265156745910645,0.0,0.0,5,7,8,20,188
9,50,29,27.91438865661621,27.766014099121094,2.3265156745910645,0.0,0.0,5,7,12,16,200
9,50,30,27.91438865661621,27.766014099121094,2.3265156745910645,0.0,0.0,5,7,12,16,212
9,50,31,27.91438865661621,27.766014099121094,2.3265156745910645,0.0,0.0,5,7,12,16,220
9,50,32,27.91438865661621,27.766014099121094,2.3265156745910645,0.0,0.0,5,7,12,16,228
9,50,33,27.91438865661621,27.766014099121094,2.3265156745910645,0.0,0.0,5,7,12,16,239
9,50,34,27.91438865661621,27.766014099121094,2.3265156745910645,0.0,0.0,5,7,14,14,247
9,50,35,27.91438865661621,27.766014099121094,2.3265156745910645,0.0,0.0,5,7,16,12,259
9,50,36,27.91438865661621,27.766014099121094,2.3265156745910645,0.0,0.0,5,7,16,12,268
9,50,37,27.91438865661621,27.766014099121094,2.3265156745910645,0.0,0.0,5,7,16,12,276
9,50,38,27.91438865661621,27.766014099121094,2.3265156745910645,0.0,0.0,5,7,18,10,288
9,50,39,27.91438865661621,27.766014099121094,2.3265156745910645,0.0,0.0,5,7,18,10,296
9,50,40,27.91438865661621,27.766014099121094,2.3265156745910645,0.0,0.0,5,7,19,9,310
9,50,41,27.91438865661621,27.766014099121094,2.3265156745910645,0.0,0.0,5,7,19,9,322
9,50,42,27.91438865661621,27.766014099121094,2.3265156745910645,0.0,0.0,5,7,19,9,329
9,50,43,27.91438865661621,27.766014099121094,2.3265156745910645,0.0,0.0,5,7,19,9,341
9,50,44,27.91438865661621,27.766014099121094,2.3265156745910645,0.0,0.0,5,7,20,8,352
9,50,45,27.91438865661621,27.766014099121094,2.3265156745910645,0.0,0.0,5,7,20,8,366
9,50,46,27.91438865661621,27.766014099121094,2.3265156745910645,0.0,0.0,5,7,20,8,376
9,50,47,27.91438865661621,27.766014099121094,2.3265156745910645,0.0,0.0,5,7,20,8,388
9,50,48,27.91438865661621,27.766014099121094,2.3265156745910645,0.0,0.0,5,7,20,8,399
9,50,49,27.91438865661621,27.766014099121094,2.3265156745910645,0.0,0.0,5,7,20,8,412
9,50,50,27.91438865661621,27.766014099121094,2.3265156745910645,0.0,0.0,5,7,21,7,420
9,50,51,27.91438865661621,27.766014099121094,2.3265156745910645,0.0,0.0,5,7,21,7,434
9,50,52,27.91438865661621,27.766014099121094,2.3265156745910645,0.0,0.0,5,7,21,7,445
9,50,53,27.91438865661621,27.766014099121094,2.3265156745910645,0.0,0.0,5,7,21,7,456
9,50,54,27.91438865661621,27.766014099121094,2.3265156745910645,0.0,0.0,5,7,23,5,467
9,50,55,27.91438865661621,27.766014099121094,2.3265156745910645,0.0,0.0,5,7,23,5,480
9,50,56,27.91438865661621,27.766014099121094,2.3265156745910645,0.0,0.0,5,7,25,3,492
9,50,57,27.91438865661621,27.766014099121094,2.3265156745910645,0.0,0.0,5,7,26,2,500
9,50,58,27.91438865661621,27.766014099121094,2.3265156745910645,0.0,0.0,5,7,26,2,509
9,50,59,27.91438865661621,27.766014099121094,2.3265156745910645,0.0,0.0,5,7,26,2,522
9,50,60,27.91438865661621,27.766014099121094,2.3265156745910645,0.0,0.0,5,7,26,2,530
9,50,61,27.91438865661621,27.766014099121094,2.3265156745910645,0.0,0.0,5,7,26,2,541
9,50,62,27.91438865661621,27.766014099121094,2.3265156745910645,0.0,0.0,5,7,27,1,553
9,50,63,27.91438865661621,27.766014099121094,2.3265156745910645,0.0,0.0,5,7,27,1,562
9,50,64,27.91438865661621,27.766014099121094,2.3265156745910645,0.0,0.0,5,7,28,0,572
10,51,1,27.181201934814453,27.442909240722656,3.5906944274902344,0.05000000074505806,0.25,0,0,1,39,4
10,51,2,27.915273666381836,27.812273025512695,2.397078514099121,0.05000000074505806,0.20000000298023224,1,0,1,38,6
10,51,3,27.858407974243164,27.809350967407227,2.3917717933654785,0.05000000074505806,0.15000000596046448,1,0,1,38,6
10,51,4,28.004474639892578,27.7778377532959,2.3465890884399414,0.05000000074505806,0.15000000596046448,1,0,1,38,7
10,51,5,28.004474639892578,27.7778377532959,2.3465890884399414,0.05000000074505806,0.15000000596046448,1,1,1,37,7
10,51,6,28.004474639892578,27.7778377532959,2.3465890884399414,0.05000000074505806,0.15000000596046448,1,1,1,37,9
10,51,7,28.004474639892578,27.7778377532959,2.3465890884399414,0.05000000074505806,0.15000000596046448,2,2,1,35,13
10,51,8,27.8721981048584,27.69365882873535,2.5288290977478027,0.0,0.10000000149011612,2,3,1,34,15
10,51,9,28.029006958007812,27.77162742614746,2.336289644241333,0.0,0.10000000149011612,2,3,1,34,18
10,51,10,27.826995849609375,27.800048828125,2.375983953475952,0.0,0.05000000074505806,2,4,3,31,23
10,51,11,27.9716854095459,27.768814086914062,2.3313403129577637,0.0,0.05000000074505806,2,4,3,31,28
10,51,12,27.770336151123047,27.797117233276367,2.3709373474121094,0.0,0.0,2,4,4,30,37
10,51,13,27.91438865661621,27.766014099121094,2.3265156745910645,0.0,0.0,2,5,4,29,39
10,51,14,27.91438865661621,27.766014099121094,2.3265156745910645,0.0,0.0,2,6,4,28,43
10,51,15,27.91438865661621,27.766014099121094,2.3265156745910645,0.0,0.0,2,6,5,27,48
10,51,16,27.91438865661621,27.766014099121094,2.3265156745910645,0.0,0.0,2,6,5,27,53
10,51,17,27.91438865661621,27.766014099121094,2.3265156745910645,0.0,0.0,2,6,7,25,55
10,51,18,27.91438865661621,27.766014099121094,2.3265156745910645,0.0,0.0,2,6,7,25,61
10,51,19,27.91438865661621,27.766014099121094,2.3265156745910645,0.0,0.0,2,6,8,24,68
10,51,20,27.91438865661621,27.766014099121094,2.3265156745910645,0.0,0.0,2,6,8,24,74
10,51,21,27.91438865661621,27.766014099121094,2.3265156745910645,0.0,0.0,2,6,10,22,85
10,51,22,27.91438865661621,27.766014099121094,2.3265156745910645,0.0,0.0,2,6,14,18,95
10,51,23,27.91438865661621,27.766014099121094,2.3265156745910645,0.0,0.0,2,6,15,17,103
10,51,24,27.91438865661621,27.766014099121094,2.3265156745910645,0.0,0.0,2,6,15,17,113
10,51,25,27.91438865661621,27.766014099121094,2.3265156745910645,0.0,0.0,2,6,15,17,117
10,51,26,27.91438865661621,27.766014099121094,2.3265156745910645,0.0,0.0,2,6,15,17,127
10,51,27,27.91438865661621,27.766014099121094,2.3265156745910645,0.0,0.0,2,6,16,16,134
10,51,28,27.91438865661621,27.766014099121094,2.3265156745910645,0.0,0.0,2,6,20,12,143
10,51,29,27.91438865661621,27.766014099121094,2.3265156745910645,0.0,0.0,2,6,20,12,152
10,51,30,27.91438865661621,27.766014099121094,2.3265156745910645,0.0,0.0,2,6,22,10,167
10,51,31,27.91438865661621,27.766014099121094,2.3265156745910645,0.0,0.0,2,6,24,8,177
10,51,32,27.91438865661621,27.766014099121094,2.3265156745910645,0.0,0.0,2,6,24,8,183
10,51,33,27.91438865661621,27.766014099121094,2.3265156745910645,0.0,0.0,2,6,25,7,188
10,51,34,27.91438865661621,27.766014099121094,2.3265156745910645,0.0,0.0,2,6,26,6,193
10,51,35,27.91438865661621,27.766014099121094,2.3265156745910645,0.0,0.0,2,6,27,5,206
10,51,36,27.91438865661621,27.766014099121094,2.3265156745910645,0.0,0.0,2,6,27,5,215
10,51,37,27.91438865661621,27.766014099121094,2.3265156745910645,0.0,0.0,2,6,27,5,226
10,51,38,27.91438865661621,27.766014099121094,2.3265156745910645,0.0,0.0,2,6,28,4,237
10,51,39,27.91438865661621,27.766014099121094,2.3265156745910645,0.0,0.0,2,6,29,3,247
10,51,40,27.91438865661621,27.766014099121094,2.3265156745910645,0.0,0.0,2,6,29,3,260
10,51,41,27.91438865661621,27.766014099121094,2.3265156745910645,0.0,0.0,2,6,29,3,268
10,51,42,27.91438865661621,27.766014099121094,2.3265156745910645,0.0,0.0,2,6,29,3,281
10,51,43,27.91438865661621,27.766014099121094,2.3265156745910645,0.0,0.0,2,6,30,2,294
10,51,44,27.91438865661621,27.766014099121094,2.3265156745910645,0.0,0.0,2,6,30,2,304
10,51,45,27.91438865661621,27.766014099121094,2.3265156745910645,0.0,0.0,2,6,30,2,310
10,51,46,27.91438865661621,27.766014099121094,2.3265156745910645,0.0,0.0,2,6,30,2,320
10,51,47,27.91438865661621,27.766014099121094,2.3265156745910645,0.0,0.0,2,6,30,2,329
10,51,48,27.91438865661621,27.766014099121094,2.3265156745910645,0.0,0.0,2,6,30,2,339
10,51,49,27.91438865661621,27.766014099121094,2.3265156745910645,0.0,0.0,2,6,30,2,347
10,51,50,27.91438865661621,27.766014099121094,2.3265156745910645,0.0,0.0,2,6,31,1,359
10,51,51,27.91438865661621,27.766014099121094,2.3265156745910645,0.0,0.0,2,6,31,1,366
10,51,52,27.91438865661621,27.766014099121094,2.3265156745910645,0.0,0.0,2,6,31,1,375
10,51,53,27.91438865661621,27.766014099121094,2.3265156745910645,0.0,0.0,2,6,31,1,386
10,51,54,27.91438865661621,27.766014099121094,2.3265156745910645,0.0,0.0,2,6,31,1,396
10,51,55,27.91438865661621,27.766014099121094,2.3265156745910645,0.0,0.0,2,6,32,0,405
11,52,1,25.971050262451172,28.057424545288086,2.830720901489258,1.0,0.15000000596046448,0,0,0,40,1
11,52,2,26.45689582824707,27.842493057250977,2.454549789428711,1.0,0.15000000596046448,0,0,0,40,1
11,52,3,26.45689582824707,27.842493057250977,2.454549789428711,1.0,0.15000000596046448,0,0,0,40,2
11,52,4,26.45689582824707,27.842493057250977,2.454549789428711,1.0,0.15000000596046448,1,0,0,39,2
11,52,5,26.45689582824707,27.842493057250977,2.454549789428711,1.0,0.15000000596046448,1,0,0,39,4
11,52,6,26.27320098876953,27.86920166015625,2.4944097995758057,1.0,0.10000000149011612,2,0,1,37,7
11,52,7,26.224485397338867,27.866111755371094,2.4896271228790283,1.0,0.05000000074505806,2,1,1,36,8
11,52,8,26.35731315612793,27.83656883239746,2.4449892044067383,1.0,0.05000000074505806,2,1,1,36,9
11,52,9,26.35731315612793,27.83656883239746,2.4449892044067383,1.0,0.05000000074505806,2,1,1,36,9
11,52,10,26.35731315612793,27.83656883239746,2.4449892044067383,1.0,0.05000000074505806,3,2,1,34,9
11,52,11,26.35731315612793,27.83656883239746,2.4449892044067383,1.0,0.05000000074505806,3,3,1,33,10
11,52,12,26.35731315612793,27.83656883239746,2.4449892044067383,1.0,0.05000000074505806,3,3,1,33,10
11,52,13,26.35731315612793,27.83656883239746,2.4449892044067383,1.0,0.05000000074505806,4,4,1,31,11
11,52,14,26.176746368408203,27.86298942565918,2.4849443435668945,1.0,0.0,5,4,1,30,16
11,52,15,26.30893325805664,27.83357810974121,2.4403908252716064,1.0,0.0,5,4,1,30,21
11,52,16,26.30893325805664,27.83357810974121,2.4403908252716064,1.0,0.0,5,4,1,30,24
11,52,17,26.30893325805664,27.83357810974121,2.4403908252716064,1.0,0.0,5,4,3,28,29
11,52,18,26.30893325805664,27.83357810974121,2.4403908252716064,1.0,0.0,5,4,3,28,33
11,52,19,26.30893325805664,27.83357810974121,2.4403908252716064,1.0,0.0,5,4,4,27,36
11,52,20,26.30893325805664,27.83357810974121,2.4403908252716064,1.0,0.0,6,4,4,26,38
11,52,21,26.30893325805664,27.83357810974121,2.4403908252716064,1.0,0.0,6,4,4,26,43
11,52,22,26.30893325805664,27.83357810974121,2.4403908252716064,1.0,0.0,7,4,4,25,45
11,52,23,26.30893325805664,27.83357810974121,2.4403908252716064,1.0,0.0,7,4,5,24,47
11,52,24,26.30893325805664,27.83357810974121,2.4403908252716064,1.0,0.0,7,4,7,22,51
11,52,25,26.30893325805664,27.83357810974121,2.4403908252716064,1.0,0.0,7,4,7,22,55
11,52,26,26.30893325805664,27.83357810974121,2.4403908252716064,1.0,0.0,7,4,8,21,60
11,52,27,26.30893325805664,27.83357810974121,2.4403908252716064,1.0,0.0,7,4,8,21,65
11,52,28,26.367881774902344,27.72254753112793,2.578826904296875,0.949999988079071,0.0,8,4,8,20,70
11,52,29,26.380081176757812,27.830467224121094,2.4343979358673096,0.949999988079071,0.0,9,4,8,19,74
11,52,30,26.380081176757812,27.830467224121094,2.4343979358673096,0.949999988079071,0.0,9,4,8,19,80
11,52,31,26.440563201904297,27.718896865844727,2.5735297203063965,0.8999999761581421,0.0,11,4,8,17,85
11,52,32,26.452775955200195,27.827295303344727,2.4284114837646484,0.8999999761581421,0.0,11,4,8,17,91
11,52,33,26.452775955200195,27.827295303344727,2.4284114837646484,0.8999999761581421,0.0,11,4,8,17,97
11,52,34,26.452775955200195,27.827295303344727,2.4284114837646484,0.8999999761581421,0.0,12,4,8,16,106
11,52,35,26.452775955200195,27.827295303344727,2.4284114837646484,0.8999999761581421,0.0,12,4,8,16,110
11,52,36,26.452775955200195,27.827295303344727,2.4284114837646484,0.8999999761581421,0.0,13,4,8,15,115
11,52,37,26.452775955200195,27.827295303344727,2.4284114837646484,0.8999999761581421,0.0,13,4,8,15,118
11,52,38,26.452775955200195,27.827295303344727,2.4284114837646484,0.8999999761581421,0.0,13,4,8,15,123
11,52,39,26.514728546142578,27.715227127075195,2.5682015419006348,0.8500000238418579,0.0,13,4,8,15,128
11,52,40,26.526960372924805,27.82406997680664,2.4224367141723633,0.8500000238418579,0.0,13,4,8,15,135
11,52,41,26.526960372924805,27.82406997680664,2.4224367141723633,0.8500000238418579,0.0,14,4,8,14,142
11,52,42,26.526960372924805,27.82406997680664,2.4224367141723633,0.8500000238418579,0.0,15,4,8,13,150
11,52,43,26.526960372924805,27.82406997680664,2.4224367141723633,0.8500000238418579,0.0,15,4,8,13,158
11,52,44,26.590312957763672,27.711545944213867,2.5628437995910645,0.800000011920929,0.0,15,4,8,13,164
11,52,45,26.60256576538086,27.8207950592041,2.416477680206299,0.800000011920929,0.0,16,4,8,12,175
11,52,46,26.60256576538086,27.8207950592041,2.416477680206299,0.800000011920929,0.0,17,4,8,11,184
11,52,47,26.60256576538086,27.8207950592041,2.416477680206299,0.800000011920929,0.0,17,4,8,11,196
11,52,48,26.667234420776367,27.707860946655273,2.557457685470581,0.75,0.0,17,4,8,11,213
11,52,49,26.679513931274414,27.817474365234375,2.4105396270751953,0.75,0.0,17,4,8,11,225
11,52,50,26.745407104492188,27.704174041748047,2.552044630050659,0.699999988079071,0.0,19,4,8,9,236
11,52,51,26.75771141052246,27.814111709594727,2.4046266078948975,0.699999988079071,0.0,20,4,8,8,247
11,52,52,26.75771141052246,27.814111709594727,2.4046266078948975,0.699999988079071,0.0,21,4,8,7,257
11,52,53,26.75771141052246,27.814111709594727,2.4046266078948975,0.699999988079071,0.0,24,4,8,4,263
11,52,54,26.82472801208496,27.700498580932617,2.5466060638427734,0.6499999761581421,0.0,24,4,8,4,274
11,52,55,26.83706283569336,27.810714721679688,2.3987433910369873,0.6499999761581421,0.0,24,4,8,4,285
11,52,56,26.83706283569336,27.810714721679688,2.3987433910369873,0.6499999761581421,0.0,24,4,8,4,289
11,52,57,26.83706283569336,27.810714721679688,2.3987433910369873,0.6499999761581421,0.0,24,4,8,4,298
11,52,58,26.90509033203125,27.69683837890625,2.5411434173583984,0.6000000238418579,0.0,24,4,8,4,302
11,52,59,26.917455673217773,27.807287216186523,2.3928940296173096,0.6000000238418579,0.0,24,4,8,4,308
11,52,60,26.98637580871582,27.693199157714844,2.5356578826904297,0.550000011920929,0.0,24,4,8,4,319
11,52,61,27.068456649780273,27.689590454101562,2.5301513671875,0.5,0.0,25,4,8,3,325
11,52,62,27.080883026123047,27.80036735534668,2.3813130855560303,0.5,0.0,25,4,8,3,334
11,52,63,27.080883026123047,27.80036735534668,2.3813130855560303,0.5,0.0,26,4,8,2,345
11,52,64,27.080883026123047,27.80036735534668,2.3813130855560303,0.5,0.0,26,4,8,2,351
11,52,65,27.080883026123047,27.80036735534668,2.3813130855560303,0.5,0.0,26,4,8,2,359
11,52,66,27.151201248168945,27.686019897460938,2.524624824523926,0.44999998807907104,0.0,26,4,8,2,367
11,52,67,27.234466552734375,27.682491302490234,2.51908016204834,0.4000000059604645,0.0,26,4,8,2,376
11,52,68,27.24695587158203,27.79339599609375,2.36991286277771,0.4000000059604645,0.0,27,4,8,1,386
11,52,69,27.3181095123291,27.679014205932617,2.513518810272217,0.3499999940395355,0.0,27,4,8,1,393
11,52,70,27.330629348754883,27.789907455444336,2.364288091659546,0.3499999940395355,0.0,27,4,8,1,400
11,52,71,27.330629348754883,27.789907455444336,2.364288091659546,0.3499999940395355,0.0,27,4,8,1,405
11,52,72,27.401979446411133,27.675594329833984,2.5079429149627686,0.30000001192092896,0.0,27,4,8,1,411
11,52,73,27.414533615112305,27.786426544189453,2.358717203140259,0.30000001192092896,0.0,27,4,8,1,418
11,52,74,27.414533615112305,27.786426544189453,2.358717203140259,0.30000001192092896,0.0,27,4,8,1,426
11,52,75,27.414533615112305,27.786426544189453,2.358717203140259,0.30000001192092896,0.0,28,4,8,0,431
12,53,1,27.394351959228516,27.888816833496094,2.540349245071411,1.0,1.0,0,0,0,40,0
12,53,2,27.394351959228516,27.888816833496094,2.540349245071411,1.0,1.0,0,0,0,40,0
12,53,3,27.394351959228516,27.888816833496094,2.540349245071411,1.0,1.0,0,0,0,40,0
12,53,4,27.394351959228516,27.888816833496094,2.540349245071411,1.0,1.0,1,0,0,39,0
12,53,5,27.394351959228516,27.888816833496094,2.540349245071411,1.0,1.0,1,0,0,39,0
12,53,6,27.394351959228516,27.888816833496094,2.540349245071411,1.0,1.0,1,0,0,39,0
12,53,7,27.394351959228516,27.888816833496094,2.540349245071411,1.0,1.0,2,0,0,38,0
12,53,8,27.394351959228516,27.888816833496094,2.540349245071411,1.0,1.0,2,1,0,37,0
12,53,9,27.394351959228516,27.888816833496094,2.540349245071411,1.0,1.0,2,3,0,35,0
12,53,10,27.394351959228516,27.888816833496094,2.540349245071411,1.0,1.0,2,4,0,34,0
12,53,11,27.394351959228516,27.888816833496094,2.540349245071411,1.0,1.0,2,4,0,34,0
12,53,12,27.394351959228516,27.888816833496094,2.540349245071411,1.0,1.0,3,4,0,33,0
12,53,13,27.394351959228516,27.888816833496094,2.540349245071411,1.0,1.0,3,4,0,33,0
12,53,14,27.394351959228516,27.888816833496094,2.540349245071411,1.0,1.0,4,5,0,31,0
12,53,15,27.394351959228516,27.888816833496094,2.540349245071411,1.0,1.0,4,5,0,31,0
12,53,16,27.394351959228516,27.888816833496094,2.540349245071411,1.0,1.0,5,7,0,28,0
12,53,17,27.394351959228516,27.888816833496094,2.540349245071411,1.0,1.0,5,7,0,28,0
12,53,18,27.394351959228516,27.888816833496094,2.540349245071411,1.0,1.0,6,7,0,27,0
12,53,19,27.394351959228516,27.888816833496094,2.540349245071411,1.0,1.0,6,8,0,26,0
12,53,20,27.394351959228516,27.888816833496094,2.540349245071411,1.0,1.0,6,9,0,25,0
12,53,21,27.394351959228516,27.888816833496094,2.540349245071411,1.0,1.0,6,9,0,25,0
12,53,22,27.394351959228516,27.888816833496094,2.540349245071411,1.0,1.0,6,10,0,24,0
12,53,23,27.394351959228516,27.888816833496094,2.540349245071411,1.0,1.0,6,12,0,22,0
12,53,24,27.394351959228516,27.888816833496094,2.540349245071411,1.0,1.0,6,12,0,22,0
12,53,25,27.394351959228516,27.888816833496094,2.540349245071411,1.0,1.0,7,12,0,21,0
12,53,26,27.394351959228516,27.888816833496094,2.540349245071411,1.0,1.0,8,12,0,20,0
12,53,27,27.394351959228516,27.888816833496094,2.540349245071411,1.0,1.0,8,12,0,20,0
12,53,28,27.394351959228516,27.888816833496094,2.540349245071411,1.0,1.0,8,12,0,20,0
12,53,29,27.394351959228516,27.888816833496094,2.540349245071411,1.0,1.0,8,12,0,20,0
12,53,30,27.394351959228516,27.888816833496094,2.540349245071411,1.0,1.0,8,12,0,20,0
12,53,31,27.394351959228516,27.888816833496094,2.540349245071411,1.0,1.0,9,12,0,19,0
12,53,32,27.394351959228516,27.888816833496094,2.540349245071411,1.0,1.0,9,13,0,18,0
12,53,33,27.394351959228516,27.888816833496094,2.540349245071411,1.0,1.0,9,14,0,17,0
12,53,34,27.394351959228516,27.888816833496094,2.540349245071411,1.0,1.0,9,15,0,16,0
12,53,35,27.394351959228516,27.888816833496094,2.540349245071411,1.0,1.0,10,15,0,15,0
12,53,36,27.394351959228516,27.888816833496094,2.540349245071411,1.0,1.0,10,15,0,15,0
12,53,37,27.394351959228516,27.888816833496094,2.540349245071411,1.0,1.0,10,15,0,15,0
12,53,38,27.394351959228516,27.888816833496094,2.540349245071411,1.0,1.0,10,16,0,14,0
12,53,39,27.394351959228516,27.888816833496094,2.540349245071411,1.0,1.0,11,17,0,12,0
12,53,40,27.394351959228516,27.888816833496094,2.540349245071411,1.0,1.0,11,18,0,11,0
12,53,41,27.394351959228516,27.888816833496094,2.540349245071411,1.0,1.0,12,18,0,10,0
12,53,42,27.394351959228516,27.888816833496094,2.540349245071411,1.0,1.0,12,18,0,10,0
12,53,43,27.394351959228516,27.888816833496094,2.540349245071411,1.0,1.0,13,20,0,7,0
12,53,44,27.394351959228516,27.888816833496094,2.540349245071411,1.0,1.0,13,20,0,7,0
12,53,45,27.394351959228516,27.888816833496094,2.540349245071411,1.0,1.0,13,20,0,7,0
12,53,46,27.394351959228516,27.888816833496094,2.540349245071411,1.0,1.0,14,20,0,6,0
12,53,47,27.394351959228516,27.888816833496094,2.540349245071411,1.0,1.0,14,20,0,6,0
12,53,48,27.394351959228516,27.888816833496094,2.540349245071411,1.0,1.0,14,20,0,6,0
12,53,49,27.394351959228516,27.888816833496094,2.540349245071411,1.0,1.0,15,20,0,5,0
12,53,50,27.394351959228516,27.888816833496094,2.540349245071411,1.0,1.0,15,21,0,4,0
12,53,51,27.394351959228516,27.888816833496094,2.540349245071411,1.0,1.0,15,21,0,4,0
12,53,52,27.394351959228516,27.888816833496094,2.540349245071411,1.0,1.0,15,21,0,4,0
12,53,53,27.394351959228516,27.888816833496094,2.540349245071411,1.0,1.0,15,21,0,4,0
12,53,54,27.394351959228516,27.888816833496094,2.540349245071411,1.0,1.0,16,21,0,3,0
12,53,55,27.394351959228516,27.888816833496094,2.540349245071411,1.0,1.0,16,21,0,3,0
12,53,56,27.394351959228516,27.888816833496094,2.540349245071411,1.0,1.0,16,21,0,3,0
12,53,57,27.394351959228516,27.888816833496094,2.540349245071411,1.0,1.0,16,21,0,3,0
12,53,58,27.394351959228516,27.888816833496094,2.540349245071411,1.0,1.0,16,21,0,3,0
12,53,59,27.394351959228516,27.888816833496094,2.540349245071411,1.0,1.0,16,21,0,3,0
12,53,60,27.394351959228516,27.888816833496094,2.540349245071411,1.0,1.0,17,21,0,2,0
12,53,61,27.394351959228516,27.888816833496094,2.540349245071411,1.0,1.0,17,21,0,2,0
12,53,62,27.394351959228516,27.888816833496094,2.540349245071411,1.0,1.0,17,21,0,2,0
12,53,63,27.394351959228516,27.888816833496094,2.540349245071411,1.0,1.0,17,21,0,2,0
12,53,64,27.394351959228516,27.888816833496094,2.540349245071411,1.0,1.0,17,21,0,2,0
12,53,65,27.394351959228516,27.888816833496094,2.540349245071411,1.0,1.0,17,21,0,2,0
12,53,66,27.394351959228516,27.888816833496094,2.540349245071411,1.0,1.0,17,21,0,2,0
12,53,67,27.394351959228516,27.888816833496094,2.540349245071411,1.0,1.0,17,21,0,2,0
12,53,68,27.394351959228516,27.888816833496094,2.540349245071411,1.0,1.0,17,21,0,2,0
12,53,69,27.394351959228516,27.888816833496094,2.540349245071411,1.0,1.0,17,21,0,2,0
12,53,70,27.394351959228516,27.888816833496094,2.540349245071411,1.0,1.0,17,21,0,2,0
12,53,71,27.394351959228516,27.888816833496094,2.540349245071411,1.0,1.0,17,21,0,2,0
12,53,72,27.394351959228516,27.888816833496094,2.540349245071411,1.0,1.0,17,21,0,2,0
12,53,73,27.394351959228516,27.888816833496094,2.540349245071411,1.0,1.0,18,21,0,1,0
12,53,74,27.394351959228516,27.888816833496094,2.540349245071411,1.0,1.0,18,21,0,1,0
12,53,75,27.394351959228516,27.888816833496094,2.540349245071411,1.0,1.0,18,22,0,0,0
13,54,1,25.948577880859375,28.055681228637695,2.828331470489502,1.0,0.10000000149011612,0,0,0,40,1
13,54,2,26.406646728515625,27.839540481567383,2.4497125148773193,1.0,0.10000000149011612,0,0,0,40,1
13,54,3,26.406646728515625,27.839540481567383,2.4497125148773193,1.0,0.10000000149011612,0,0,0,40,1
13,54,4,26.406646728515625,27.839540481567383,2.4497125148773193,1.0,0.10000000149011612,0,1,0,39,2
13,54,5,26.224485397338867,27.866111755371094,2.4896271228790283,1.0,0.05000000074505806,1,2,0,37,3
13,54,6,26.35731315612793,27.83656883239746,2.4449892044067383,1.0,0.05000000074505806,1,2,0,37,4
13,54,7,26.35731315612793,27.83656883239746,2.4449892044067383,1.0,0.05000000074505806,2,4,0,34,4
13,54,8,26.35731315612793,27.83656883239746,2.4449892044067383,1.0,0.05000000074505806,3,4,0,33,4
13,54,9,26.35731315612793,27.83656883239746,2.4449892044067383,1.0,0.05000000074505806,3,4,0,33,4
13,54,10,26.35731315612793,27.83656883239746,2.4449892044067383,1.0,0.05000000074505806,3,4,0,33,5
13,54,11,26.35731315612793,27.83656883239746,2.4449892044067383,1.0,0.05000000074505806,3,4,1,32,7
13,54,12,26.35731315612793,27.83656883239746,2.4449892044067383,1.0,0.05000000074505806,3,6,1,30,9
13,54,13,26.35731315612793,27.83656883239746,2.4449892044067383,1.0,0.05000000074505806,3,6,1,30,10
13,54,14,26.35731315612793,27.83656883239746,2.4449892044067383,1.0,0.05000000074505806,5,6,1,28,12
13,54,15,26.35731315612793,27.83656883239746,2.4449892044067383,1.0,0.05000000074505806,5,7,1,27,14
13,54,16,26.35731315612793,27.83656883239746,2.4449892044067383,1.0,0.05000000074505806,6,8,1,25,18
13,54,17,26.176746368408203,27.86298942565918,2.4849443435668945,1.0,0.0,7,8,1,24,18
13,54,18,26.30893325805664,27.83357810974121,2.4403908252716064,1.0,0.0,7,8,1,24,18
13,54,19,26.30893325805664,27.83357810974121,2.4403908252716064,1.0,0.0,8,8,1,23,20
13,54,20,26.30893325805664,27.83357810974121,2.4403908252716064,1.0,0.0,8,8,1,23,23
13,54,21,26.30893325805664,27.83357810974121,2.4403908252716064,1.0,0.0,9,8,1,22,27
13,54,22,26.30893325805664,27.83357810974121,2.4403908252716064,1.0,0.0,9,8,1,22,30
13,54,23,26.30893325805664,27.83357810974121,2.4403908252716064,1.0,0.0,10,8,1,21,32
13,54,24,26.30893325805664,27.83357810974121,2.4403908252716064,1.0,0.0,10,8,1,21,36
13,54,25,26.30893325805664,27.83357810974121,2.4403908252716064,1.0,0.0,11,8,1,20,41
13,54,26,26.30893325805664,27.83357810974121,2.4403908252716064,1.0,0.0,11,8,1,20,46
13,54,27,26.30893325805664,27.83357810974121,2.4403908252716064,1.0,0.0,12,8,1,19,52
13,54,28,26.30893325805664,27.83357810974121,2.4403908252716064,1.0,0.0,12,8,1,19,56
13,54,29,26.30893325805664,27.83357810974121,2.4403908252716064,1.0,0.0,13,8,3,16,59
13,54,30,26.30893325805664,27.83357810974121,2.4403908252716064,1.0,0.0,13,8,3,16,61
13,54,31,26.30893325805664,27.83357810974121,2.4403908252716064,1.0,0.0,13,8,4,15,69
13,54,32,26.30893325805664,27.83357810974121,2.4403908252716064,1.0,0.0,13,8,4,15,75
13,54,33,26.30893325805664,27.83357810974121,2.4403908252716064,1.0,0.0,14,8,4,14,76
13,54,34,26.30893325805664,27.83357810974121,2.4403908252716064,1.0,0.0,15,8,4,13,82
13,54,35,26.30893325805664,27.83357810974121,2.4403908252716064,1.0,0.0,15,8,4,13,88
13,54,36,26.30893325805664,27.83357810974121,2.4403908252716064,1.0,0.0,16,8,4,12,94
13,54,37,26.30893325805664,27.83357810974121,2.4403908252716064,1.0,0.0,17,8,4,11,99
13,54,38,26.30893325805664,27.83357810974121,2.4403908252716064,1.0,0.0,17,8,4,11,106
13,54,39,26.30893325805664,27.83357810974121,2.4403908252716064,1.0,0.0,18,8,4,10,109
13,54,40,26.30893325805664,27.83357810974121,2.4403908252716064,1.0,0.0,19,8,4,9,113
13,54,41,26.30893325805664,27.83357810974121,2.4403908252716064,1.0,0.0,19,8,4,9,116
13,54,42,26.30893325805664,27.83357810974121,2.4403908252716064,1.0,0.0,20,8,4,8,125
13,54,43,26.30893325805664,27.83357810974121,2.4403908252716064,1.0,0.0,20,8,4,8,130
13,54,44,26.367881774902344,27.72254753112793,2.578826904296875,0.949999988079071,0.0,21,8,4,7,136
13,54,45,26.380081176757812,27.830467224121094,2.4343979358673096,0.949999988079071,0.0,22,8,4,6,141
13,54,46,26.380081176757812,27.830467224121094,2.4343979358673096,0.949999988079071,0.0,22,8,4,6,146
13,54,47,26.380081176757812,27.830467224121094,2.4343979358673096,0.949999988079071,0.0,22,8,4,6,153
13,54,48,26.380081176757812,27.830467224121094,2.4343979358673096,0.949999988079071,0.0,23,8,4,5,159
13,54,49,26.440563201904297,27.718896865844727,2.5735297203063965,0.8999999761581421,0.0,23,8,4,5,162
13,54,50,26.452775955200195,27.827295303344727,2.4284114837646484,0.8999999761581421,0.0,23,8,4,5,166
13,54,51,26.452775955200195,27.827295303344727,2.4284114837646484,0.8999999761581421,0.0,24,8,4,4,173
13,54,52,26.452775955200195,27.827295303344727,2.4284114837646484,0.8999999761581421,0.0,24,8,4,4,176
13,54,53,26.452775955200195,27.827295303344727,2.4284114837646484,0.8999999761581421,0.0,24,8,4,4,181
13,54,54,26.514728546142578,27.715227127075195,2.5682015419006348,0.8500000238418579,0.0,25,8,4,3,187
13,54,55,26.590312957763672,27.711545944213867,2.5628437995910645,0.800000011920929,0.0,25,8,4,3,192
13,54,56,26.60256576538086,27.8207950592041,2.416477680206299,0.800000011920929,0.0,25,8,4,3,194
13,54,57,26.60256576538086,27.8207950592041,2.416477680206299,0.800000011920929,0.0,25,8,4,3,199
13,54,58,26.667234420776367,27.707860946655273,2.557457685470581,0.75,0.0,26,8,4,2,203
13,54,59,26.679513931274414,27.817474365234375,2.4105396270751953,0.75,0.0,26,8,4,2,210
13,54,60,26.679513931274414,27.817474365234375,2.4105396270751953,0.75,0.0,26,8,4,2,215
13,54,61,26.679513931274414,27.817474365234375,2.4105396270751953,0.75,0.0,27,8,4,1,223
13,54,62,26.679513931274414,27.817474365234375,2.4105396270751953,0.75,0.0,27,8,4,1,230
13,54,63,26.679513931274414,27.817474365234375,2.4105396270751953,0.75,0.0,27,8,4,1,236
13,54,64,26.745407104492188,27.704174041748047,2.552044630050659,0.699999988079071,0.0,27,8,4,1,246
13,54,65,26.82472801208496,27.700498580932617,2.5466060638427734,0.6499999761581421,0.0,27,8,4,1,256
13,54,66,26.83706283569336,27.810714721679688,2.3987433910369873,0.6499999761581421,0.0,27,8,4,1,262
13,54,67,26.83706283569336,27.810714721679688,2.3987433910369873,0.6499999761581421,0.0,27,8,4,1,269
13,54,68,26.83706283569336,27.810714721679688,2.3987433910369873,0.6499999761581421,0.0,27,8,4,1,280
13,54,69,26.90509033203125,27.69683837890625,2.5411434173583984,0.6000000238418579,0.0,27,8,4,1,292
13,54,70,26.917455673217773,27.807287216186523,2.3928940296173096,0.6000000238418579,0.0,27,8,4,1,302
13,54,71,26.98637580871582,27.693199157714844,2.5356578826904297,0.550000011920929,0.0,27,8,4,1,308
13,54,72,26.99877166748047,27.803836822509766,2.387082815170288,0.550000011920929,0.0,27,8,4,1,319
13,54,73,26.99877166748047,27.803836822509766,2.387082815170288,0.550000011920929,0.0,27,8,4,1,327
13,54,74,27.068456649780273,27.689590454101562,2.5301513671875,0.5,0.0,27,8,4,1,336
13,54,75,27.080883026123047,27.80036735534668,2.3813130855560303,0.5,0.0,27,8,4,1,345
13,54,76,27.080883026123047,27.80036735534668,2.3813130855560303,0.5,0.0,27,8,4,1,352
13,54,77,27.080883026123047,27.80036735534668,2.3813130855560303,0.5,0.0,27,8,4,1,358
13,54,78,27.080883026123047,27.80036735534668,2.3813130855560303,0.5,0.0,27,8,4,1,364
13,54,79,27.080883026123047,27.80036735534668,2.3813130855560303,0.5,0.0,27,8,4,1,370
13,54,80,27.151201248168945,27.686019897460938,2.524624824523926,0.44999998807907104,0.0,28,8,4,0,379
14,55,1,27.070358276367188,27.442310333251953,3.5899152755737305,0.15000000596046448,0.10000000149011612,0,0,0,40,3
14,55,2,27.780885696411133,27.781835556030273,2.3521454334259033,0.15000000596046448,0.10000000149011612,1,0,0,39,4
14,55,3,27.780885696411133,27.781835556030273,2.3521454334259033,0.15000000596046448,0.10000000149011612,1,0,0,39,4
14,55,4,27.780885696411133,27.781835556030273,2.3521454334259033,0.15000000596046448,0.10000000149011612,1,0,0,39,4
14,55,5,27.780885696411133,27.781835556030273,2.3521454334259033,0.15000000596046448,0.10000000149011612,2,0,0,38,5
14,55,6,27.780885696411133,27.781835556030273,2.3521454334259033,0.15000000596046448,0.10000000149011612,2,0,0,38,6
14,55,7,27.780885696411133,27.781835556030273,2.3521454334259033,0.15000000596046448,0.10000000149011612,2,1,0,37,10
14,55,8,27.650617599487305,27.69718360900879,2.535079002380371,0.10000000149011612,0.05000000074505806,2,1,0,37,16
14,55,9,27.806779861450195,27.775537490844727,2.34184193611145,0.10000000149011612,0.05000000074505806,3,1,0,36,20
14,55,10,27.87666893005371,27.662199020385742,2.4849860668182373,0.05000000074505806,0.05000000074505806,3,1,0,36,25
14,55,11,27.889589309692383,27.77215576171875,2.336561918258667,0.05000000074505806,0.05000000074505806,3,1,1,35,29
14,55,12,27.889589309692383,27.77215576171875,2.336561918258667,0.05000000074505806,0.05000000074505806,3,1,1,35,35
14,55,13,27.687986373901367,27.800506591796875,2.376340627670288,0.05000000074505806,0.0,3,1,1,35,39
14,55,14,27.832233428955078,27.769329071044922,2.3317315578460693,0.05000000074505806,0.0,3,1,1,35,42
14,55,15,27.832233428955078,27.769329071044922,2.3317315578460693,0.05000000074505806,0.0,4,1,1,34,47
14,55,16,27.832233428955078,27.769329071044922,2.3317315578460693,0.05000000074505806,0.0,4,1,1,34,52
14,55,17,27.832233428955078,27.769329071044922,2.3317315578460693,0.05000000074505806,0.0,4,1,3,32,59
14,55,18,27.832233428955078,27.769329071044922,2.3317315578460693,0.05000000074505806,0.0,5,1,4,30,68
14,55,19,27.832233428955078,27.769329071044922,2.3317315578460693,0.05000000074505806,0.0,5,1,4,30,76
14,55,20,27.901596069335938,27.656583786010742,2.474292755126953,0.0,0.0,5,1,5,29,89
14,55,21,27.91438865661621,27.766014099121094,2.3265156745910645,0.0,0.0,5,1,7,27,102
14,55,22,27.91438865661621,27.766014099121094,2.3265156745910645,0.0,0.0,5,1,8,26,111
14,55,23,27.91438865661621,27.766014099121094,2.3265156745910645,0.0,0.0,5,1,8,26,116
14,55,24,27.91438865661621,27.766014099121094,2.3265156745910645,0.0,0.0,5,1,8,26,128
14,55,25,27.91438865661621,27.766014099121094,2.3265156745910645,0.0,0.0,5,1,10,24,139
14,55,26,27.91438865661621,27.766014099121094,2.3265156745910645,0.0,0.0,5,1,10,24,142
14,55,27,27.91438865661621,27.766014099121094,2.3265156745910645,0.0,0.0,5,1,10,24,146
14,55,28,27.91438865661621,27.766014099121094,2.3265156745910645,0.0,0.0,5,1,13,21,155
14,55,29,27.91438865661621,27.766014099121094,2.3265156745910645,0.0,0.0,5,1,14,20,164
14,55,30,27.91438865661621,27.766014099121094,2.3265156745910645,0.0,0.0,5,1,15,19,171
14,55,31,27.91438865661621,27.766014099121094,2.3265156745910645,0.0,0.0,5,1,18,16,179
14,55,32,27.91438865661621,27.766014099121094,2.3265156745910645,0.0,0.0,5,1,18,16,187
14,55,33,27.91438865661621,27.766014099121094,2.3265156745910645,0.0,0.0,5,1,19,15,199
14,55,34,27.91438865661621,27.766014099121094,2.3265156745910645,0.0,0.0,5,1,19,15,207
14,55,35,27.91438865661621,27.766014099121094,2.3265156745910645,0.0,0.0,5,1,20,14,216
14,55,36,27.91438865661621,27.766014099121094,2.3265156745910645,0.0,0.0,5,1,20,14,225
14,55,37,27.91438865661621,27.766014099121094,2.3265156745910645,0.0,0.0,5,1,21,13,232
14,55,38,27.91438865661621,27.766014099121094,2.3265156745910645,0.0,0.0,5,1,21,13,242
14,55,39,27.91438865661621,27.766014099121094,2.3265156745910645,0.0,0.0,5,1,21,13,247
14,55,40,27.91438865661621,27.766014099121094,2.3265156745910645,0.0,0.0,5,1,22,12,253
14,55,41,27.91438865661621,27.766014099121094,2.3265156745910645,0.0,0.0,5,1,22,12,256
14,55,42,27.91438865661621,27.766014099121094,2.3265156745910645,0.0,0.0,5,1,22,12,261
14,55,43,27.91438865661621,27.766014099121094,2.3265156745910645,0.0,0.0,5,1,22,12,270
14,55,44,27.91438865661621,27.766014099121094,2.3265156745910645,0.0,0.0,5,1,22,12,279
14,55,45,27.91438865661621,27.766014099121094,2.3265156745910645,0.0,0.0,5,1,24,10,290
14,55,46,27.91438865661621,27.766014099121094,2.3265156745910645,0.0,0.0,5,1,24,10,297
14,55,47,27.91438865661621,27.766014099121094,2.3265156745910645,0.0,0.0,5,1,25,9,305
14,55,48,27.91438865661621,27.766014099121094,2.3265156745910645,0.0,0.0,5,1,27,7,312
14,55,49,27.91438865661621,27.766014099121094,2.3265156745910645,0.0,0.0,5,1,27,7,320
14,55,50,27.91438865661621,27.766014099121094,2.3265156745910645,0.0,0.0,5,1,30,4,331
14,55,51,27.91438865661621,27.766014099121094,2.3265156745910645,0.0,0.0,5,1,30,4,336
14,55,52,27.91438865661621,27.766014099121094,2.3265156745910645,0.0,0.0,5,1,31,3,341
14,55,53,27.91438865661621,27.766014099121094,2.3265156745910645,0.0,0.0,5,1,32,2,348
14,55,54,27.91438865661621,27.766014099121094,2.3265156745910645,0.0,0.0,5,1,32,2,353
14,55,55,27.91438865661621,27.766014099121094,2.3265156745910645,0.0,0.0,5,1,32,2,366
14,55,56,27.91438865661621,27.766014099121094,2.3265156745910645,0.0,0.0,5,1,32,2,375
14,55,57,27.91438865661621,27.766014099121094,2.3265156745910645,0.0,0.0,5,1,32,2,384
14,55,58,27.91438865661621,27.766014099121094,2.3265156745910645,0.0,0.0,5,1,32,2,395
14,55,59,27.91438865661621,27.766014099121094,2.3265156745910645,0.0,0.0,5,1,32,2,402
14,55,60,27.91438865661621,27.766014099121094,2.3265156745910645,0.0,0.0,5,1,33,1,412
14,55,61,27.91438865661621,27.766014099121094,2.3265156745910645,0.0,0.0,5,1,33,1,419
14,55,62,27.91438865661621,27.766014099121094,2.3265156745910645,0.0,0.0,5,1,33,1,424
14,55,63,27.91438865661621,27.766014099121094,2.3265156745910645,0.0,0.0,5,1,33,1,433
14,55,64,27.91438865661621,27.766014099121094,2.3265156745910645,0.0,0.0,5,1,34,0,441
15,56,1,25.92626953125,28.053895950317383,2.8259267807006836,1.0,0.05000000074505806,0,0,0,40,1
15,56,2,26.35731315612793,27.83656883239746,2.4449892044067383,1.0,0.05000000074505806,0,0,0,40,1
15,56,3,26.35731315612793,27.83656883239746,2.4449892044067383,1.0,0.05000000074505806,0,0,0,40,2
15,56,4,26.35731315612793,27.83656883239746,2.4449892044067383,1.0,0.05000000074505806,1,0,0,39,2
15,56,5,26.35731315612793,27.83656883239746,2.4449892044067383,1.0,0.05000000074505806,3,1,0,36,2
15,56,6,26.35731315612793,27.83656883239746,2.4449892044067383,1.0,0.05000000074505806,3,2,0,35,2
15,56,7,26.35731315612793,27.83656883239746,2.4449892044067383,1.0,0.05000000074505806,3,2,0,35,3
15,56,8,26.35731315612793,27.83656883239746,2.4449892044067383,1.0,0.05000000074505806,3,3,0,34,7
15,56,9,26.35731315612793,27.83656883239746,2.4449892044067383,1.0,0.05000000074505806,3,3,1,33,11
15,56,10,26.176746368408203,27.86298942565918,2.4849443435668945,1.0,0.0,3,3,1,33,14
15,56,11,26.30893325805664,27.83357810974121,2.4403908252716064,1.0,0.0,4,3,1,32,16
15,56,12,26.30893325805664,27.83357810974121,2.4403908252716064,1.0,0.0,4,3,1,32,18
15,56,13,26.30893325805664,27.83357810974121,2.4403908252716064,1.0,0.0,5,3,1,31,20
15,56,14,26.30893325805664,27.83357810974121,2.4403908252716064,1.0,0.0,5,3,1,31,22
15,56,15,26.30893325805664,27.83357810974121,2.4403908252716064,1.0,0.0,5,3,2,30,27
15,56,16,26.30893325805664,27.83357810974121,2.4403908252716064,1.0,0.0,5,3,2,30,30
15,56,17,26.30893325805664,27.83357810974121,2.4403908252716064,1.0,0.0,6,3,4,27,33
15,56,18,26.30893325805664,27.83357810974121,2.4403908252716064,1.0,0.0,6,3,4,27,35
15,56,19,26.30893325805664,27.83357810974121,2.4403908252716064,1.0,0.0,6,3,4,27,40
15,56,20,26.30893325805664,27.83357810974121,2.4403908252716064,1.0,0.0,7,3,4,26,45
15,56,21,26.30893325805664,27.83357810974121,2.4403908252716064,1.0,0.0,7,3,4,26,48
15,56,22,26.30893325805664,27.83357810974121,2.4403908252716064,1.0,0.0,8,3,4,25,53
15,56,23,26.30893325805664,27.83357810974121,2.4403908252716064,1.0,0.0,9,3,4,24,58
15,56,24,26.30893325805664,27.83357810974121,2.4403908252716064,1.0,0.0,10,3,4,23,63
15,56,25,26.30893325805664,27.83357810974121,2.4403908252716064,1.0,0.0,10,3,4,23,68
15,56,26,26.30893325805664,27.83357810974121,2.4403908252716064,1.0,0.0,10,3,5,22,73
15,56,27,26.367881774902344,27.72254753112793,2.578826904296875,0.949999988079071,0.0,10,3,5,22,78
15,56,28,26.380081176757812,27.830467224121094,2.4343979358673096,0.949999988079071,0.0,10,3,6,21,85
15,56,29,26.440563201904297,27.718896865844727,2.5735297203063965,0.8999999761581421,0.0,11,3,6,20,87
15,56,30,26.452775955200195,27.827295303344727,2.4284114837646484,0.8999999761581421,0.0,11,3,6,20,93
15,56,31,26.452775955200195,27.827295303344727,2.4284114837646484,0.8999999761581421,0.0,11,3,7,19,98
15,56,32,26.452775955200195,27.827295303344727,2.4284114837646484,0.8999999761581421,0.0,13,3,8,16,106
15,56,33,26.452775955200195,27.827295303344727,2.4284114837646484,0.8999999761581421,0.0,13,3,8,16,109
15,56,34,26.452775955200195,27.827295303344727,2.4284114837646484,0.8999999761581421,0.0,13,3,8,16,113
15,56,35,26.514728546142578,27.715227127075195,2.5682015419006348,0.8500000238418579,0.0,13,3,8,16,120
15,56,36,26.526960372924805,27.82406997680664,2.4224367141723633,0.8500000238418579,0.0,14,3,8,15,124
15,56,37,26.526960372924805,27.82406997680664,2.4224367141723633,0.8500000238418579,0.0,14,3,8,15,129
15,56,38,26.526960372924805,27.82406997680664,2.4224367141723633,0.8500000238418579,0.0,14,3,8,15,137
15,56,39,26.590312957763672,27.711545944213867,2.5628437995910645,0.800000011920929,0.0,14,3,8,15,144
15,56,40,26.667234420776367,27.707860946655273,2.557457685470581,0.75,0.0,15,3,8,14,150
15,56,41,26.679513931274414,27.817474365234375,2.4105396270751953,0.75,0.0,15,3,8,14,157
15,56,42,26.679513931274414,27.817474365234375,2.4105396270751953,0.75,0.0,16,3,8,13,165
15,56,43,26.679513931274414,27.817474365234375,2.4105396270751953,0.75,0.0,17,3,8,12,174
15,56,44,26.679513931274414,27.817474365234375,2.4105396270751953,0.75,0.0,17,3,8,12,179
15,56,45,26.745407104492188,27.704174041748047,2.552044630050659,0.699999988079071,0.0,18,3,8,11,185
15,56,46,26.75771141052246,27.814111709594727,2.4046266078948975,0.699999988079071,0.0,18,3,8,11,191
15,56,47,26.82472801208496,27.700498580932617,2.5466060638427734,0.6499999761581421,0.0,19,3,8,10,199
15,56,48,26.83706283569336,27.810714721679688,2.3987433910369873,0.6499999761581421,0.0,20,3,8,9,203
15,56,49,26.83706283569336,27.810714721679688,2.3987433910369873,0.6499999761581421,0.0,21,3,8,8,212
15,56,50,26.90509033203125,27.69683837890625,2.5411434173583984,0.6000000238418579,0.0,22,3,8,7,223
15,56,51,26.917455673217773,27.807287216186523,2.3928940296173096,0.6000000238418579,0.0,22,3,8,7,232
15,56,52,26.917455673217773,27.807287216186523,2.3928940296173096,0.6000000238418579,0.0,22,3,8,7,237
15,56,53,26.98637580871582,27.693199157714844,2.5356578826904297,0.550000011920929,0.0,22,3,8,7,241
15,56,54,26.99877166748047,27.803836822509766,2.387082815170288,0.550000011920929,0.0,25,3,8,4,248
15,56,55,26.99877166748047,27.803836822509766,2.387082815170288,0.550000011920929,0.0,25,3,8,4,252
15,56,56,26.99877166748047,27.803836822509766,2.387082815170288,0.550000011920929,0.0,26,3,8,3,256
15,56,57,26.99877166748047,27.803836822509766,2.387082815170288,0.550000011920929,0.0,27,3,8,2,265
15,56,58,27.068456649780273,27.689590454101562,2.5301513671875,0.5,0.0,27,3,8,2,272
15,56,59,27.080883026123047,27.80036735534668,2.3813130855560303,0.5,0.0,27,3,8,2,282
15,56,60,27.080883026123047,27.80036735534668,2.3813130855560303,0.5,0.0,27,3,8,2,292
15,56,61,27.080883026123047,27.80036735534668,2.3813130855560303,0.5,0.0,28,3,8,1,297
15,56,62,27.080883026123047,27.80036735534668,2.3813130855560303,0.5,0.0,28,3,8,1,304
15,56,63,27.080883026123047,27.80036735534668,2.3813130855560303,0.5,0.0,28,3,8,1,311
15,56,64,27.080883026123047,27.80036735534668,2.3813130855560303,0.5,0.0,28,3,8,1,323
15,56,65,27.080883026123047,27.80036735534668,2.3813130855560303,0.5,0.0,28,3,8,1,328
15,56,66,27.080883026123047,27.80036735534668,2.3813130855560303,0.5,0.0,28,3,8,1,334
15,56,67,27.151201248168945,27.686019897460938,2.524624824523926,0.44999998807907104,0.0,28,3,8,1,337
15,56,68,27.163658142089844,27.796884536743164,2.3755886554718018,0.44999998807907104,0.0,28,3,8,1,347
15,56,69,27.234466552734375,27.682491302490234,2.51908016204834,0.4000000059604645,0.0,28,3,8,1,350
15,56,70,27.3181095123291,27.679014205932617,2.513518810272217,0.3499999940395355,0.0,28,3,8,1,357
15,56,71,27.401979446411133,27.675594329833984,2.5079429149627686,0.30000001192092896,0.0,28,3,8,1,363
15,56,72,27.414533615112305,27.786426544189453,2.358717203140259,0.30000001192092896,0.0,28,3,8,1,367
15,56,73,27.414533615112305,27.786426544189453,2.358717203140259,0.30000001192092896,0.0,28,3,8,1,375
15,56,74,27.48592758178711,27.672237396240234,2.502354145050049,0.25,0.0,28,3,8,1,387
15,56,75,27.49851417541504,27.782957077026367,2.3532023429870605,0.25,0.0,28,3,8,1,394
15,56,76,27.49851417541504,27.782957077026367,2.3532023429870605,0.25,0.0,28,3,8,1,402
15,56,77,27.49851417541504,27.782957077026367,2.3532023429870605,0.25,0.0,28,3,8,1,407
15,56,78,27.49851417541504,27.782957077026367,2.3532023429870605,0.25,0.0,28,3,8,1,411
15,56,79,27.569801330566406,27.668949127197266,2.4967546463012695,0.20000000298023224,0.0,28,3,8,1,417
15,56,80,27.58242416381836,27.77950668334961,2.347744941711426,0.20000000298023224,0.0,28,3,8,1,421
15,56,81,27.58242416381836,27.77950668334961,2.347744941711426,0.20000000298023224,0.0,29,3,8,0,429
16,57,1,28.166776657104492,27.103271484375,3.44523024559021,0.05000000074505806,1.0,0,0,0,40,1
16,57,2,28.906494140625,27.82667350769043,2.434173822402954,0.05000000074505806,1.0,0,1,0,39,1
16,57,3,28.906494140625,27.82667350769043,2.434173822402954,0.05000000074505806,1.0,1,2,0,37,4
16,57,4,28.906494140625,27.82667350769043,2.434173822402954,0.05000000074505806,1.0,1,3,0,36,7
16,57,5,28.906494140625,27.82667350769043,2.434173822402954,0.05000000074505806,1.0,1,3,0,36,8
16,57,6,28.906494140625,27.82667350769043,2.434173822402954,0.05000000074505806,1.0,1,4,0,35,9
16,57,7,28.906494140625,27.82667350769043,2.434173822402954,0.05000000074505806,1.0,1,4,0,35,11
16,57,8,28.906494140625,27.82667350769043,2.434173822402954,0.05000000074505806,1.0,1,4,0,35,15
16,57,9,28.95634651184082,27.716646194458008,2.5713422298431396,0.0,1.0,1,6,0,33,18
16,57,10,28.978116989135742,27.8231258392334,2.4286580085754395,0.0,1.0,1,7,0,32,19
16,57,11,28.978116989135742,27.8231258392334,2.4286580085754395,0.0,1.0,1,7,0,32,21
16,57,12,28.978116989135742,27.8231258392334,2.4286580085754395,0.0,1.0,1,7,0,32,21
16,57,13,28.978116989135742,27.8231258392334,2.4286580085754395,0.0,1.0,1,8,1,30,25
16,57,14,28.978116989135742,27.8231258392334,2.4286580085754395,0.0,1.0,1,8,1,30,29
16,57,15,28.978116989135742,27.8231258392334,2.4286580085754395,0.0,1.0,1,8,1,30,31
16,57,16,28.978116989135742,27.8231258392334,2.4286580085754395,0.0,1.0,1,8,1,30,34
16,57,17,28.978116989135742,27.8231258392334,2.4286580085754395,0.0,1.0,1,10,1,28,36
16,57,18,28.978116989135742,27.8231258392334,2.4286580085754395,0.0,1.0,1,10,1,28,39
16,57,19,28.978116989135742,27.8231258392334,2.4286580085754395,0.0,1.0,1,11,1,27,41
16,57,20,28.978116989135742,27.8231258392334,2.4286580085754395,0.0,1.0,1,11,2,26,47
16,57,21,28.978116989135742,27.8231258392334,2.4286580085754395,0.0,1.0,1,11,2,26,53
16,57,22,28.978116989135742,27.8231258392334,2.4286580085754395,0.0,1.0,1,12,2,25,54
16,57,23,28.978116989135742,27.8231258392334,2.4286580085754395,0.0,1.0,1,12,2,25,60
16,57,24,28.978116989135742,27.8231258392334,2.4286580085754395,0.0,1.0,1,12,2,25,68
16,57,25,28.978116989135742,27.8231258392334,2.4286580085754395,0.0,1.0,1,12,2,25,71
16,57,26,28.978116989135742,27.8231258392334,2.4286580085754395,0.0,1.0,1,12,2,25,79
16,57,27,28.978116989135742,27.8231258392334,2.4286580085754395,0.0,1.0,1,13,2,24,80
16,57,28,28.978116989135742,27.8231258392334,2.4286580085754395,0.0,1.0,1,13,2,24,84
16,57,29,28.978116989135742,27.8231258392334,2.4286580085754395,0.0,1.0,1,13,2,24,89
16,57,30,28.978116989135742,27.8231258392334,2.4286580085754395,0.0,1.0,1,14,2,23,92
16,57,31,28.978116989135742,27.8231258392334,2.4286580085754395,0.0,1.0,1,15,2,22,96
16,57,32,28.978116989135742,27.8231258392334,2.4286580085754395,0.0,1.0,1,17,2,20,103
16,57,33,28.978116989135742,27.8231258392334,2.4286580085754395,0.0,1.0,1,18,2,19,104
16,57,34,28.978116989135742,27.8231258392334,2.4286580085754395,0.0,1.0,1,18,2,19,108
16,57,35,28.978116989135742,27.8231258392334,2.4286580085754395,0.0,1.0,1,20,2,17,111
16,57,36,28.978116989135742,27.8231258392334,2.4286580085754395,0.0,1.0,1,21,2,16,112
16,57,37,28.978116989135742,27.8231258392334,2.4286580085754395,0.0,1.0,1,21,2,16,118
16,57,38,28.978116989135742,27.8231258392334,2.4286580085754395,0.0,1.0,1,21,2,16,119
16,57,39,28.978116989135742,27.8231258392334,2.4286580085754395,0.0,1.0,1,21,2,16,121
16,57,40,28.978116989135742,27.8231258392334,2.4286580085754395,0.0,1.0,1,21,2,16,124
16,57,41,28.78670310974121,27.85011863708496,2.468353509902954,0.0,0.949999988079071,1,21,2,16,127
16,57,42,28.932601928710938,27.82027816772461,2.424129009246826,0.0,0.949999988079071,1,22,2,15,130
16,57,43,28.932601928710938,27.82027816772461,2.424129009246826,0.0,0.949999988079071,1,23,2,14,139
16,57,44,28.739660263061523,27.847503662109375,2.4639103412628174,0.0,0.8999999761581421,1,24,2,13,141
16,57,45,28.886016845703125,27.81742286682129,2.4194657802581787,0.0,0.8999999761581421,1,25,2,12,143
16,57,46,28.691627502441406,27.84486961364746,2.459322929382324,0.0,0.8500000238418579,1,25,2,12,146
16,57,47,28.83838653564453,27.814558029174805,2.4146761894226074,0.0,0.8500000238418579,1,25,2,12,150
16,57,48,28.83838653564453,27.814558029174805,2.4146761894226074,0.0,0.8500000238418579,1,25,2,12,152
16,57,49,28.83838653564453,27.814558029174805,2.4146761894226074,0.0,0.8500000238418579,1,25,2,12,154
16,57,50,28.83838653564453,27.814558029174805,2.4146761894226074,0.0,0.8500000238418579,1,25,2,12,156
16,57,51,28.64263153076172,27.842212677001953,2.454598903656006,0.0,0.800000011920929,1,25,2,12,161
16,57,52,28.789737701416016,27.811689376831055,2.409769058227539,0.0,0.800000011920929,1,25,2,12,164
16,57,53,28.789737701416016,27.811689376831055,2.409769058227539,0.0,0.800000011920929,1,27,2,10,166
16,57,54,28.789737701416016,27.811689376831055,2.409769058227539,0.0,0.800000011920929,1,27,2,10,174
16,57,55,28.592710494995117,27.83953285217285,2.449747085571289,0.0,0.75,1,27,2,10,176
16,57,56,28.74009895324707,27.80881690979004,2.404754877090454,0.0,0.75,1,27,2,10,182
16,57,57,28.541898727416992,27.836833953857422,2.4447779655456543,0.0,0.699999988079071,1,28,2,9,190
16,57,58,28.689512252807617,27.805940628051758,2.3996448516845703,0.0,0.699999988079071,1,29,2,8,193
16,57,59,28.689512252807617,27.805940628051758,2.3996448516845703,0.0,0.699999988079071,1,30,2,7,195
16,57,60,28.689512252807617,27.805940628051758,2.3996448516845703,0.0,0.699999988079071,1,30,2,7,198
16,57,61,28.689512252807617,27.805940628051758,2.3996448516845703,0.0,0.699999988079071,1,30,2,7,201
16,57,62,28.689512252807617,27.805940628051758,2.3996448516845703,0.0,0.699999988079071,1,31,2,6,206
16,57,63,28.689512252807617,27.805940628051758,2.3996448516845703,0.0,0.699999988079071,1,31,2,6,210
16,57,64,28.689512252807617,27.805940628051758,2.3996448516845703,0.0,0.699999988079071,1,31,2,6,216
16,57,65,28.689512252807617,27.805940628051758,2.3996448516845703,0.0,0.699999988079071,1,32,2,5,219
16,57,66,28.490245819091797,27.83411407470703,2.4397029876708984,0.0,0.6499999761581421,1,32,2,5,225
16,57,67,28.638017654418945,27.803062438964844,2.394451856613159,0.0,0.6499999761581421,1,33,2,4,227
16,57,68,28.638017654418945,27.803062438964844,2.394451856613159,0.0,0.6499999761581421,1,33,2,4,234
16,57,69,28.638017654418945,27.803062438964844,2.394451856613159,0.0,0.6499999761581421,1,34,2,3,238
16,57,70,28.638017654418945,27.803062438964844,2.394451856613159,0.0,0.6499999761581421,1,34,2,3,242
16,57,71,28.638017654418945,27.803062438964844,2.394451856613159,0.0,0.6499999761581421,1,35,2,2,245
16,57,72,28.43779754638672,27.831375122070312,2.434535264968872,0.0,0.6000000238418579,1,35,2,2,250
16,57,73,28.585664749145508,27.80018424987793,2.3891892433166504,0.0,0.6000000238418579,1,35,2,2,252
16,57,74,28.585664749145508,27.80018424987793,2.3891892433166504,0.0,0.6000000238418579,1,35,2,2,262
16,57,75,28.585664749145508,27.80018424987793,2.3891892433166504,0.0,0.6000000238418579,1,36,2,1,267
16,57,76,28.384611129760742,27.82861328125,2.429287910461426,0.0,0.550000011920929,1,36,2,1,272
16,57,77,28.532506942749023,27.797306060791016,2.3838725090026855,0.0,0.550000011920929,1,37,2,0,278
17,58,1,28.09886932373047,27.106313705444336,3.451124668121338,0.15000000596046448,1.0,0,0,1,39,2
17,58,2,28.75908851623535,27.833782196044922,2.4452786445617676,0.15000000596046448,1.0,1,0,1,38,3
17,58,3,28.812503814697266,27.722909927368164,2.583522319793701,0.10000000149011612,1.0,1,0,1,38,5
17,58,4,28.83346176147461,27.83022689819336,2.4397149085998535,0.10000000149011612,1.0,1,0,1,38,5
17,58,5,28.83346176147461,27.83022689819336,2.4397149085998535,0.10000000149011612,1.0,2,0,1,37,6
17,58,6,28.83346176147461,27.83022689819336,2.4397149085998535,0.10000000149011612,1.0,3,0,1,36,8
17,58,7,28.83346176147461,27.83022689819336,2.4397149085998535,0.10000000149011612,1.0,3,3,1,33,8
17,58,8,28.83346176147461,27.83022689819336,2.4397149085998535,0.10000000149011612,1.0,3,4,1,32,8
17,58,9,28.83346176147461,27.83022689819336,2.4397149085998535,0.10000000149011612,1.0,3,4,1,32,10
17,58,10,28.83346176147461,27.83022689819336,2.4397149085998535,0.10000000149011612,1.0,5,4,2,29,12
17,58,11,28.83346176147461,27.83022689819336,2.4397149085998535,0.10000000149011612,1.0,5,4,2,29,14
17,58,12,28.83346176147461,27.83022689819336,2.4397149085998535,0.10000000149011612,1.0,6,5,2,27,14
17,58,13,28.83346176147461,27.83022689819336,2.4397149085998535,0.10000000149011612,1.0,6,6,2,26,16
17,58,14,28.83346176147461,27.83022689819336,2.4397149085998535,0.10000000149011612,1.0,6,7,2,25,20
17,58,15,28.885112762451172,27.719757080078125,2.577442169189453,0.05000000074505806,1.0,6,7,2,25,23
17,58,16,28.906494140625,27.82667350769043,2.434173822402954,0.05000000074505806,1.0,6,7,2,25,26
17,58,17,28.906494140625,27.82667350769043,2.434173822402954,0.05000000074505806,1.0,7,8,2,23,31
17,58,18,28.95634651184082,27.716646194458008,2.5713422298431396,0.0,1.0,8,8,2,22,37
17,58,19,28.978116989135742,27.8231258392334,2.4286580085754395,0.0,1.0,8,8,2,22,40
17,58,20,28.978116989135742,27.8231258392334,2.4286580085754395,0.0,1.0,8,8,2,22,46
17,58,21,28.978116989135742,27.8231258392334,2.4286580085754395,0.0,1.0,8,8,2,22,49
17,58,22,28.978116989135742,27.8231258392334,2.4286580085754395,0.0,1.0,8,8,2,22,55
17,58,23,28.978116989135742,27.8231258392334,2.4286580085754395,0.0,1.0,8,10,2,20,58
17,58,24,28.978116989135742,27.8231258392334,2.4286580085754395,0.0,1.0,8,11,2,19,63
17,58,25,28.978116989135742,27.8231258392334,2.4286580085754395,0.0,1.0,8,11,2,19,65
17,58,26,28.978116989135742,27.8231258392334,2.4286580085754395,0.0,1.0,8,12,2,18,67
17,58,27,28.978116989135742,27.8231258392334,2.4286580085754395,0.0,1.0,8,12,2,18,68
17,58,28,28.978116989135742,27.8231258392334,2.4286580085754395,0.0,1.0,8,13,2,17,74
17,58,29,28.978116989135742,27.8231258392334,2.4286580085754395,0.0,1.0,8,14,2,16,76
17,58,30,28.978116989135742,27.8231258392334,2.4286580085754395,0.0,1.0,8,15,2,15,79
17,58,31,28.978116989135742,27.8231258392334,2.4286580085754395,0.0,1.0,8,15,2,15,83
17,58,32,28.978116989135742,27.8231258392334,2.4286580085754395,0.0,1.0,8,17,2,13,85
17,58,33,28.978116989135742,27.8231258392334,2.4286580085754395,0.0,1.0,8,17,2,13,86
17,58,34,28.978116989135742,27.8231258392334,2.4286580085754395,0.0,1.0,8,18,2,12,88
17,58,35,28.978116989135742,27.8231258392334,2.4286580085754395,0.0,1.0,8,19,2,11,92
17,58,36,28.978116989135742,27.8231258392334,2.4286580085754395,0.0,1.0,8,19,2,11,93
17,58,37,28.978116989135742,27.8231258392334,2.4286580085754395,0.0,1.0,8,19,2,11,97
17,58,38,28.978116989135742,27.8231258392334,2.4286580085754395,0.0,1.0,8,20,2,10,98
17,58,39,28.978116989135742,27.8231258392334,2.4286580085754395,0.0,1.0,8,21,2,9,102
17,58,40,28.978116989135742,27.8231258392334,2.4286580085754395,0.0,1.0,8,21,2,9,102
17,58,41,28.978116989135742,27.8231258392334,2.4286580085754395,0.0,1.0,8,21,2,9,102
17,58,42,28.978116989135742,27.8231258392334,2.4286580085754395,0.0,1.0,8,21,2,9,103
17,58,43,28.978116989135742,27.8231258392334,2.4286580085754395,0.0,1.0,8,22,2,8,104
17,58,44,28.978116989135742,27.8231258392334,2.4286580085754395,0.0,1.0,8,22,2,8,104
17,58,45,28.978116989135742,27.8231258392334,2.4286580085754395,0.0,1.0,8,23,2,7,106
17,58,46,28.978116989135742,27.8231258392334,2.4286580085754395,0.0,1.0,8,24,2,6,109
17,58,47,28.978116989135742,27.8231258392334,2.4286580085754395,0.0,1.0,8,24,2,6,110
17,58,48,28.978116989135742,27.8231258392334,2.4286580085754395,0.0,1.0,8,25,2,5,113
17,58,49,28.978116989135742,27.8231258392334,2.4286580085754395,0.0,1.0,8,26,2,4,115
17,58,50,28.978116989135742,27.8231258392334,2.4286580085754395,0.0,1.0,8,26,2,4,115
17,58,51,28.978116989135742,27.8231258392334,2.4286580085754395,0.0,1.0,8,26,2,4,116
17,58,52,28.978116989135742,27.8231258392334,2.4286580085754395,0.0,1.0,8,26,2,4,119
17,58,53,28.978116989135742,27.8231258392334,2.4286580085754395,0.0,1.0,8,26,2,4,122
17,58,54,28.978116989135742,27.8231258392334,2.4286580085754395,0.0,1.0,8,26,2,4,124
17,58,55,28.978116989135742,27.8231258392334,2.4286580085754395,0.0,1.0,8,26,2,4,126
17,58,56,28.978116989135742,27.8231258392334,2.4286580085754395,0.0,1.0,8,26,2,4,127
17,58,57,28.78670310974121,27.85011863708496,2.468353509902954,0.0,0.949999988079071,8,27,2,3,128
17,58,58,28.932601928710938,27.82027816772461,2.424129009246826,0.0,0.949999988079071,8,27,2,3,128
17,58,59,28.932601928710938,27.82027816772461,2.424129009246826,0.0,0.949999988079071,8,27,2,3,130
17,58,60,28.739660263061523,27.847503662109375,2.4639103412628174,0.0,0.8999999761581421,8,27,2,3,134
17,58,61,28.886016845703125,27.81742286682129,2.4194657802581787,0.0,0.8999999761581421,8,27,2,3,137
17,58,62,28.886016845703125,27.81742286682129,2.4194657802581787,0.0,0.8999999761581421,8,27,2,3,140
17,58,63,28.691627502441406,27.84486961364746,2.459322929382324,0.0,0.8500000238418579,8,27,2,3,143
17,58,64,28.83838653564453,27.814558029174805,2.4146761894226074,0.0,0.8500000238418579,8,27,2,3,146
17,58,65,28.64263153076172,27.842212677001953,2.454598903656006,0.0,0.800000011920929,8,28,2,2,151
17,58,66,28.592710494995117,27.83953285217285,2.449747085571289,0.0,0.75,8,28,2,2,156
17,58,67,28.74009895324707,27.80881690979004,2.404754877090454,0.0,0.75,8,29,2,1,158
17,58,68,28.74009895324707,27.80881690979004,2.404754877090454,0.0,0.75,8,29,2,1,162
17,58,69,28.74009895324707,27.80881690979004,2.404754877090454,0.0,0.75,8,29,2,1,165
17,58,70,28.74009895324707,27.80881690979004,2.404754877090454,0.0,0.75,8,29,2,1,168
17,58,71,28.541898727416992,27.836833953857422,2.4447779655456543,0.0,0.699999988079071,8,29,2,1,173
17,58,72,28.689512252807617,27.805940628051758,2.3996448516845703,0.0,0.699999988079071,8,29,2,1,180
17,58,73,28.689512252807617,27.805940628051758,2.3996448516845703,0.0,0.699999988079071,8,30,2,0,185
18,59,1,28.166776657104492,27.103271484375,3.44523024559021,0.05000000074505806,1.0,0,0,0,40,1
18,59,2,28.906494140625,27.82667350769043,2.434173822402954,0.05000000074505806,1.0,1,0,0,39,3
18,59,3,28.95634651184082,27.716646194458008,2.5713422298431396,0.0,1.0,1,0,0,39,4
18,59,4,28.978116989135742,27.8231258392334,2.4286580085754395,0.0,1.0,1,3,0,36,6
18,59,5,28.978116989135742,27.8231258392334,2.4286580085754395,0.0,1.0,1,3,0,36,9
18,59,6,28.978116989135742,27.8231258392334,2.4286580085754395,0.0,1.0,1,3,0,36,10
18,59,7,28.978116989135742,27.8231258392334,2.4286580085754395,0.0,1.0,1,4,0,35,12
18,59,8,28.978116989135742,27.8231258392334,2.4286580085754395,0.0,1.0,1,4,0,35,14
18,59,9,28.978116989135742,27.8231258392334,2.4286580085754395,0.0,1.0,1,4,1,34,18
18,59,10,28.978116989135742,27.8231258392334,2.4286580085754395,0.0,1.0,1,4,1,34,22
18,59,11,28.978116989135742,27.8231258392334,2.4286580085754395,0.0,1.0,1,5,1,33,25
18,59,12,28.978116989135742,27.8231258392334,2.4286580085754395,0.0,1.0,1,5,1,33,28
18,59,13,28.978116989135742,27.8231258392334,2.4286580085754395,0.0,1.0,1,5,3,31,38
18,59,14,28.978116989135742,27.8231258392334,2.4286580085754395,0.0,1.0,1,5,3,31,43
18,59,15,28.978116989135742,27.8231258392334,2.4286580085754395,0.0,1.0,1,5,3,31,44
18,59,16,28.978116989135742,27.8231258392334,2.4286580085754395,0.0,1.0,1,5,3,31,47
18,59,17,28.978116989135742,27.8231258392334,2.4286580085754395,0.0,1.0,1,6,3,30,49
18,59,18,28.978116989135742,27.8231258392334,2.4286580085754395,0.0,1.0,1,7,3,29,50
18,59,19,28.978116989135742,27.8231258392334,2.4286580085754395,0.0,1.0,1,9,4,26,57
18,59,20,28.978116989135742,27.8231258392334,2.4286580085754395,0.0,1.0,1,10,5,24,63
18,59,21,28.978116989135742,27.8231258392334,2.4286580085754395,0.0,1.0,1,11,6,22,69
18,59,22,28.978116989135742,27.8231258392334,2.4286580085754395,0.0,1.0,1,11,7,21,77
18,59,23,28.978116989135742,27.8231258392334,2.4286580085754395,0.0,1.0,1,12,7,20,80
18,59,24,28.978116989135742,27.8231258392334,2.4286580085754395,0.0,1.0,1,12,7,20,83
18,59,25,28.978116989135742,27.8231258392334,2.4286580085754395,0.0,1.0,1,13,7,19,83
18,59,26,28.978116989135742,27.8231258392334,2.4286580085754395,0.0,1.0,1,13,8,18,88
18,59,27,28.978116989135742,27.8231258392334,2.4286580085754395,0.0,1.0,1,13,8,18,93
18,59,28,28.978116989135742,27.8231258392334,2.4286580085754395,0.0,1.0,1,13,8,18,95
18,59,29,28.978116989135742,27.8231258392334,2.4286580085754395,0.0,1.0,1,15,8,16,104
18,59,30,28.78670310974121,27.85011863708496,2.468353509902954,0.0,0.949999988079071,1,16,8,15,106
18,59,31,28.932601928710938,27.82027816772461,2.424129009246826,0.0,0.949999988079071,1,17,8,14,111
18,59,32,28.932601928710938,27.82027816772461,2.424129009246826,0.0,0.949999988079071,1,18,8,13,112
18,59,33,28.932601928710938,27.82027816772461,2.424129009246826,0.0,0.949999988079071,1,18,8,13,114
18,59,34,28.932601928710938,27.82027816772461,2.424129009246826,0.0,0.949999988079071,1,18,8,13,118
18,59,35,28.739660263061523,27.847503662109375,2.4639103412628174,0.0,0.8999999761581421,1,18,8,13,123
18,59,36,28.691627502441406,27.84486961364746,2.459322929382324,0.0,0.8500000238418579,1,18,8,13,126
18,59,37,28.83838653564453,27.814558029174805,2.4146761894226074,0.0,0.8500000238418579,1,18,8,13,129
18,59,38,28.83838653564453,27.814558029174805,2.4146761894226074,0.0,0.8500000238418579,1,19,8,12,134
18,59,39,28.64263153076172,27.842212677001953,2.454598903656006,0.0,0.800000011920929,1,20,8,11,138
18,59,40,28.789737701416016,27.811689376831055,2.409769058227539,0.0,0.800000011920929,1,20,8,11,140
18,59,41,28.789737701416016,27.811689376831055,2.409769058227539,0.0,0.800000011920929,1,20,8,11,145
18,59,42,28.789737701416016,27.811689376831055,2.409769058227539,0.0,0.800000011920929,1,20,8,11,145
18,59,43,28.789737701416016,27.811689376831055,2.409769058227539,0.0,0.800000011920929,1,22,8,9,147
18,59,44,28.789737701416016,27.811689376831055,2.409769058227539,0.0,0.800000011920929,1,23,8,8,150
18,59,45,28.789737701416016,27.811689376831055,2.409769058227539,0.0,0.800000011920929,1,23,8,8,155
18,59,46,28.592710494995117,27.83953285217285,2.449747085571289,0.0,0.75,1,23,8,8,159
18,59,47,28.74009895324707,27.80881690979004,2.404754877090454,0.0,0.75,1,24,8,7,164
18,59,48,28.541898727416992,27.836833953857422,2.4447779655456543,0.0,0.699999988079071,1,25,8,6,169
18,59,49,28.689512252807617,27.805940628051758,2.3996448516845703,0.0,0.699999988079071,1,25,8,6,176
18,59,50,28.689512252807617,27.805940628051758,2.3996448516845703,0.0,0.699999988079071,1,27,8,4,185
18,59,51,28.490245819091797,27.83411407470703,2.4397029876708984,0.0,0.6499999761581421,1,28,8,3,189
18,59,52,28.638017654418945,27.803062438964844,2.394451856613159,0.0,0.6499999761581421,1,28,8,3,195
18,59,53,28.43779754638672,27.831375122070312,2.434535264968872,0.0,0.6000000238418579,1,28,8,3,201
18,59,54,28.585664749145508,27.80018424987793,2.3891892433166504,0.0,0.6000000238418579,1,28,8,3,206
18,59,55,28.585664749145508,27.80018424987793,2.3891892433166504,0.0,0.6000000238418579,1,28,8,3,211
18,59,56,28.585664749145508,27.80018424987793,2.3891892433166504,0.0,0.6000000238418579,1,28,8,3,216
18,59,57,28.585664749145508,27.80018424987793,2.3891892433166504,0.0,0.6000000238418579,1,28,8,3,222
18,59,58,28.384611129760742,27.82861328125,2.429287910461426,0.0,0.550000011920929,1,28,8,3,232
18,59,59,28.532506942749023,27.797306060791016,2.3838725090026855,0.0,0.550000011920929,1,28,8,3,236
18,59,60,28.330745697021484,27.825834274291992,2.423976421356201,0.0,0.5,1,28,8,3,243
18,59,61,28.478605270385742,27.794431686401367,2.378516674041748,0.0,0.5,1,28,8,3,245
18,59,62,28.478605270385742,27.794431686401367,2.378516674041748,0.0,0.5,1,28,8,3,251
18,59,63,28.276264190673828,27.823036193847656,2.4186158180236816,0.0,0.44999998807907104,1,28,8,3,256
18,59,64,28.424020767211914,27.79155921936035,2.373138189315796,0.0,0.44999998807907104,1,28,8,3,262
18,59,65,28.221233367919922,27.820219039916992,2.4132227897644043,0.0,0.4000000059604645,1,29,8,2,269
18,59,66,28.165727615356445,27.8173828125,2.4078140258789062,0.0,0.3499999940395355,1,29,8,2,271
18,59,67,28.313085556030273,27.785829544067383,2.3623814582824707,0.0,0.3499999940395355,1,30,8,1,279
18,59,68,28.313085556030273,27.785829544067383,2.3623814582824707,0.0,0.3499999940395355,1,30,8,1,284
18,59,69,28.313085556030273,27.785829544067383,2.3623814582824707,0.0,0.3499999940395355,1,30,8,1,286
18,59,70,28.313085556030273,27.785829544067383,2.3623814582824707,0.0,0.3499999940395355,1,31,8,0,291
19,60,1,27.163562774658203,27.441789627075195,3.589116096496582,0.05000000074505806,0.20000000298023224,0,0,0,40,3
19,60,2,27.858407974243164,27.809350967407227,2.3917717933654785,0.05000000074505806,0.15000000596046448,0,1,0,39,5
19,60,3,27.8015193939209,27.806415557861328,2.386536121368408,0.05000000074505806,0.10000000149011612,0,2,0,38,8
19,60,4,27.947031021118164,27.774991989135742,2.3415191173553467,0.05000000074505806,0.10000000149011612,0,2,0,38,9
19,60,5,27.947031021118164,27.774991989135742,2.3415191173553467,0.05000000074505806,0.10000000149011612,0,2,0,38,10
19,60,6,27.947031021118164,27.774991989135742,2.3415191173553467,0.05000000074505806,0.10000000149011612,0,3,0,37,11
19,60,7,27.947031021118164,27.774991989135742,2.3415191173553467,0.05000000074505806,0.10000000149011612,1,3,0,36,13
19,60,8,27.947031021118164,27.774991989135742,2.3415191173553467,0.05000000074505806,0.10000000149011612,1,3,0,36,15
19,60,9,27.947031021118164,27.774991989135742,2.3415191173553467,0.05000000074505806,0.10000000149011612,3,3,0,34,18
19,60,10,27.74468421936035,27.803466796875,2.381387233734131,0.05000000074505806,0.05000000074505806,3,3,0,34,20
19,60,11,27.958677291870117,27.65921974182129,2.4793429374694824,0.0,0.05000000074505806,3,3,0,34,29
19,60,12,27.770336151123047,27.797117233276367,2.3709373474121094,0.0,0.0,3,5,2,30,34
19,60,13,27.91438865661621,27.766014099121094,2.3265156745910645,0.0,0.0,4,5,2,29,38
19,60,14,27.91438865661621,27.766014099121094,2.3265156745910645,0.0,0.0,4,5,2,29,44
19,60,15,27.91438865661621,27.766014099121094,2.3265156745910645,0.0,0.0,4,5,3,28,50
19,60,16,27.91438865661621,27.766014099121094,2.3265156745910645,0.0,0.0,4,5,3,28,55
19,60,17,27.91438865661621,27.766014099121094,2.3265156745910645,0.0,0.0,4,5,3,28,62
19,60,18,27.91438865661621,27.766014099121094,2.3265156745910645,0.0,0.0,4,5,3,28,70
19,60,19,27.91438865661621,27.766014099121094,2.3265156745910645,0.0,0.0,5,5,5,25,78
19,60,20,27.91438865661621,27.766014099121094,2.3265156745910645,0.0,0.0,6,5,8,21,87
19,60,21,27.91438865661621,27.766014099121094,2.3265156745910645,0.0,0.0,6,5,8,21,98
19,60,22,27.91438865661621,27.766014099121094,2.3265156745910645,0.0,0.0,6,5,9,20,104
19,60,23,27.91438865661621,27.766014099121094,2.3265156745910645,0.0,0.0,6,5,9,20,112
19,60,24,27.91438865661621,27.766014099121094,2.3265156745910645,0.0,0.0,6,5,10,19,118
19,60,25,27.91438865661621,27.766014099121094,2.3265156745910645,0.0,0.0,6,5,11,18,126
19,60,26,27.91438865661621,27.766014099121094,2.3265156745910645,0.0,0.0,6,5,12,17,136
19,60,27,27.91438865661621,27.766014099121094,2.3265156745910645,0.0,0.0,6,5,14,15,142
19,60,28,27.91438865661621,27.766014099121094,2.3265156745910645,0.0,0.0,6,5,14,15,152
19,60,29,27.91438865661621,27.766014099121094,2.3265156745910645,0.0,0.0,6,5,15,14,161
19,60,30,27.91438865661621,27.766014099121094,2.3265156745910645,0.0,0.0,6,5,17,12,170
19,60,31,27.91438865661621,27.766014099121094,2.3265156745910645,0.0,0.0,6,5,17,12,183
19,60,32,27.91438865661621,27.766014099121094,2.3265156745910645,0.0,0.0,6,5,17,12,188
19,60,33,27.91438865661621,27.766014099121094,2.3265156745910645,0.0,0.0,6,5,22,7,198
19,60,34,27.91438865661621,27.766014099121094,2.3265156745910645,0.0,0.0,6,5,22,7,209
19,60,35,27.91438865661621,27.766014099121094,2.3265156745910645,0.0,0.0,6,5,22,7,218
19,60,36,27.91438865661621,27.766014099121094,2.3265156745910645,0.0,0.0,6,5,22,7,228
19,60,37,27.91438865661621,27.766014099121094,2.3265156745910645,0.0,0.0,6,5,22,7,244
19,60,38,27.91438865661621,27.766014099121094,2.3265156745910645,0.0,0.0,6,5,23,6,258
19,60,39,27.91438865661621,27.766014099121094,2.3265156745910645,0.0,0.0,6,5,23,6,263
19,60,40,27.91438865661621,27.766014099121094,2.3265156745910645,0.0,0.0,6,5,23,6,275
19,60,41,27.91438865661621,27.766014099121094,2.3265156745910645,0.0,0.0,6,5,24,5,287
19,60,42,27.91438865661621,27.766014099121094,2.3265156745910645,0.0,0.0,6,5,25,4,297
19,60,43,27.91438865661621,27.766014099121094,2.3265156745910645,0.0,0.0,6,5,25,4,307
19,60,44,27.91438865661621,27.766014099121094,2.3265156745910645,0.0,0.0,6,5,25,4,315
19,60,45,27.91438865661621,27.766014099121094,2.3265156745910645,0.0,0.0,6,5,25,4,323
19,60,46,27.91438865661621,27.766014099121094,2.3265156745910645,0.0,0.0,6,5,25,4,339
19,60,47,27.91438865661621,27.766014099121094,2.3265156745910645,0.0,0.0,6,5,25,4,346
19,60,48,27.91438865661621,27.766014099121094,2.3265156745910645,0.0,0.0,6,5,25,4,353
19,60,49,27.91438865661621,27.766014099121094,2.3265156745910645,0.0,0.0,6,5,27,2,363
19,60,50,27.91438865661621,27.766014099121094,2.3265156745910645,0.0,0.0,6,5,29,0,371
20,61,1,27.110084533691406,27.43838119506836,3.5840933322906494,0.05000000074505806,0.05000000074505806,0,0,0,40,3
20,61,2,27.889589309692383,27.77215576171875,2.336561918258667,0.05000000074505806,0.05000000074505806,0,0,0,40,4
20,61,3,27.889589309692383,27.77215576171875,2.336561918258667,0.05000000074505806,0.05000000074505806,0,0,0,40,4
20,61,4,27.889589309692383,27.77215576171875,2.336561918258667,0.05000000074505806,0.05000000074505806,0,1,0,39,6
20,61,5,27.889589309692383,27.77215576171875,2.336561918258667,0.05000000074505806,0.05000000074505806,0,1,0,39,6
20,61,6,27.889589309692383,27.77215576171875,2.336561918258667,0.05000000074505806,0.05000000074505806,0,1,0,39,7
20,61,7,27.687986373901367,27.800506591796875,2.376340627670288,0.05000000074505806,0.0,0,1,0,39,9
20,61,8,27.832233428955078,27.769329071044922,2.3317315578460693,0.05000000074505806,0.0,1,1,0,38,11
20,61,9,27.901596069335938,27.656583786010742,2.474292755126953,0.0,0.0,1,1,0,38,15
20,61,10,27.91438865661621,27.766014099121094,2.3265156745910645,0.0,0.0,1,1,0,38,18
20,61,11,27.91438865661621,27.766014099121094,2.3265156745910645,0.0,0.0,1,1,0,38,21
20,61,12,27.91438865661621,27.766014099121094,2.3265156745910645,0.0,0.0,1,1,1,37,24
20,61,13,27.91438865661621,27.766014099121094,2.3265156745910645,0.0,0.0,1,1,2,36,28
20,61,14,27.91438865661621,27.766014099121094,2.3265156745910645,0.0,0.0,1,1,2,36,31
20,61,15,27.91438865661621,27.766014099121094,2.3265156745910645,0.0,0.0,1,1,3,35,36
20,61,16,27.91438865661621,27.766014099121094,2.3265156745910645,0.0,0.0,1,1,3,35,41
20,61,17,27.91438865661621,27.766014099121094,2.3265156745910645,0.0,0.0,1,1,4,34,47
20,61,18,27.91438865661621,27.766014099121094,2.3265156745910645,0.0,0.0,1,1,5,33,57
20,61,19,27.91438865661621,27.766014099121094,2.3265156745910645,0.0,0.0,1,1,8,30,66
20,61,20,27.91438865661621,27.766014099121094,2.3265156745910645,0.0,0.0,1,1,8,30,69
20,61,21,27.91438865661621,27.766014099121094,2.3265156745910645,0.0,0.0,1,1,8,30,74
20,61,22,27.91438865661621,27.766014099121094,2.3265156745910645,0.0,0.0,1,1,8,30,80
20,61,23,27.91438865661621,27.766014099121094,2.3265156745910645,0.0,0.0,1,1,8,30,83
20,61,24,27.91438865661621,27.766014099121094,2.3265156745910645,0.0,0.0,1,1,8,30,86
20,61,25,27.91438865661621,27.766014099121094,2.3265156745910645,0.0,0.0,1,1,9,29,95
20,61,26,27.91438865661621,27.766014099121094,2.3265156745910645,0.0,0.0,1,1,10,28,108
20,61,27,27.91438865661621,27.766014099121094,2.3265156745910645,0.0,0.0,1,1,10,28,117
20,61,28,27.91438865661621,27.766014099121094,2.3265156745910645,0.0,0.0,1,1,11,27,126
20,61,29,27.91438865661621,27.766014099121094,2.3265156745910645,0.0,0.0,1,1,13,25,141
20,61,30,27.91438865661621,27.766014099121094,2.3265156745910645,0.0,0.0,1,1,13,25,153
20,61,31,27.91438865661621,27.766014099121094,2.3265156745910645,0.0,0.0,1,1,14,24,163
20,61,32,27.91438865661621,27.766014099121094,2.3265156745910645,0.0,0.0,1,1,15,23,168
20,61,33,27.91438865661621,27.766014099121094,2.3265156745910645,0.0,0.0,1,1,17,21,175
20,61,34,27.91438865661621,27.766014099121094,2.3265156745910645,0.0,0.0,1,1,18,20,181
20,61,35,27.91438865661621,27.766014099121094,2.3265156745910645,0.0,0.0,1,1,20,18,187
20,61,36,27.91438865661621,27.766014099121094,2.3265156745910645,0.0,0.0,1,1,21,17,193
20,61,37,27.91438865661621,27.766014099121094,2.3265156745910645,0.0,0.0,1,1,22,16,201
20,61,38,27.91438865661621,27.766014099121094,2.3265156745910645,0.0,0.0,1,1,22,16,208
20,61,39,27.91438865661621,27.766014099121094,2.3265156745910645,0.0,0.0,1,1,23,15,217
20,61,40,27.91438865661621,27.766014099121094,2.3265156745910645,0.0,0.0,1,1,23,15,228
20,61,41,27.91438865661621,27.766014099121094,2.3265156745910645,0.0,0.0,1,1,23,15,237
20,61,42,27.91438865661621,27.766014099121094,2.3265156745910645,0.0,0.0,1,1,27,11,250
20,61,43,27.91438865661621,27.766014099121094,2.3265156745910645,0.0,0.0,1,1,27,11,259
20,61,44,27.91438865661621,27.766014099121094,2.3265156745910645,0.0,0.0,1,1,28,10,269
20,61,45,27.91438865661621,27.766014099121094,2.3265156745910645,0.0,0.0,1,1,30,8,278
20,61,46,27.91438865661621,27.766014099121094,2.3265156745910645,0.0,0.0,1,1,30,8,286
20,61,47,27.91438865661621,27.766014099121094,2.3265156745910645,0.0,0.0,1,1,30,8,292
20,61,48,27.91438865661621,27.766014099121094,2.3265156745910645,0.0,0.0,1,1,32,6,300
20,61,49,27.91438865661621,27.766014099121094,2.3265156745910645,0.0,0.0,1,1,32,6,308
20,61,50,27.91438865661621,27.766014099121094,2.3265156745910645,0.0,0.0,1,1,34,4,318
20,61,51,27.91438865661621,27.766014099121094,2.3265156745910645,0.0,0.0,1,1,34,4,330
20,61,52,27.91438865661621,27.766014099121094,2.3265156745910645,0.0,0.0,1,1,35,3,339
20,61,53,27.91438865661621,27.766014099121094,2.3265156745910645,0.0,0.0,1,1,36,2,349
20,61,54,27.91438865661621,27.766014099121094,2.3265156745910645,0.0,0.0,1,1,36,2,357
20,61,55,27.91438865661621,27.766014099121094,2.3265156745910645,0.0,0.0,1,1,36,2,365
20,61,56,27.91438865661621,27.766014099121094,2.3265156745910645,0.0,0.0,1,1,36,2,371
20,61,57,27.91438865661621,27.766014099121094,2.3265156745910645,0.0,0.0,1,1,37,1,382
20,61,58,27.91438865661621,27.766014099121094,2.3265156745910645,0.0,0.0,1,1,37,1,389
20,61,59,27.91438865661621,27.766014099121094,2.3265156745910645,0.0,0.0,1,1,37,1,395
20,61,60,27.91438865661621,27.766014099121094,2.3265156745910645,0.0,0.0,1,1,37,1,405
20,61,61,27.91438865661621,27.766014099121094,2.3265156745910645,0.0,0.0,1,1,37,1,411
20,61,62,27.91438865661621,27.766014099121094,2.3265156745910645,0.0,0.0,1,1,37,1,421
20,61,63,27.91438865661621,27.766014099121094,2.3265156745910645,0.0,0.0,1,1,37,1,426
20,61,64,27.91438865661621,27.766014099121094,2.3265156745910645,0.0,0.0,1,1,37,1,431
20,61,65,27.91438865661621,27.766014099121094,2.3265156745910645,0.0,0.0,1,1,37,1,438
20,61,66,27.91438865661621,27.766014099121094,2.3265156745910645,0.0,0.0,1,1,37,1,448
20,61,67,27.91438865661621,27.766014099121094,2.3265156745910645,0.0,0.0,1,1,37,1,455
20,61,68,27.91438865661621,27.766014099121094,2.3265156745910645,0.0,0.0,1,1,37,1,462
20,61,69,27.91438865661621,27.766014099121094,2.3265156745910645,0.0,0.0,1,1,38,0,473
21,62,1,26.01646614074707,28.060781478881836,2.835448741912842,1.0,0.25,0,0,0,40,1
21,62,2,26.559965133666992,27.84833526611328,2.4645168781280518,1.0,0.25,0,2,0,38,1
21,62,3,26.559965133666992,27.84833526611328,2.4645168781280518,1.0,0.25,1,2,0,37,2
21,62,4,26.373416900634766,27.875267028808594,2.504228115081787,1.0,0.20000000298023224,1,2,0,37,3
21,62,5,26.322858810424805,27.87225341796875,2.4992809295654297,1.0,0.15000000596046448,1,2,0,37,4
21,62,6,26.45689582824707,27.842493057250977,2.454549789428711,1.0,0.15000000596046448,1,3,0,36,5
21,62,7,26.27320098876953,27.86920166015625,2.4944097995758057,1.0,0.10000000149011612,1,4,1,34,6
21,62,8,26.406646728515625,27.839540481567383,2.4497125148773193,1.0,0.10000000149011612,1,4,1,34,8
21,62,9,26.224485397338867,27.866111755371094,2.4896271228790283,1.0,0.05000000074505806,1,4,1,34,11
21,62,10,26.35731315612793,27.83656883239746,2.4449892044067383,1.0,0.05000000074505806,1,4,1,34,15
21,62,11,26.35731315612793,27.83656883239746,2.4449892044067383,1.0,0.05000000074505806,1,4,1,34,16
21,62,12,26.35731315612793,27.83656883239746,2.4449892044067383,1.0,0.05000000074505806,1,4,1,34,18
21,62,13,26.35731315612793,27.83656883239746,2.4449892044067383,1.0,0.05000000074505806,1,5,1,33,21
21,62,14,26.176746368408203,27.86298942565918,2.4849443435668945,1.0,0.0,2,5,2,31,22
21,62,15,26.30893325805664,27.83357810974121,2.4403908252716064,1.0,0.0,2,6,2,30,25
21,62,16,26.30893325805664,27.83357810974121,2.4403908252716064,1.0,0.0,2,6,2,30,30
21,62,17,26.30893325805664,27.83357810974121,2.4403908252716064,1.0,0.0,2,6,3,29,35
21,62,18,26.30893325805664,27.83357810974121,2.4403908252716064,1.0,0.0,2,6,3,29,41
21,62,19,26.367881774902344,27.72254753112793,2.578826904296875,0.949999988079071,0.0,2,6,3,29,45
21,62,20,26.440563201904297,27.718896865844727,2.5735297203063965,0.8999999761581421,0.0,3,6,4,27,48
21,62,21,26.452775955200195,27.827295303344727,2.4284114837646484,0.8999999761581421,0.0,3,6,4,27,55
21,62,22,26.452775955200195,27.827295303344727,2.4284114837646484,0.8999999761581421,0.0,3,6,5,26,61
21,62,23,26.452775955200195,27.827295303344727,2.4284114837646484,0.8999999761581421,0.0,3,6,5,26,66
21,62,24,26.514728546142578,27.715227127075195,2.5682015419006348,0.8500000238418579,0.0,3,6,5,26,73
21,62,25,26.526960372924805,27.82406997680664,2.4224367141723633,0.8500000238418579,0.0,3,6,5,26,80
21,62,26,26.526960372924805,27.82406997680664,2.4224367141723633,0.8500000238418579,0.0,3,6,5,26,86
21,62,27,26.590312957763672,27.711545944213867,2.5628437995910645,0.800000011920929,0.0,3,6,5,26,89
21,62,28,26.60256576538086,27.8207950592041,2.416477680206299,0.800000011920929,0.0,3,6,6,25,95
21,62,29,26.667234420776367,27.707860946655273,2.557457685470581,0.75,0.0,3,6,7,24,103
21,62,30,26.745407104492188,27.704174041748047,2.552044630050659,0.699999988079071,0.0,3,6,8,23,112
21,62,31,26.75771141052246,27.814111709594727,2.4046266078948975,0.699999988079071,0.0,3,6,8,23,117
21,62,32,26.82472801208496,27.700498580932617,2.5466060638427734,0.6499999761581421,0.0,3,6,8,23,124
21,62,33,26.83706283569336,27.810714721679688,2.3987433910369873,0.6499999761581421,0.0,4,6,8,22,132
21,62,34,26.83706283569336,27.810714721679688,2.3987433910369873,0.6499999761581421,0.0,5,6,8,21,138
21,62,35,26.83706283569336,27.810714721679688,2.3987433910369873,0.6499999761581421,0.0,5,6,8,21,146
21,62,36,26.83706283569336,27.810714721679688,2.3987433910369873,0.6499999761581421,0.0,5,6,8,21,150
21,62,37,26.90509033203125,27.69683837890625,2.5411434173583984,0.6000000238418579,0.0,8,6,8,18,158
21,62,38,26.917455673217773,27.807287216186523,2.3928940296173096,0.6000000238418579,0.0,8,6,8,18,164
21,62,39,26.917455673217773,27.807287216186523,2.3928940296173096,0.6000000238418579,0.0,9,6,8,17,168
21,62,40,26.917455673217773,27.807287216186523,2.3928940296173096,0.6000000238418579,0.0,10,6,8,16,171
21,62,41,26.917455673217773,27.807287216186523,2.3928940296173096,0.6000000238418579,0.0,11,6,8,15,179
21,62,42,26.917455673217773,27.807287216186523,2.3928940296173096,0.6000000238418579,0.0,11,6,8,15,186
21,62,43,26.917455673217773,27.807287216186523,2.3928940296173096,0.6000000238418579,0.0,11,6,8,15,190
21,62,44,26.98637580871582,27.693199157714844,2.5356578826904297,0.550000011920929,0.0,11,6,8,15,197
21,62,45,26.99877166748047,27.803836822509766,2.387082815170288,0.550000011920929,0.0,11,6,8,15,204
21,62,46,27.068456649780273,27.689590454101562,2.5301513671875,0.5,0.0,13,6,8,13,207
21,62,47,27.080883026123047,27.80036735534668,2.3813130855560303,0.5,0.0,13,6,8,13,214
21,62,48,27.080883026123047,27.80036735534668,2.3813130855560303,0.5,0.0,13,6,8,13,218
21,62,49,27.080883026123047,27.80036735534668,2.3813130855560303,0.5,0.0,14,6,8,12,226
21,62,50,27.080883026123047,27.80036735534668,2.3813130855560303,0.5,0.0,16,6,8,10,234
21,62,51,27.080883026123047,27.80036735534668,2.3813130855560303,0.5,0.0,16,6,8,10,245
21,62,52,27.080883026123047,27.80036735534668,2.3813130855560303,0.5,0.0,16,6,8,10,248
21,62,53,27.080883026123047,27.80036735534668,2.3813130855560303,0.5,0.0,17,6,8,9,256
21,62,54,27.080883026123047,27.80036735534668,2.3813130855560303,0.5,0.0,17,6,8,9,268
21,62,55,27.151201248168945,27.686019897460938,2.524624824523926,0.44999998807907104,0.0,18,6,8,8,277
21,62,56,27.163658142089844,27.796884536743164,2.3755886554718018,0.44999998807907104,0.0,18,6,8,8,284
21,62,57,27.163658142089844,27.796884536743164,2.3755886554718018,0.44999998807907104,0.0,18,6,8,8,291
21,62,58,27.163658142089844,27.796884536743164,2.3755886554718018,0.44999998807907104,0.0,18,6,8,8,296
21,62,59,27.234466552734375,27.682491302490234,2.51908016204834,0.4000000059604645,0.0,18,6,8,8,305
21,62,60,27.24695587158203,27.79339599609375,2.36991286277771,0.4000000059604645,0.0,19,6,8,7,312
21,62,61,27.24695587158203,27.79339599609375,2.36991286277771,0.4000000059604645,0.0,19,6,8,7,321
21,62,62,27.3181095123291,27.679014205932617,2.513518810272217,0.3499999940395355,0.0,19,6,8,7,330
21,62,63,27.330629348754883,27.789907455444336,2.364288091659546,0.3499999940395355,0.0,19,6,8,7,344
21,62,64,27.330629348754883,27.789907455444336,2.364288091659546,0.3499999940395355,0.0,20,6,8,6,353
21,62,65,27.401979446411133,27.675594329833984,2.5079429149627686,0.30000001192092896,0.0,20,6,8,6,361
21,62,66,27.414533615112305,27.786426544189453,2.358717203140259,0.30000001192092896,0.0,20,6,8,6,368
21,62,67,27.414533615112305,27.786426544189453,2.358717203140259,0.30000001192092896,0.0,20,6,8,6,371
21,62,68,27.414533615112305,27.786426544189453,2.358717203140259,0.30000001192092896,0.0,21,6,8,5,380
21,62,69,27.414533615112305,27.786426544189453,2.358717203140259,0.30000001192092896,0.0,21,6,8,5,388
21,62,70,27.414533615112305,27.786426544189453,2.358717203140259,0.30000001192092896,0.0,21,6,8,5,395
21,62,71,27.414533615112305,27.786426544189453,2.358717203140259,0.30000001192092896,0.0,21,6,8,5,405
21,62,72,27.48592758178711,27.672237396240234,2.502354145050049,0.25,0.0,23,6,8,3,409
21,62,73,27.49851417541504,27.782957077026367,2.3532023429870605,0.25,0.0,24,6,8,2,420
21,62,74,27.569801330566406,27.668949127197266,2.4967546463012695,0.20000000298023224,0.0,24,6,8,2,424
21,62,75,27.58242416381836,27.77950668334961,2.347744941711426,0.20000000298023224,0.0,24,6,8,2,429
21,62,76,27.58242416381836,27.77950668334961,2.347744941711426,0.20000000298023224,0.0,24,6,8,2,437
21,62,77,27.65345001220703,27.665735244750977,2.4911465644836426,0.15000000596046448,0.0,24,6,8,2,443
21,62,78,27.66611099243164,27.776081085205078,2.342346668243408,0.15000000596046448,0.0,24,6,8,2,449
21,62,79,27.66611099243164,27.776081085205078,2.342346668243408,0.15000000596046448,0.0,24,6,8,2,453
21,62,80,27.66611099243164,27.776081085205078,2.342346668243408,0.15000000596046448,0.0,24,6,8,2,458
21,62,81,27.66611099243164,27.776081085205078,2.342346668243408,0.15000000596046448,0.0,25,6,8,1,464
21,62,82,27.66611099243164,27.776081085205078,2.342346668243408,0.15000000596046448,0.0,25,6,8,1,468
21,62,83,27.66611099243164,27.776081085205078,2.342346668243408,0.15000000596046448,0.0,25,6,8,1,475
21,62,84,27.66611099243164,27.776081085205078,2.342346668243408,0.15000000596046448,0.0,25,6,8,1,481
21,62,85,27.66611099243164,27.776081085205078,2.342346668243408,0.15000000596046448,0.0,25,6,8,1,491
21,62,86,27.66611099243164,27.776081085205078,2.342346668243408,0.15000000596046448,0.0,25,6,8,1,498
21,62,87,27.73672866821289,27.662599563598633,2.485531806945801,0.10000000149011612,0.0,25,6,8,1,503
21,62,88,27.749427795410156,27.772687911987305,2.3370087146759033,0.10000000149011612,0.0,25,6,8,1,507
21,62,89,27.749427795410156,27.772687911987305,2.3370087146759033,0.10000000149011612,0.0,25,6,8,1,514
21,62,90,27.819488525390625,27.659547805786133,2.4799129962921143,0.05000000074505806,0.0,25,6,8,1,521
21,62,91,27.832233428955078,27.769329071044922,2.3317315578460693,0.05000000074505806,0.0,25,6,8,1,533
21,62,92,27.832233428955078,27.769329071044922,2.3317315578460693,0.05000000074505806,0.0,25,6,8,1,542
21,62,93,27.832233428955078,27.769329071044922,2.3317315578460693,0.05000000074505806,0.0,25,6,8,1,551
21,62,94,27.832233428955078,27.769329071044922,2.3317315578460693,0.05000000074505806,0.0,25,6,8,1,560
21,62,95,27.832233428955078,27.769329071044922,2.3317315578460693,0.05000000074505806,0.0,25,6,8,1,565
21,62,96,27.832233428955078,27.769329071044922,2.3317315578460693,0.05000000074505806,0.0,25,6,8,1,571
21,62,97,27.901596069335938,27.656583786010742,2.474292755126953,0.0,0.0,25,6,8,1,576
21,62,98,27.91438865661621,27.766014099121094,2.3265156745910645,0.0,0.0,25,6,8,1,581
21,62,99,27.91438865661621,27.766014099121094,2.3265156745910645,0.0,0.0,25,6,8,1,588
21,62,100,27.91438865661621,27.766014099121094,2.3265156745910645,0.0,0.0,25,6,8,1,594
21,62,101,27.91438865661621,27.766014099121094,2.3265156745910645,0.0,0.0,25,6,8,1,599
21,62,102,27.91438865661621,27.766014099121094,2.3265156745910645,0.0,0.0,25,6,8,1,604
21,62,103,27.91438865661621,27.766014099121094,2.3265156745910645,0.0,0.0,25,6,8,1,611
21,62,104,27.91438865661621,27.766014099121094,2.3265156745910645,0.0,0.0,25,6,8,1,619
21,62,105,27.91438865661621,27.766014099121094,2.3265156745910645,0.0,0.0,25,6,8,1,621
21,62,106,27.91438865661621,27.766014099121094,2.3265156745910645,0.0,0.0,25,6,8,1,626
21,62,107,27.91438865661621,27.766014099121094,2.3265156745910645,0.0,0.0,25,6,9,0,631
22,63,1,28.132909774780273,27.104772567749023,3.4482035636901855,0.10000000149011612,1.0,0,0,0,40,1
22,63,2,28.83346176147461,27.83022689819336,2.4397149085998535,0.10000000149011612,1.0,1,0,0,39,1
22,63,3,28.83346176147461,27.83022689819336,2.4397149085998535,0.10000000149011612,1.0,1,0,0,39,1
22,63,4,28.83346176147461,27.83022689819336,2.4397149085998535,0.10000000149011612,1.0,1,0,0,39,1
22,63,5,28.83346176147461,27.83022689819336,2.4397149085998535,0.10000000149011612,1.0,1,0,0,39,1
22,63,6,28.83346176147461,27.83022689819336,2.4397149085998535,0.10000000149011612,1.0,1,0,0,39,1
22,63,7,28.83346176147461,27.83022689819336,2.4397149085998535,0.10000000149011612,1.0,2,1,0,37,1
22,63,8,28.83346176147461,27.83022689819336,2.4397149085998535,0.10000000149011612,1.0,2,1,0,37,1
22,63,9,28.83346176147461,27.83022689819336,2.4397149085998535,0.10000000149011612,1.0,3,1,0,36,1
22,63,10,28.83346176147461,27.83022689819336,2.4397149085998535,0.10000000149011612,1.0,3,1,0,36,1
22,63,11,28.83346176147461,27.83022689819336,2.4397149085998535,0.10000000149011612,1.0,3,2,0,35,2
22,63,12,28.83346176147461,27.83022689819336,2.4397149085998535,0.10000000149011612,1.0,3,3,0,34,2
22,63,13,28.83346176147461,27.83022689819336,2.4397149085998535,0.10000000149011612,1.0,3,3,0,34,2
22,63,14,28.83346176147461,27.83022689819336,2.4397149085998535,0.10000000149011612,1.0,3,3,0,34,3
22,63,15,28.83346176147461,27.83022689819336,2.4397149085998535,0.10000000149011612,1.0,3,3,0,34,4
22,63,16,28.83346176147461,27.83022689819336,2.4397149085998535,0.10000000149011612,1.0,3,5,0,32,4
22,63,17,28.83346176147461,27.83022689819336,2.4397149085998535,0.10000000149011612,1.0,3,5,0,32,6
22,63,18,28.83346176147461,27.83022689819336,2.4397149085998535,0.10000000149011612,1.0,3,8,0,29,9
22,63,19,28.83346176147461,27.83022689819336,2.4397149085998535,0.10000000149011612,1.0,3,8,0,29,11
22,63,20,28.83346176147461,27.83022689819336,2.4397149085998535,0.10000000149011612,1.0,3,8,0,29,13
22,63,21,28.885112762451172,27.719757080078125,2.577442169189453,0.05000000074505806,1.0,4,10,0,26,15
22,63,22,28.906494140625,27.82667350769043,2.434173822402954,0.05000000074505806,1.0,4,11,0,25,18
22,63,23,28.906494140625,27.82667350769043,2.434173822402954,0.05000000074505806,1.0,5,13,0,22,22
22,63,24,28.95634651184082,27.716646194458008,2.5713422298431396,0.0,1.0,5,15,0,20,25
22,63,25,28.978116989135742,27.8231258392334,2.4286580085754395,0.0,1.0,5,15,0,20,28
22,63,26,28.978116989135742,27.8231258392334,2.4286580085754395,0.0,1.0,5,15,0,20,30
22,63,27,28.978116989135742,27.8231258392334,2.4286580085754395,0.0,1.0,6,17,0,17,32
22,63,28,28.978116989135742,27.8231258392334,2.4286580085754395,0.0,1.0,6,17,1,16,36
22,63,29,28.978116989135742,27.8231258392334,2.4286580085754395,0.0,1.0,6,18,1,15,37
22,63,30,28.978116989135742,27.8231258392334,2.4286580085754395,0.0,1.0,6,18,1,15,38
22,63,31,28.978116989135742,27.8231258392334,2.4286580085754395,0.0,1.0,6,18,1,15,40
22,63,32,28.978116989135742,27.8231258392334,2.4286580085754395,0.0,1.0,6,18,1,15,44
22,63,33,28.978116989135742,27.8231258392334,2.4286580085754395,0.0,1.0,6,19,1,14,46
22,63,34,28.978116989135742,27.8231258392334,2.4286580085754395,0.0,1.0,6,19,1,14,48
22,63,35,28.978116989135742,27.8231258392334,2.4286580085754395,0.0,1.0,6,19,1,14,53
22,63,36,28.978116989135742,27.8231258392334,2.4286580085754395,0.0,1.0,6,19,1,14,56
22,63,37,28.978116989135742,27.8231258392334,2.4286580085754395,0.0,1.0,6,20,1,13,61
22,63,38,28.978116989135742,27.8231258392334,2.4286580085754395,0.0,1.0,6,20,1,13,67
22,63,39,28.978116989135742,27.8231258392334,2.4286580085754395,0.0,1.0,6,20,2,12,70
22,63,40,28.978116989135742,27.8231258392334,2.4286580085754395,0.0,1.0,6,20,2,12,73
22,63,41,28.978116989135742,27.8231258392334,2.4286580085754395,0.0,1.0,6,21,2,11,74
22,63,42,28.978116989135742,27.8231258392334,2.4286580085754395,0.0,1.0,6,22,2,10,76
22,63,43,28.978116989135742,27.8231258392334,2.4286580085754395,0.0,1.0,6,23,2,9,77
22,63,44,28.978116989135742,27.8231258392334,2.4286580085754395,0.0,1.0,6,23,2,9,81
22,63,45,28.978116989135742,27.8231258392334,2.4286580085754395,0.0,1.0,6,23,2,9,84
22,63,46,28.978116989135742,27.8231258392334,2.4286580085754395,0.0,1.0,6,23,2,9,86
22,63,47,28.978116989135742,27.8231258392334,2.4286580085754395,0.0,1.0,6,23,2,9,87
22,63,48,28.978116989135742,27.8231258392334,2.4286580085754395,0.0,1.0,6,23,2,9,93
22,63,49,28.978116989135742,27.8231258392334,2.4286580085754395,0.0,1.0,6,24,2,8,98
22,63,50,28.78670310974121,27.85011863708496,2.468353509902954,0.0,0.949999988079071,6,24,2,8,103
22,63,51,28.932601928710938,27.82027816772461,2.424129009246826,0.0,0.949999988079071,6,25,2,7,106
22,63,52,28.739660263061523,27.847503662109375,2.4639103412628174,0.0,0.8999999761581421,6,25,2,7,111
22,63,53,28.886016845703125,27.81742286682129,2.4194657802581787,0.0,0.8999999761581421,6,26,2,6,116
22,63,54,28.886016845703125,27.81742286682129,2.4194657802581787,0.0,0.8999999761581421,6,27,2,5,118
22,63,55,28.886016845703125,27.81742286682129,2.4194657802581787,0.0,0.8999999761581421,6,27,2,5,118
22,63,56,28.886016845703125,27.81742286682129,2.4194657802581787,0.0,0.8999999761581421,6,27,2,5,121
22,63,57,28.691627502441406,27.84486961364746,2.459322929382324,0.0,0.8500000238418579,6,27,2,5,121
22,63,58,28.83838653564453,27.814558029174805,2.4146761894226074,0.0,0.8500000238418579,6,27,2,5,122
22,63,59,28.83838653564453,27.814558029174805,2.4146761894226074,0.0,0.8500000238418579,6,27,2,5,124
22,63,60,28.83838653564453,27.814558029174805,2.4146761894226074,0.0,0.8500000238418579,6,27,2,5,129
22,63,61,28.83838653564453,27.814558029174805,2.4146761894226074,0.0,0.8500000238418579,6,27,2,5,131
22,63,62,28.64263153076172,27.842212677001953,2.454598903656006,0.0,0.800000011920929,6,28,2,4,136
22,63,63,28.789737701416016,27.811689376831055,2.409769058227539,0.0,0.800000011920929,6,28,2,4,142
22,63,64,28.592710494995117,27.83953285217285,2.449747085571289,0.0,0.75,6,28,2,4,145
22,63,65,28.74009895324707,27.80881690979004,2.404754877090454,0.0,0.75,6,28,2,4,149
22,63,66,28.541898727416992,27.836833953857422,2.4447779655456543,0.0,0.699999988079071,6,29,2,3,154
22,63,67,28.490245819091797,27.83411407470703,2.4397029876708984,0.0,0.6499999761581421,6,29,2,3,159
22,63,68,28.638017654418945,27.803062438964844,2.394451856613159,0.0,0.6499999761581421,6,29,2,3,165
22,63,69,28.43779754638672,27.831375122070312,2.434535264968872,0.0,0.6000000238418579,6,29,2,3,174
22,63,70,28.384611129760742,27.82861328125,2.429287910461426,0.0,0.550000011920929,6,29,2,3,184
22,63,71,28.330745697021484,27.825834274291992,2.423976421356201,0.0,0.5,6,29,2,3,185
22,63,72,28.478605270385742,27.794431686401367,2.378516674041748,0.0,0.5,6,29,2,3,189
22,63,73,28.478605270385742,27.794431686401367,2.378516674041748,0.0,0.5,6,30,2,2,193
22,63,74,28.478605270385742,27.794431686401367,2.378516674041748,0.0,0.5,6,30,2,2,200
22,63,75,28.478605270385742,27.794431686401367,2.378516674041748,0.0,0.5,6,30,2,2,205
22,63,76,28.276264190673828,27.823036193847656,2.4186158180236816,0.0,0.44999998807907104,6,30,2,2,210
22,63,77,28.424020767211914,27.79155921936035,2.373138189315796,0.0,0.44999998807907104,6,31,2,1,213
22,63,78,28.424020767211914,27.79155921936035,2.373138189315796,0.0,0.44999998807907104,6,31,2,1,220
22,63,79,28.424020767211914,27.79155921936035,2.373138189315796,0.0,0.44999998807907104,6,31,2,1,223
22,63,80,28.424020767211914,27.79155921936035,2.373138189315796,0.0,0.44999998807907104,6,31,2,1,227
22,63,81,28.424020767211914,27.79155921936035,2.373138189315796,0.0,0.44999998807907104,6,31,2,1,236
22,63,82,28.424020767211914,27.79155921936035,2.373138189315796,0.0,0.44999998807907104,6,31,2,1,243
22,63,83,28.221233367919922,27.820219039916992,2.4132227897644043,0.0,0.4000000059604645,6,31,2,1,253
22,63,84,28.368824005126953,27.7886905670166,2.3677542209625244,0.0,0.4000000059604645,6,31,2,1,259
22,63,85,28.368824005126953,27.7886905670166,2.3677542209625244,0.0,0.4000000059604645,6,31,2,1,267
22,63,86,28.368824005126953,27.7886905670166,2.3677542209625244,0.0,0.4000000059604645,6,31,2,1,274
22,63,87,28.368824005126953,27.7886905670166,2.3677542209625244,0.0,0.4000000059604645,6,31,2,1,283
22,63,88,28.165727615356445,27.8173828125,2.4078140258789062,0.0,0.3499999940395355,6,31,2,1,287
22,63,89,28.313085556030273,27.785829544067383,2.3623814582824707,0.0,0.3499999940395355,6,31,2,1,292
22,63,90,28.313085556030273,27.785829544067383,2.3623814582824707,0.0,0.3499999940395355,6,32,2,0,299
23,64,1,28.166776657104492,27.103271484375,3.44523024559021,0.05000000074505806,1.0,0,0,0,40,1
23,64,2,28.906494140625,27.82667350769043,2.434173822402954,0.05000000074505806,1.0,0,0,1,39,2
23,64,3,28.906494140625,27.82667350769043,2.434173822402954,0.05000000074505806,1.0,0,0,1,39,3
23,64,4,28.95634651184082,27.716646194458008,2.5713422298431396,0.0,1.0,0,1,1,38,3
23,64,5,28.978116989135742,27.8231258392334,2.4286580085754395,0.0,1.0,0,1,1,38,4
23,64,6,28.978116989135742,27.8231258392334,2.4286580085754395,0.0,1.0,0,1,1,38,4
23,64,7,28.978116989135742,27.8231258392334,2.4286580085754395,0.0,1.0,0,2,1,37,5
23,64,8,28.978116989135742,27.8231258392334,2.4286580085754395,0.0,1.0,1,2,1,36,8
23,64,9,28.978116989135742,27.8231258392334,2.4286580085754395,0.0,1.0,2,2,1,35,10
23,64,10,28.978116989135742,27.8231258392334,2.4286580085754395,0.0,1.0,2,2,1,35,13
23,64,11,28.978116989135742,27.8231258392334,2.4286580085754395,0.0,1.0,2,2,1,35,15
23,64,12,28.978116989135742,27.8231258392334,2.4286580085754395,0.0,1.0,2,3,1,34,16
23,64,13,28.978116989135742,27.8231258392334,2.4286580085754395,0.0,1.0,2,3,1,34,19
23,64,14,28.978116989135742,27.8231258392334,2.4286580085754395,0.0,1.0,2,3,1,34,22
23,64,15,28.978116989135742,27.8231258392334,2.4286580085754395,0.0,1.0,2,3,1,34,28
23,64,16,28.978116989135742,27.8231258392334,2.4286580085754395,0.0,1.0,2,3,1,34,33
23,64,17,28.978116989135742,27.8231258392334,2.4286580085754395,0.0,1.0,2,4,3,31,36
23,64,18,28.978116989135742,27.8231258392334,2.4286580085754395,0.0,1.0,2,4,3,31,41
23,64,19,28.978116989135742,27.8231258392334,2.4286580085754395,0.0,1.0,2,4,4,30,46
23,64,20,28.978116989135742,27.8231258392334,2.4286580085754395,0.0,1.0,2,5,4,29,49
23,64,21,28.978116989135742,27.8231258392334,2.4286580085754395,0.0,1.0,2,5,4,29,52
23,64,22,28.978116989135742,27.8231258392334,2.4286580085754395,0.0,1.0,2,6,6,26,55
23,64,23,28.978116989135742,27.8231258392334,2.4286580085754395,0.0,1.0,2,7,6,25,57
23,64,24,28.978116989135742,27.8231258392334,2.4286580085754395,0.0,1.0,2,8,6,24,61
23,64,25,28.978116989135742,27.8231258392334,2.4286580085754395,0.0,1.0,2,9,6,23,62
23,64,26,28.978116989135742,27.8231258392334,2.4286580085754395,0.0,1.0,2,9,6,23,63
23,64,27,28.978116989135742,27.8231258392334,2.4286580085754395,0.0,1.0,2,10,6,22,64
23,64,28,28.978116989135742,27.8231258392334,2.4286580085754395,0.0,1.0,2,10,6,22,66
23,64,29,28.978116989135742,27.8231258392334,2.4286580085754395,0.0,1.0,2,10,6,22,70
23,64,30,28.978116989135742,27.8231258392334,2.4286580085754395,0.0,1.0,2,11,6,21,73
23,64,31,28.978116989135742,27.8231258392334,2.4286580085754395,0.0,1.0,2,12,6,20,80
23,64,32,28.978116989135742,27.8231258392334,2.4286580085754395,0.0,1.0,2,12,6,20,84
23,64,33,28.978116989135742,27.8231258392334,2.4286580085754395,0.0,1.0,2,12,7,19,89
23,64,34,28.978116989135742,27.8231258392334,2.4286580085754395,0.0,1.0,2,13,7,18,92
23,64,35,28.978116989135742,27.8231258392334,2.4286580085754395,0.0,1.0,2,13,7,18,93
23,64,36,28.78670310974121,27.85011863708496,2.468353509902954,0.0,0.949999988079071,2,14,7,17,98
23,64,37,28.932601928710938,27.82027816772461,2.424129009246826,0.0,0.949999988079071,2,14,7,17,103
23,64,38,28.739660263061523,27.847503662109375,2.4639103412628174,0.0,0.8999999761581421,2,15,7,16,107
23,64,39,28.886016845703125,27.81742286682129,2.4194657802581787,0.0,0.8999999761581421,2,16,7,15,117
23,64,40,28.691627502441406,27.84486961364746,2.459322929382324,0.0,0.8500000238418579,2,17,7,14,121
23,64,41,28.83838653564453,27.814558029174805,2.4146761894226074,0.0,0.8500000238418579,2,19,7,12,126
23,64,42,28.64263153076172,27.842212677001953,2.454598903656006,0.0,0.800000011920929,2,19,7,12,132
23,64,43,28.592710494995117,27.83953285217285,2.449747085571289,0.0,0.75,2,19,7,12,134
23,64,44,28.74009895324707,27.80881690979004,2.404754877090454,0.0,0.75,2,19,7,12,136
23,64,45,28.74009895324707,27.80881690979004,2.404754877090454,0.0,0.75,2,19,7,12,140
23,64,46,28.74009895324707,27.80881690979004,2.404754877090454,0.0,0.75,2,20,7,11,144
23,64,47,28.74009895324707,27.80881690979004,2.404754877090454,0.0,0.75,2,20,7,11,148
23,64,48,28.74009895324707,27.80881690979004,2.404754877090454,0.0,0.75,2,20,7,11,153
23,64,49,28.74009895324707,27.80881690979004,2.404754877090454,0.0,0.75,2,21,7,10,157
23,64,50,28.541898727416992,27.836833953857422,2.4447779655456543,0.0,0.699999988079071,2,22,7,9,159
23,64,51,28.490245819091797,27.83411407470703,2.4397029876708984,0.0,0.6499999761581421,2,23,7,8,161
23,64,52,28.638017654418945,27.803062438964844,2.394451856613159,0.0,0.6499999761581421,2,23,7,8,165
23,64,53,28.638017654418945,27.803062438964844,2.394451856613159,0.0,0.6499999761581421,2,23,7,8,169
23,64,54,28.638017654418945,27.803062438964844,2.394451856613159,0.0,0.6499999761581421,2,23,7,8,175
23,64,55,28.43779754638672,27.831375122070312,2.434535264968872,0.0,0.6000000238418579,2,23,7,8,180
23,64,56,28.585664749145508,27.80018424987793,2.3891892433166504,0.0,0.6000000238418579,2,23,7,8,185
23,64,57,28.585664749145508,27.80018424987793,2.3891892433166504,0.0,0.6000000238418579,2,23,7,8,189
23,64,58,28.585664749145508,27.80018424987793,2.3891892433166504,0.0,0.6000000238418579,2,23,7,8,195
23,64,59,28.585664749145508,27.80018424987793,2.3891892433166504,0.0,0.6000000238418579,2,23,7,8,200
23,64,60,28.585664749145508,27.80018424987793,2.3891892433166504,0.0,0.6000000238418579,2,24,7,7,204
23,64,61,28.585664749145508,27.80018424987793,2.3891892433166504,0.0,0.6000000238418579,2,24,7,7,209
23,64,62,28.585664749145508,27.80018424987793,2.3891892433166504,0.0,0.6000000238418579,2,26,7,5,212
23,64,63,28.585664749145508,27.80018424987793,2.3891892433166504,0.0,0.6000000238418579,2,27,7,4,216
23,64,64,28.585664749145508,27.80018424987793,2.3891892433166504,0.0,0.6000000238418579,2,27,7,4,220
23,64,65,28.585664749145508,27.80018424987793,2.3891892433166504,0.0,0.6000000238418579,2,27,7,4,227
23,64,66,28.384611129760742,27.82861328125,2.429287910461426,0.0,0.550000011920929,2,27,7,4,232
23,64,67,28.532506942749023,27.797306060791016,2.3838725090026855,0.0,0.550000011920929,2,27,7,4,240
23,64,68,28.532506942749023,27.797306060791016,2.3838725090026855,0.0,0.550000011920929,2,27,7,4,246
23,64,69,28.532506942749023,27.797306060791016,2.3838725090026855,0.0,0.550000011920929,2,27,7,4,251
23,64,70,28.532506942749023,27.797306060791016,2.3838725090026855,0.0,0.550000011920929,2,28,7,3,258
23,64,71,28.532506942749023,27.797306060791016,2.3838725090026855,0.0,0.550000011920929,2,28,7,3,263
23,64,72,28.532506942749023,27.797306060791016,2.3838725090026855,0.0,0.550000011920929,2,28,7,3,269
23,64,73,28.532506942749023,27.797306060791016,2.3838725090026855,0.0,0.550000011920929,2,28,7,3,275
23,64,74,28.330745697021484,27.825834274291992,2.423976421356201,0.0,0.5,2,28,7,3,283
23,64,75,28.478605270385742,27.794431686401367,2.378516674041748,0.0,0.5,2,28,7,3,291
23,64,76,28.478605270385742,27.794431686401367,2.378516674041748,0.0,0.5,2,28,7,3,300
23,64,77,28.276264190673828,27.823036193847656,2.4186158180236816,0.0,0.44999998807907104,2,28,7,3,302
23,64,78,28.221233367919922,27.820219039916992,2.4132227897644043,0.0,0.4000000059604645,2,28,7,3,310
23,64,79,28.368824005126953,27.7886905670166,2.3677542209625244,0.0,0.4000000059604645,2,28,7,3,317
23,64,80,28.368824005126953,27.7886905670166,2.3677542209625244,0.0,0.4000000059604645,2,29,7,2,323
23,64,81,28.368824005126953,27.7886905670166,2.3677542209625244,0.0,0.4000000059604645,2,29,7,2,333
23,64,82,28.368824005126953,27.7886905670166,2.3677542209625244,0.0,0.4000000059604645,2,30,7,1,337
23,64,83,28.368824005126953,27.7886905670166,2.3677542209625244,0.0,0.4000000059604645,2,30,7,1,341
23,64,84,28.368824005126953,27.7886905670166,2.3677542209625244,0.0,0.4000000059604645,2,30,7,1,349
23,64,85,28.368824005126953,27.7886905670166,2.3677542209625244,0.0,0.4000000059604645,2,30,7,1,357
23,64,86,28.368824005126953,27.7886905670166,2.3677542209625244,0.0,0.4000000059604645,2,30,7,1,360
23,64,87,28.368824005126953,27.7886905670166,2.3677542209625244,0.0,0.4000000059604645,2,30,7,1,364
23,64,88,28.165727615356445,27.8173828125,2.4078140258789062,0.0,0.3499999940395355,2,30,7,1,376
23,64,89,28.109819412231445,27.814531326293945,2.4024062156677246,0.0,0.30000001192092896,2,30,7,1,387
23,64,90,28.256881713867188,27.78297233581543,2.3570375442504883,0.0,0.30000001192092896,2,30,7,1,396
23,64,91,28.053585052490234,27.811662673950195,2.397017002105713,0.0,0.25,2,30,7,1,402
23,64,92,28.20029067993164,27.780122756958008,2.3517396450042725,0.0,0.25,2,30,7,1,407
23,64,93,28.20029067993164,27.780122756958008,2.3517396450042725,0.0,0.25,2,30,7,1,415
23,64,94,28.20029067993164,27.780122756958008,2.3517396450042725,0.0,0.25,2,30,7,1,426
23,64,95,28.20029067993164,27.780122756958008,2.3517396450042725,0.0,0.25,2,30,7,1,431
23,64,96,27.997106552124023,27.808778762817383,2.3916635513305664,0.0,0.20000000298023224,2,30,7,1,436
23,64,97,28.14339256286621,27.777280807495117,2.3465049266815186,0.0,0.20000000298023224,2,30,7,1,442
23,64,98,28.14339256286621,27.777280807495117,2.3465049266815186,0.0,0.20000000298023224,2,30,7,1,450
23,64,99,28.14339256286621,27.777280807495117,2.3465049266815186,0.0,0.20000000298023224,2,30,7,1,457
23,64,100,28.14339256286621,27.777280807495117,2.3465049266815186,0.0,0.20000000298023224,2,30,7,1,466
23,64,101,27.940460205078125,27.80588150024414,2.3863627910614014,0.0,0.15000000596046448,2,30,7,1,479
23,64,102,27.883729934692383,27.80297088623047,2.3811309337615967,0.0,0.10000000149011612,2,30,7,1,487
23,64,103,27.826995849609375,27.800048828125,2.375983953475952,0.0,0.05000000074505806,2,30,8,0,500
24,65,1,27.134923934936523,27.44316291809082,3.591212272644043,0.10000000149011612,0.20000000298023224,0,0,0,40,2
24,65,2,27.979381561279297,27.784137725830078,2.3570587635040283,0.10000000149011612,0.20000000298023224,1,0,0,39,3
24,65,3,27.979381561279297,27.784137725830078,2.3570587635040283,0.10000000149011612,0.20000000298023224,1,1,0,38,4
24,65,4,27.979381561279297,27.784137725830078,2.3570587635040283,0.10000000149011612,0.20000000298023224,1,1,0,38,5
24,65,5,27.77562141418457,27.812843322753906,2.397217035293579,0.10000000149011612,0.15000000596046448,1,1,1,37,7
24,65,6,27.92184066772461,27.78126335144043,2.351881742477417,0.10000000149011612,0.15000000596046448,1,2,1,36,7
24,65,7,27.92184066772461,27.78126335144043,2.351881742477417,0.10000000149011612,0.15000000596046448,2,3,1,34,10
24,65,8,27.99108123779297,27.667634963989258,2.495340585708618,0.05000000074505806,0.15000000596046448,2,3,1,34,15
24,65,9,28.072717666625977,27.66462516784668,2.489647150039673,0.0,0.15000000596046448,2,3,1,34,22
24,65,10,28.086271286010742,27.77444839477539,2.3413496017456055,0.0,0.15000000596046448,2,3,1,34,27
24,65,11,27.883729934692383,27.80297088623047,2.3811309337615967,0.0,0.10000000149011612,2,4,2,32,33
24,65,12,27.826995849609375,27.800048828125,2.375983953475952,0.0,0.05000000074505806,2,4,2,32,39
24,65,13,27.9716854095459,27.768814086914062,2.3313403129577637,0.0,0.05000000074505806,2,6,2,30,42
24,65,14,27.9716854095459,27.768814086914062,2.3313403129577637,0.0,0.05000000074505806,2,6,3,29,47
24,65,15,27.9716854095459,27.768814086914062,2.3313403129577637,0.0,0.05000000074505806,2,7,4,27,57
24,65,16,27.9716854095459,27.768814086914062,2.3313403129577637,0.0,0.05000000074505806,2,8,5,25,68
24,65,17,27.770336151123047,27.797117233276367,2.3709373474121094,0.0,0.0,2,8,6,24,75
24,65,18,27.91438865661621,27.766014099121094,2.3265156745910645,0.0,0.0,2,8,6,24,81
24,65,19,27.91438865661621,27.766014099121094,2.3265156745910645,0.0,0.0,2,8,6,24,87
24,65,20,27.91438865661621,27.766014099121094,2.3265156745910645,0.0,0.0,2,8,6,24,95
24,65,21,27.91438865661621,27.766014099121094,2.3265156745910645,0.0,0.0,2,8,6,24,105
24,65,22,27.91438865661621,27.766014099121094,2.3265156745910645,0.0,0.0,2,8,7,23,111
24,65,23,27.91438865661621,27.766014099121094,2.3265156745910645,0.0,0.0,2,8,7,23,119
24,65,24,27.91438865661621,27.766014099121094,2.3265156745910645,0.0,0.0,2,8,8,22,129
24,65,25,27.91438865661621,27.766014099121094,2.3265156745910645,0.0,0.0,2,8,8,22,137
24,65,26,27.91438865661621,27.766014099121094,2.3265156745910645,0.0,0.0,2,8,12,18,148
24,65,27,27.91438865661621,27.766014099121094,2.3265156745910645,0.0,0.0,2,8,14,16,159
24,65,28,27.91438865661621,27.766014099121094,2.3265156745910645,0.0,0.0,2,8,15,15,168
24,65,29,27.91438865661621,27.766014099121094,2.3265156745910645,0.0,0.0,2,8,15,15,173
24,65,30,27.91438865661621,27.766014099121094,2.3265156745910645,0.0,0.0,2,8,15,15,175
24,65,31,27.91438865661621,27.766014099121094,2.3265156745910645,0.0,0.0,2,8,17,13,187
24,65,32,27.91438865661621,27.766014099121094,2.3265156745910645,0.0,0.0,2,8,17,13,195
24,65,33,27.91438865661621,27.766014099121094,2.3265156745910645,0.0,0.0,2,8,17,13,200
24,65,34,27.91438865661621,27.766014099121094,2.3265156745910645,0.0,0.0,2,8,17,13,211
24,65,35,27.91438865661621,27.766014099121094,2.3265156745910645,0.0,0.0,2,8,18,12,219
24,65,36,27.91438865661621,27.766014099121094,2.3265156745910645,0.0,0.0,2,8,18,12,223
24,65,37,27.91438865661621,27.766014099121094,2.3265156745910645,0.0,0.0,2,8,20,10,232
24,65,38,27.91438865661621,27.766014099121094,2.3265156745910645,0.0,0.0,2,8,20,10,239
24,65,39,27.91438865661621,27.766014099121094,2.3265156745910645,0.0,0.0,2,8,20,10,251
24,65,40,27.91438865661621,27.766014099121094,2.3265156745910645,0.0,0.0,2,8,24,6,260
24,65,41,27.91438865661621,27.766014099121094,2.3265156745910645,0.0,0.0,2,8,25,5,271
24,65,42,27.91438865661621,27.766014099121094,2.3265156745910645,0.0,0.0,2,8,26,4,280
24,65,43,27.91438865661621,27.766014099121094,2.3265156745910645,0.0,0.0,2,8,26,4,287
24,65,44,27.91438865661621,27.766014099121094,2.3265156745910645,0.0,0.0,2,8,26,4,293
24,65,45,27.91438865661621,27.766014099121094,2.3265156745910645,0.0,0.0,2,8,26,4,299
24,65,46,27.91438865661621,27.766014099121094,2.3265156745910645,0.0,0.0,2,8,27,3,311
24,65,47,27.91438865661621,27.766014099121094,2.3265156745910645,0.0,0.0,2,8,27,3,317
24,65,48,27.91438865661621,27.766014099121094,2.3265156745910645,0.0,0.0,2,8,27,3,328
24,65,49,27.91438865661621,27.766014099121094,2.3265156745910645,0.0,0.0,2,8,29,1,339
24,65,50,27.91438865661621,27.766014099121094,2.3265156745910645,0.0,0.0,2,8,30,0,348
25,66,1,28.132909774780273,27.104772567749023,3.4482035636901855,0.10000000149011612,1.0,0,0,0,40,2
25,66,2,28.83346176147461,27.83022689819336,2.4397149085998535,0.10000000149011612,1.0,0,0,0,40,4
25,66,3,28.83346176147461,27.83022689819336,2.4397149085998535,0.10000000149011612,1.0,0,0,0,40,5
25,66,4,28.885112762451172,27.719757080078125,2.577442169189453,0.05000000074505806,1.0,0,1,0,39,7
25,66,5,28.906494140625,27.82667350769043,2.434173822402954,0.05000000074505806,1.0,0,2,1,37,11
25,66,6,28.906494140625,27.82667350769043,2.434173822402954,0.05000000074505806,1.0,0,2,1,37,13
25,66,7,28.906494140625,27.82667350769043,2.434173822402954,0.05000000074505806,1.0,0,2,1,37,14
25,66,8,28.906494140625,27.82667350769043,2.434173822402954,0.05000000074505806,1.0,0,3,1,36,15
25,66,9,28.95634651184082,27.716646194458008,2.5713422298431396,0.0,1.0,0,3,1,36,16
25,66,10,28.978116989135742,27.8231258392334,2.4286580085754395,0.0,1.0,1,3,1,35,20
25,66,11,28.978116989135742,27.8231258392334,2.4286580085754395,0.0,1.0,1,3,1,35,23
25,66,12,28.978116989135742,27.8231258392334,2.4286580085754395,0.0,1.0,1,4,1,34,26
25,66,13,28.978116989135742,27.8231258392334,2.4286580085754395,0.0,1.0,1,6,2,31,34
25,66,14,28.978116989135742,27.8231258392334,2.4286580085754395,0.0,1.0,1,6,2,31,36
25,66,15,28.978116989135742,27.8231258392334,2.4286580085754395,0.0,1.0,1,6,2,31,40
25,66,16,28.978116989135742,27.8231258392334,2.4286580085754395,0.0,1.0,1,7,3,29,43
25,66,17,28.978116989135742,27.8231258392334,2.4286580085754395,0.0,1.0,1,8,3,28,48
25,66,18,28.978116989135742,27.8231258392334,2.4286580085754395,0.0,1.0,1,10,3,26,52
25,66,19,28.978116989135742,27.8231258392334,2.4286580085754395,0.0,1.0,1,11,4,24,56
25,66,20,28.978116989135742,27.8231258392334,2.4286580085754395,0.0,1.0,1,11,4,24,59
25,66,21,28.978116989135742,27.8231258392334,2.4286580085754395,0.0,1.0,1,11,4,24,60
25,66,22,28.978116989135742,27.8231258392334,2.4286580085754395,0.0,1.0,1,11,4,24,67
25,66,23,28.978116989135742,27.8231258392334,2.4286580085754395,0.0,1.0,1,12,4,23,67
25,66,24,28.978116989135742,27.8231258392334,2.4286580085754395,0.0,1.0,1,14,4,21,71
25,66,25,28.978116989135742,27.8231258392334,2.4286580085754395,0.0,1.0,1,15,5,19,74
25,66,26,28.978116989135742,27.8231258392334,2.4286580085754395,0.0,1.0,1,15,5,19,80
25,66,27,28.978116989135742,27.8231258392334,2.4286580085754395,0.0,1.0,1,17,5,17,82
25,66,28,28.978116989135742,27.8231258392334,2.4286580085754395,0.0,1.0,1,18,5,16,88
25,66,29,28.978116989135742,27.8231258392334,2.4286580085754395,0.0,1.0,1,18,5,16,89
25,66,30,28.978116989135742,27.8231258392334,2.4286580085754395,0.0,1.0,1,19,5,15,92
25,66,31,28.978116989135742,27.8231258392334,2.4286580085754395,0.0,1.0,1,19,5,15,95
25,66,32,28.978116989135742,27.8231258392334,2.4286580085754395,0.0,1.0,1,21,5,13,96
25,66,33,28.978116989135742,27.8231258392334,2.4286580085754395,0.0,1.0,1,22,5,12,102
25,66,34,28.978116989135742,27.8231258392334,2.4286580085754395,0.0,1.0,1,22,5,12,104
25,66,35,28.978116989135742,27.8231258392334,2.4286580085754395,0.0,1.0,1,22,5,12,106
25,66,36,28.978116989135742,27.8231258392334,2.4286580085754395,0.0,1.0,1,22,5,12,109
25,66,37,28.978116989135742,27.8231258392334,2.4286580085754395,0.0,1.0,1,22,5,12,112
25,66,38,28.78670310974121,27.85011863708496,2.468353509902954,0.0,0.949999988079071,1,22,5,12,114
25,66,39,28.739660263061523,27.847503662109375,2.4639103412628174,0.0,0.8999999761581421,1,23,5,11,118
25,66,40,28.886016845703125,27.81742286682129,2.4194657802581787,0.0,0.8999999761581421,1,23,5,11,121
25,66,41,28.886016845703125,27.81742286682129,2.4194657802581787,0.0,0.8999999761581421,1,23,5,11,123
25,66,42,28.691627502441406,27.84486961364746,2.459322929382324,0.0,0.8500000238418579,1,23,5,11,126
25,66,43,28.83838653564453,27.814558029174805,2.4146761894226074,0.0,0.8500000238418579,1,24,5,10,128
25,66,44,28.83838653564453,27.814558029174805,2.4146761894226074,0.0,0.8500000238418579,1,24,5,10,129
25,66,45,28.64263153076172,27.842212677001953,2.454598903656006,0.0,0.800000011920929,1,25,5,9,130
25,66,46,28.789737701416016,27.811689376831055,2.409769058227539,0.0,0.800000011920929,1,26,5,8,132
25,66,47,28.789737701416016,27.811689376831055,2.409769058227539,0.0,0.800000011920929,1,26,5,8,135
25,66,48,28.592710494995117,27.83953285217285,2.449747085571289,0.0,0.75,1,27,5,7,136
25,66,49,28.74009895324707,27.80881690979004,2.404754877090454,0.0,0.75,1,27,5,7,142
25,66,50,28.74009895324707,27.80881690979004,2.404754877090454,0.0,0.75,1,27,5,7,146
25,66,51,28.74009895324707,27.80881690979004,2.404754877090454,0.0,0.75,1,27,5,7,151
25,66,52,28.541898727416992,27.836833953857422,2.4447779655456543,0.0,0.699999988079071,1,27,5,7,154
25,66,53,28.689512252807617,27.805940628051758,2.3996448516845703,0.0,0.699999988079071,1,28,5,6,157
25,66,54,28.689512252807617,27.805940628051758,2.3996448516845703,0.0,0.699999988079071,1,28,5,6,164
25,66,55,28.490245819091797,27.83411407470703,2.4397029876708984,0.0,0.6499999761581421,1,28,5,6,166
25,66,56,28.638017654418945,27.803062438964844,2.394451856613159,0.0,0.6499999761581421,1,29,5,5,174
25,66,57,28.43779754638672,27.831375122070312,2.434535264968872,0.0,0.6000000238418579,1,29,5,5,179
25,66,58,28.585664749145508,27.80018424987793,2.3891892433166504,0.0,0.6000000238418579,1,30,5,4,184
25,66,59,28.585664749145508,27.80018424987793,2.3891892433166504,0.0,0.6000000238418579,1,30,5,4,193
25,66,60,28.384611129760742,27.82861328125,2.429287910461426,0.0,0.550000011920929,1,32,5,2,198
25,66,61,28.330745697021484,27.825834274291992,2.423976421356201,0.0,0.5,1,32,5,2,204
25,66,62,28.478605270385742,27.794431686401367,2.378516674041748,0.0,0.5,1,32,5,2,211
25,66,63,28.478605270385742,27.794431686401367,2.378516674041748,0.0,0.5,1,32,5,2,216
25,66,64,28.478605270385742,27.794431686401367,2.378516674041748,0.0,0.5,1,33,5,1,220
25,66,65,28.276264190673828,27.823036193847656,2.4186158180236816,0.0,0.44999998807907104,1,33,5,1,227
25,66,66,28.221233367919922,27.820219039916992,2.4132227897644043,0.0,0.4000000059604645,1,33,5,1,234
25,66,67,28.368824005126953,27.7886905670166,2.3677542209625244,0.0,0.4000000059604645,1,34,5,0,239
26,67,1,28.132909774780273,27.104772567749023,3.4482035636901855,0.10000000149011612,1.0,0,0,0,40,3
26,67,2,28.885112762451172,27.719757080078125,2.577442169189453,0.05000000074505806,1.0,0,0,0,40,3
26,67,3,28.906494140625,27.82667350769043,2.434173822402954,0.05000000074505806,1.0,0,0,0,40,4
26,67,4,28.95634651184082,27.716646194458008,2.5713422298431396,0.0,1.0,1,0,0,39,7
26,67,5,28.978116989135742,27.8231258392334,2.4286580085754395,0.0,1.0,1,0,1,38,11
26,67,6,28.978116989135742,27.8231258392334,2.4286580085754395,0.0,1.0,1,1,1,37,13
26,67,7,28.978116989135742,27.8231258392334,2.4286580085754395,0.0,1.0,1,1,1,37,15
26,67,8,28.978116989135742,27.8231258392334,2.4286580085754395,0.0,1.0,1,1,1,37,17
26,67,9,28.978116989135742,27.8231258392334,2.4286580085754395,0.0,1.0,1,2,1,36,21
26,67,10,28.978116989135742,27.8231258392334,2.4286580085754395,0.0,1.0,1,2,1,36,23
26,67,11,28.978116989135742,27.8231258392334,2.4286580085754395,0.0,1.0,1,3,1,35,25
26,67,12,28.978116989135742,27.8231258392334,2.4286580085754395,0.0,1.0,1,4,1,34,28
26,67,13,28.978116989135742,27.8231258392334,2.4286580085754395,0.0,1.0,1,4,2,33,31
26,67,14,28.978116989135742,27.8231258392334,2.4286580085754395,0.0,1.0,1,4,2,33,34
26,67,15,28.978116989135742,27.8231258392334,2.4286580085754395,0.0,1.0,1,4,2,33,39
26,67,16,28.978116989135742,27.8231258392334,2.4286580085754395,0.0,1.0,1,4,2,33,40
26,67,17,28.978116989135742,27.8231258392334,2.4286580085754395,0.0,1.0,1,4,2,33,44
26,67,18,28.978116989135742,27.8231258392334,2.4286580085754395,0.0,1.0,1,4,2,33,48
26,67,19,28.978116989135742,27.8231258392334,2.4286580085754395,0.0,1.0,1,4,2,33,52
26,67,20,28.978116989135742,27.8231258392334,2.4286580085754395,0.0,1.0,1,5,2,32,55
26,67,21,28.978116989135742,27.8231258392334,2.4286580085754395,0.0,1.0,1,5,2,32,55
26,67,22,28.978116989135742,27.8231258392334,2.4286580085754395,0.0,1.0,1,6,3,30,61
26,67,23,28.978116989135742,27.8231258392334,2.4286580085754395,0.0,1.0,1,6,3,30,64
26,67,24,28.978116989135742,27.8231258392334,2.4286580085754395,0.0,1.0,1,7,3,29,69
26,67,25,28.978116989135742,27.8231258392334,2.4286580085754395,0.0,1.0,1,7,3,29,72
26,67,26,28.978116989135742,27.8231258392334,2.4286580085754395,0.0,1.0,1,7,3,29,79
26,67,27,28.978116989135742,27.8231258392334,2.4286580085754395,0.0,1.0,1,7,3,29,81
26,67,28,28.978116989135742,27.8231258392334,2.4286580085754395,0.0,1.0,1,7,4,28,85
26,67,29,28.978116989135742,27.8231258392334,2.4286580085754395,0.0,1.0,1,8,4,27,88
26,67,30,28.78670310974121,27.85011863708496,2.468353509902954,0.0,0.949999988079071,1,9,4,26,90
26,67,31,28.932601928710938,27.82027816772461,2.424129009246826,0.0,0.949999988079071,1,9,4,26,95
26,67,32,28.739660263061523,27.847503662109375,2.4639103412628174,0.0,0.8999999761581421,1,12,4,23,97
26,67,33,28.886016845703125,27.81742286682129,2.4194657802581787,0.0,0.8999999761581421,1,13,4,22,104
26,67,34,28.886016845703125,27.81742286682129,2.4194657802581787,0.0,0.8999999761581421,1,15,4,20,104
26,67,35,28.886016845703125,27.81742286682129,2.4194657802581787,0.0,0.8999999761581421,1,15,4,20,109
26,67,36,28.886016845703125,27.81742286682129,2.4194657802581787,0.0,0.8999999761581421,1,15,4,20,114
26,67,37,28.691627502441406,27.84486961364746,2.459322929382324,0.0,0.8500000238418579,1,17,4,18,118
26,67,38,28.83838653564453,27.814558029174805,2.4146761894226074,0.0,0.8500000238418579,1,17,4,18,120
26,67,39,28.83838653564453,27.814558029174805,2.4146761894226074,0.0,0.8500000238418579,1,18,4,17,121
26,67,40,28.83838653564453,27.814558029174805,2.4146761894226074,0.0,0.8500000238418579,1,18,4,17,123
26,67,41,28.83838653564453,27.814558029174805,2.4146761894226074,0.0,0.8500000238418579,1,18,4,17,126
26,67,42,28.83838653564453,27.814558029174805,2.4146761894226074,0.0,0.8500000238418579,1,18,4,17,128
26,67,43,28.83838653564453,27.814558029174805,2.4146761894226074,0.0,0.8500000238418579,1,18,4,17,137
26,67,44,28.64263153076172,27.842212677001953,2.454598903656006,0.0,0.800000011920929,1,21,4,14,139
26,67,45,28.789737701416016,27.811689376831055,2.409769058227539,0.0,0.800000011920929,1,22,4,13,145
26,67,46,28.789737701416016,27.811689376831055,2.409769058227539,0.0,0.800000011920929,1,23,4,12,149
26,67,47,28.592710494995117,27.83953285217285,2.449747085571289,0.0,0.75,1,23,4,12,152
26,67,48,28.541898727416992,27.836833953857422,2.4447779655456543,0.0,0.699999988079071,1,23,4,12,157
26,67,49,28.689512252807617,27.805940628051758,2.3996448516845703,0.0,0.699999988079071,1,24,4,11,161
26,67,50,28.689512252807617,27.805940628051758,2.3996448516845703,0.0,0.699999988079071,1,24,4,11,166
26,67,51,28.689512252807617,27.805940628051758,2.3996448516845703,0.0,0.699999988079071,1,25,4,10,169
26,67,52,28.689512252807617,27.805940628051758,2.3996448516845703,0.0,0.699999988079071,1,25,4,10,172
26,67,53,28.689512252807617,27.805940628051758,2.3996448516845703,0.0,0.699999988079071,1,25,4,10,175
26,67,54,28.689512252807617,27.805940628051758,2.3996448516845703,0.0,0.699999988079071,1,27,4,8,183
26,67,55,28.490245819091797,27.83411407470703,2.4397029876708984,0.0,0.6499999761581421,1,27,4,8,185
26,67,56,28.638017654418945,27.803062438964844,2.394451856613159,0.0,0.6499999761581421,1,27,4,8,194
26,67,57,28.43779754638672,27.831375122070312,2.434535264968872,0.0,0.6000000238418579,1,29,4,6,199
26,67,58,28.585664749145508,27.80018424987793,2.3891892433166504,0.0,0.6000000238418579,1,29,4,6,205
26,67,59,28.585664749145508,27.80018424987793,2.3891892433166504,0.0,0.6000000238418579,1,29,4,6,215
26,67,60,28.585664749145508,27.80018424987793,2.3891892433166504,0.0,0.6000000238418579,1,29,4,6,219
26,67,61,28.585664749145508,27.80018424987793,2.3891892433166504,0.0,0.6000000238418579,1,30,4,5,227
26,67,62,28.585664749145508,27.80018424987793,2.3891892433166504,0.0,0.6000000238418579,1,31,4,4,231
26,67,63,28.384611129760742,27.82861328125,2.429287910461426,0.0,0.550000011920929,1,31,4,4,239
26,67,64,28.532506942749023,27.797306060791016,2.3838725090026855,0.0,0.550000011920929,1,31,4,4,244
26,67,65,28.532506942749023,27.797306060791016,2.3838725090026855,0.0,0.550000011920929,1,31,4,4,251
26,67,66,28.532506942749023,27.797306060791016,2.3838725090026855,0.0,0.550000011920929,1,32,4,3,261
26,67,67,28.330745697021484,27.825834274291992,2.423976421356201,0.0,0.5,1,32,4,3,265
26,67,68,28.478605270385742,27.794431686401367,2.378516674041748,0.0,0.5,1,33,4,2,273
26,67,69,28.478605270385742,27.794431686401367,2.378516674041748,0.0,0.5,1,33,4,2,277
26,67,70,28.478605270385742,27.794431686401367,2.378516674041748,0.0,0.5,1,33,4,2,283
26,67,71,28.478605270385742,27.794431686401367,2.378516674041748,0.0,0.5,1,33,4,2,290
26,67,72,28.478605270385742,27.794431686401367,2.378516674041748,0.0,0.5,1,33,4,2,295
26,67,73,28.276264190673828,27.823036193847656,2.4186158180236816,0.0,0.44999998807907104,1,33,4,2,300
26,67,74,28.424020767211914,27.79155921936035,2.373138189315796,0.0,0.44999998807907104,1,34,4,1,305
26,67,75,28.424020767211914,27.79155921936035,2.373138189315796,0.0,0.44999998807907104,1,34,4,1,308
26,67,76,28.424020767211914,27.79155921936035,2.373138189315796,0.0,0.44999998807907104,1,34,4,1,312
26,67,77,28.424020767211914,27.79155921936035,2.373138189315796,0.0,0.44999998807907104,1,34,4,1,318
26,67,78,28.424020767211914,27.79155921936035,2.373138189315796,0.0,0.44999998807907104,1,34,4,1,325
26,67,79,28.221233367919922,27.820219039916992,2.4132227897644043,0.0,0.4000000059604645,1,34,4,1,332
26,67,80,28.368824005126953,27.7886905670166,2.3677542209625244,0.0,0.4000000059604645,1,34,4,1,338
26,67,81,28.368824005126953,27.7886905670166,2.3677542209625244,0.0,0.4000000059604645,1,34,4,1,341
26,67,82,28.368824005126953,27.7886905670166,2.3677542209625244,0.0,0.4000000059604645,1,34,4,1,346
26,67,83,28.368824005126953,27.7886905670166,2.3677542209625244,0.0,0.4000000059604645,1,34,4,1,358
26,67,84,28.165727615356445,27.8173828125,2.4078140258789062,0.0,0.3499999940395355,1,34,4,1,363
26,67,85,28.313085556030273,27.785829544067383,2.3623814582824707,0.0,0.3499999940395355,1,34,4,1,371
26,67,86,28.109819412231445,27.814531326293945,2.4024062156677246,0.0,0.30000001192092896,1,34,4,1,378
26,67,87,28.256881713867188,27.78297233581543,2.3570375442504883,0.0,0.30000001192092896,1,34,4,1,384
26,67,88,28.256881713867188,27.78297233581543,2.3570375442504883,0.0,0.30000001192092896,1,34,4,1,392
26,67,89,28.256881713867188,27.78297233581543,2.3570375442504883,0.0,0.30000001192092896,1,34,4,1,401
26,67,90,28.053585052490234,27.811662673950195,2.397017002105713,0.0,0.25,1,34,4,1,406
26,67,91,28.20029067993164,27.780122756958008,2.3517396450042725,0.0,0.25,1,34,4,1,411
26,67,92,28.20029067993164,27.780122756958008,2.3517396450042725,0.0,0.25,1,34,4,1,415
26,67,93,28.20029067993164,27.780122756958008,2.3517396450042725,0.0,0.25,1,34,4,1,422
26,67,94,28.20029067993164,27.780122756958008,2.3517396450042725,0.0,0.25,1,34,4,1,427
26,67,95,28.20029067993164,27.780122756958008,2.3517396450042725,0.0,0.25,1,34,4,1,430
26,67,96,28.20029067993164,27.780122756958008,2.3517396450042725,0.0,0.25,1,34,4,1,431
26,67,97,27.997106552124023,27.808778762817383,2.3916635513305664,0.0,0.20000000298023224,1,34,4,1,437
26,67,98,28.14339256286621,27.777280807495117,2.3465049266815186,0.0,0.20000000298023224,1,34,4,1,445
26,67,99,28.14339256286621,27.777280807495117,2.3465049266815186,0.0,0.20000000298023224,1,34,4,1,446
26,67,100,28.14339256286621,27.777280807495117,2.3465049266815186,0.0,0.20000000298023224,1,34,4,1,451
26,67,101,28.14339256286621,27.777280807495117,2.3465049266815186,0.0,0.20000000298023224,1,34,4,1,454
26,67,102,28.14339256286621,27.777280807495117,2.3465049266815186,0.0,0.20000000298023224,1,34,4,1,462
26,67,103,28.14339256286621,27.777280807495117,2.3465049266815186,0.0,0.20000000298023224,1,34,4,1,470
26,67,104,27.940460205078125,27.80588150024414,2.3863627910614014,0.0,0.15000000596046448,1,34,4,1,473
26,67,105,28.086271286010742,27.77444839477539,2.3413496017456055,0.0,0.15000000596046448,1,34,4,1,477
26,67,106,28.086271286010742,27.77444839477539,2.3413496017456055,0.0,0.15000000596046448,1,34,4,1,479
26,67,107,28.086271286010742,27.77444839477539,2.3413496017456055,0.0,0.15000000596046448,1,35,4,0,483
27,68,1,27.394351959228516,27.888816833496094,2.540349245071411,1.0,1.0,0,0,0,40,0
27,68,2,27.394351959228516,27.888816833496094,2.540349245071411,1.0,1.0,1,0,0,39,0
27,68,3,27.394351959228516,27.888816833496094,2.540349245071411,1.0,1.0,2,1,0,37,0
27,68,4,27.394351959228516,27.888816833496094,2.540349245071411,1.0,1.0,2,1,0,37,0
27,68,5,27.394351959228516,27.888816833496094,2.540349245071411,1.0,1.0,2,2,0,36,0
27,68,6,27.394351959228516,27.888816833496094,2.540349245071411,1.0,1.0,3,2,0,35,0
27,68,7,27.394351959228516,27.888816833496094,2.540349245071411,1.0,1.0,3,2,0,35,0
27,68,8,27.394351959228516,27.888816833496094,2.540349245071411,1.0,1.0,3,2,0,35,0
27,68,9,27.394351959228516,27.888816833496094,2.540349245071411,1.0,1.0,4,4,0,32,0
27,68,10,27.394351959228516,27.888816833496094,2.540349245071411,1.0,1.0,4,4,0,32,0
27,68,11,27.394351959228516,27.888816833496094,2.540349245071411,1.0,1.0,4,4,0,32,0
27,68,12,27.394351959228516,27.888816833496094,2.540349245071411,1.0,1.0,4,6,0,30,0
27,68,13,27.394351959228516,27.888816833496094,2.540349245071411,1.0,1.0,4,7,0,29,0
27,68,14,27.394351959228516,27.888816833496094,2.540349245071411,1.0,1.0,5,7,0,28,0
27,68,15,27.394351959228516,27.888816833496094,2.540349245071411,1.0,1.0,5,8,0,27,0
27,68,16,27.394351959228516,27.888816833496094,2.540349245071411,1.0,1.0,7,9,0,24,0
27,68,17,27.394351959228516,27.888816833496094,2.540349245071411,1.0,1.0,7,10,0,23,0
27,68,18,27.394351959228516,27.888816833496094,2.540349245071411,1.0,1.0,7,11,0,22,0
27,68,19,27.394351959228516,27.888816833496094,2.540349245071411,1.0,1.0,8,12,0,20,0
27,68,20,27.394351959228516,27.888816833496094,2.540349245071411,1.0,1.0,8,12,0,20,0
27,68,21,27.394351959228516,27.888816833496094,2.540349245071411,1.0,1.0,8,13,0,19,0
27,68,22,27.394351959228516,27.888816833496094,2.540349245071411,1.0,1.0,8,14,0,18,0
27,68,23,27.394351959228516,27.888816833496094,2.540349245071411,1.0,1.0,9,15,0,16,0
27,68,24,27.394351959228516,27.888816833496094,2.540349245071411,1.0,1.0,10,16,0,14,0
27,68,25,27.394351959228516,27.888816833496094,2.540349245071411,1.0,1.0,10,16,0,14,0
27,68,26,27.394351959228516,27.888816833496094,2.540349245071411,1.0,1.0,11,16,0,13,0
27,68,27,27.394351959228516,27.888816833496094,2.540349245071411,1.0,1.0,11,16,0,13,0
27,68,28,27.394351959228516,27.888816833496094,2.540349245071411,1.0,1.0,12,16,0,12,0
27,68,29,27.394351959228516,27.888816833496094,2.540349245071411,1.0,1.0,12,16,0,12,0
27,68,30,27.394351959228516,27.888816833496094,2.540349245071411,1.0,1.0,12,17,0,11,0
27,68,31,27.394351959228516,27.888816833496094,2.540349245071411,1.0,1.0,12,17,0,11,0
27,68,32,27.394351959228516,27.888816833496094,2.540349245071411,1.0,1.0,13,17,0,10,0
27,68,33,27.394351959228516,27.888816833496094,2.540349245071411,1.0,1.0,13,18,0,9,0
27,68,34,27.394351959228516,27.888816833496094,2.540349245071411,1.0,1.0,13,18,0,9,0
27,68,35,27.394351959228516,27.888816833496094,2.540349245071411,1.0,1.0,15,19,0,6,0
27,68,36,27.394351959228516,27.888816833496094,2.540349245071411,1.0,1.0,15,19,0,6,0
27,68,37,27.394351959228516,27.888816833496094,2.540349245071411,1.0,1.0,15,19,0,6,0
27,68,38,27.394351959228516,27.888816833496094,2.540349245071411,1.0,1.0,15,19,0,6,0
27,68,39,27.394351959228516,27.888816833496094,2.540349245071411,1.0,1.0,15,19,0,6,0
27,68,40,27.394351959228516,27.888816833496094,2.540349245071411,1.0,1.0,15,19,0,6,0
27,68,41,27.394351959228516,27.888816833496094,2.540349245071411,1.0,1.0,15,19,0,6,0
27,68,42,27.394351959228516,27.888816833496094,2.540349245071411,1.0,1.0,15,19,0,6,0
27,68,43,27.394351959228516,27.888816833496094,2.540349245071411,1.0,1.0,15,20,0,5,0
27,68,44,27.394351959228516,27.888816833496094,2.540349245071411,1.0,1.0,15,20,0,5,0
27,68,45,27.394351959228516,27.888816833496094,2.540349245071411,1.0,1.0,16,20,0,4,0
27,68,46,27.394351959228516,27.888816833496094,2.540349245071411,1.0,1.0,16,20,0,4,0
27,68,47,27.394351959228516,27.888816833496094,2.540349245071411,1.0,1.0,16,21,0,3,0
27,68,48,27.394351959228516,27.888816833496094,2.540349245071411,1.0,1.0,17,21,0,2,0
27,68,49,27.394351959228516,27.888816833496094,2.540349245071411,1.0,1.0,18,21,0,1,0
27,68,50,27.394351959228516,27.888816833496094,2.540349245071411,1.0,1.0,18,21,0,1,0
27,68,51,27.394351959228516,27.888816833496094,2.540349245071411,1.0,1.0,18,21,0,1,0
27,68,52,27.394351959228516,27.888816833496094,2.540349245071411,1.0,1.0,18,21,0,1,0
27,68,53,27.394351959228516,27.888816833496094,2.540349245071411,1.0,1.0,19,21,0,0,0
28,69,1,25.99367904663086,28.059123992919922,2.8330936431884766,1.0,0.20000000298023224,0,0,0,40,3
28,69,2,26.322858810424805,27.87225341796875,2.4992809295654297,1.0,0.15000000596046448,0,0,0,40,3
28,69,3,26.45689582824707,27.842493057250977,2.454549789428711,1.0,0.15000000596046448,0,0,0,40,4
28,69,4,26.45689582824707,27.842493057250977,2.454549789428711,1.0,0.15000000596046448,2,0,0,38,5
28,69,5,26.45689582824707,27.842493057250977,2.454549789428711,1.0,0.15000000596046448,2,0,0,38,7
28,69,6,26.45689582824707,27.842493057250977,2.454549789428711,1.0,0.15000000596046448,2,0,0,38,8
28,69,7,26.27320098876953,27.86920166015625,2.4944097995758057,1.0,0.10000000149011612,2,2,0,36,10
28,69,8,26.224485397338867,27.866111755371094,2.4896271228790283,1.0,0.05000000074505806,2,2,1,35,14
28,69,9,26.35731315612793,27.83656883239746,2.4449892044067383,1.0,0.05000000074505806,2,2,1,35,14
28,69,10,26.35731315612793,27.83656883239746,2.4449892044067383,1.0,0.05000000074505806,2,2,1,35,16
28,69,11,26.35731315612793,27.83656883239746,2.4449892044067383,1.0,0.05000000074505806,2,2,1,35,18
28,69,12,26.35731315612793,27.83656883239746,2.4449892044067383,1.0,0.05000000074505806,2,3,1,34,20
28,69,13,26.35731315612793,27.83656883239746,2.4449892044067383,1.0,0.05000000074505806,2,3,1,34,22
28,69,14,26.35731315612793,27.83656883239746,2.4449892044067383,1.0,0.05000000074505806,2,5,1,32,22
28,69,15,26.35731315612793,27.83656883239746,2.4449892044067383,1.0,0.05000000074505806,3,5,1,31,22
28,69,16,26.35731315612793,27.83656883239746,2.4449892044067383,1.0,0.05000000074505806,4,7,1,28,23
28,69,17,26.35731315612793,27.83656883239746,2.4449892044067383,1.0,0.05000000074505806,4,8,1,27,23
28,69,18,26.35731315612793,27.83656883239746,2.4449892044067383,1.0,0.05000000074505806,5,10,1,24,26
28,69,19,26.176746368408203,27.86298942565918,2.4849443435668945,1.0,0.0,5,10,1,24,27
28,69,20,26.30893325805664,27.83357810974121,2.4403908252716064,1.0,0.0,5,10,1,24,28
28,69,21,26.30893325805664,27.83357810974121,2.4403908252716064,1.0,0.0,6,11,1,22,31
28,69,22,26.30893325805664,27.83357810974121,2.4403908252716064,1.0,0.0,6,12,2,20,33
28,69,23,26.30893325805664,27.83357810974121,2.4403908252716064,1.0,0.0,7,12,2,19,34
28,69,24,26.30893325805664,27.83357810974121,2.4403908252716064,1.0,0.0,7,12,2,19,36
28,69,25,26.30893325805664,27.83357810974121,2.4403908252716064,1.0,0.0,7,12,3,18,40
28,69,26,26.30893325805664,27.83357810974121,2.4403908252716064,1.0,0.0,9,12,3,16,45
28,69,27,26.30893325805664,27.83357810974121,2.4403908252716064,1.0,0.0,10,12,3,15,49
28,69,28,26.30893325805664,27.83357810974121,2.4403908252716064,1.0,0.0,10,12,3,15,51
28,69,29,26.30893325805664,27.83357810974121,2.4403908252716064,1.0,0.0,11,12,3,14,55
28,69,30,26.30893325805664,27.83357810974121,2.4403908252716064,1.0,0.0,11,12,3,14,60
28,69,31,26.30893325805664,27.83357810974121,2.4403908252716064,1.0,0.0,11,12,3,14,61
28,69,32,26.30893325805664,27.83357810974121,2.4403908252716064,1.0,0.0,11,12,3,14,66
28,69,33,26.30893325805664,27.83357810974121,2.4403908252716064,1.0,0.0,12,12,3,13,70
28,69,34,26.30893325805664,27.83357810974121,2.4403908252716064,1.0,0.0,12,12,3,13,73
28,69,35,26.30893325805664,27.83357810974121,2.4403908252716064,1.0,0.0,12,12,3,13,80
28,69,36,26.30893325805664,27.83357810974121,2.4403908252716064,1.0,0.0,12,12,4,12,83
28,69,37,26.30893325805664,27.83357810974121,2.4403908252716064,1.0,0.0,13,12,4,11,89
28,69,38,26.30893325805664,27.83357810974121,2.4403908252716064,1.0,0.0,13,12,4,11,95
28,69,39,26.30893325805664,27.83357810974121,2.4403908252716064,1.0,0.0,13,12,4,11,101
28,69,40,26.30893325805664,27.83357810974121,2.4403908252716064,1.0,0.0,13,12,5,10,106
28,69,41,26.30893325805664,27.83357810974121,2.4403908252716064,1.0,0.0,13,12,5,10,110
28,69,42,26.30893325805664,27.83357810974121,2.4403908252716064,1.0,0.0,13,12,5,10,116
28,69,43,26.30893325805664,27.83357810974121,2.4403908252716064,1.0,0.0,13,12,5,10,124
28,69,44,26.30893325805664,27.83357810974121,2.4403908252716064,1.0,0.0,14,12,5,9,128
28,69,45,26.30893325805664,27.83357810974121,2.4403908252716064,1.0,0.0,14,12,5,9,132
28,69,46,26.30893325805664,27.83357810974121,2.4403908252716064,1.0,0.0,15,12,5,8,139
28,69,47,26.367881774902344,27.72254753112793,2.578826904296875,0.949999988079071,0.0,16,12,5,7,146
28,69,48,26.440563201904297,27.718896865844727,2.5735297203063965,0.8999999761581421,0.0,16,12,5,7,155
28,69,49,26.514728546142578,27.715227127075195,2.5682015419006348,0.8500000238418579,0.0,16,12,5,7,158
28,69,50,26.526960372924805,27.82406997680664,2.4224367141723633,0.8500000238418579,0.0,16,12,5,7,165
28,69,51,26.526960372924805,27.82406997680664,2.4224367141723633,0.8500000238418579,0.0,16,12,5,7,170
28,69,52,26.526960372924805,27.82406997680664,2.4224367141723633,0.8500000238418579,0.0,17,12,5,6,181
28,69,53,26.590312957763672,27.711545944213867,2.5628437995910645,0.800000011920929,0.0,17,12,5,6,189
28,69,54,26.60256576538086,27.8207950592041,2.416477680206299,0.800000011920929,0.0,17,12,5,6,197
28,69,55,26.60256576538086,27.8207950592041,2.416477680206299,0.800000011920929,0.0,17,12,5,6,203
28,69,56,26.60256576538086,27.8207950592041,2.416477680206299,0.800000011920929,0.0,17,12,5,6,209
28,69,57,26.60256576538086,27.8207950592041,2.416477680206299,0.800000011920929,0.0,18,12,5,5,210
28,69,58,26.60256576538086,27.8207950592041,2.416477680206299,0.800000011920929,0.0,18,12,5,5,217
28,69,59,26.60256576538086,27.8207950592041,2.416477680206299,0.800000011920929,0.0,20,12,5,3,221
28,69,60,26.60256576538086,27.8207950592041,2.416477680206299,0.800000011920929,0.0,20,12,5,3,228
28,69,61,26.667234420776367,27.707860946655273,2.557457685470581,0.75,0.0,20,12,5,3,232
28,69,62,26.679513931274414,27.817474365234375,2.4105396270751953,0.75,0.0,21,12,5,2,240
28,69,63,26.745407104492188,27.704174041748047,2.552044630050659,0.699999988079071,0.0,21,12,5,2,252
28,69,64,26.75771141052246,27.814111709594727,2.4046266078948975,0.699999988079071,0.0,22,12,5,1,257
28,69,65,26.75771141052246,27.814111709594727,2.4046266078948975,0.699999988079071,0.0,22,12,5,1,265
28,69,66,26.82472801208496,27.700498580932617,2.5466060638427734,0.6499999761581421,0.0,22,12,5,1,270
28,69,67,26.90509033203125,27.69683837890625,2.5411434173583984,0.6000000238418579,0.0,22,12,5,1,274
28,69,68,26.917455673217773,27.807287216186523,2.3928940296173096,0.6000000238418579,0.0,22,12,5,1,281
28,69,69,26.917455673217773,27.807287216186523,2.3928940296173096,0.6000000238418579,0.0,22,12,5,1,288
28,69,70,26.98637580871582,27.693199157714844,2.5356578826904297,0.550000011920929,0.0,22,12,5,1,294
28,69,71,27.068456649780273,27.689590454101562,2.5301513671875,0.5,0.0,22,12,5,1,300
28,69,72,27.080883026123047,27.80036735534668,2.3813130855560303,0.5,0.0,22,12,5,1,307
28,69,73,27.080883026123047,27.80036735534668,2.3813130855560303,0.5,0.0,22,12,5,1,314
28,69,74,27.080883026123047,27.80036735534668,2.3813130855560303,0.5,0.0,22,12,5,1,322
28,69,75,27.080883026123047,27.80036735534668,2.3813130855560303,0.5,0.0,22,12,5,1,327
28,69,76,27.080883026123047,27.80036735534668,2.3813130855560303,0.5,0.0,23,12,5,0,335
29,70,1,25.92626953125,28.053895950317383,2.8259267807006836,1.0,0.05000000074505806,0,0,0,40,1
29,70,2,26.35731315612793,27.83656883239746,2.4449892044067383,1.0,0.05000000074505806,0,0,0,40,2
29,70,3,26.35731315612793,27.83656883239746,2.4449892044067383,1.0,0.05000000074505806,0,0,0,40,4
29,70,4,26.176746368408203,27.86298942565918,2.4849443435668945,1.0,0.0,0,0,0,40,4
29,70,5,26.30893325805664,27.83357810974121,2.4403908252716064,1.0,0.0,1,0,0,39,5
29,70,6,26.30893325805664,27.83357810974121,2.4403908252716064,1.0,0.0,2,0,0,38,7
29,70,7,26.30893325805664,27.83357810974121,2.4403908252716064,1.0,0.0,3,0,0,37,10
29,70,8,26.30893325805664,27.83357810974121,2.4403908252716064,1.0,0.0,3,0,0,37,11
29,70,9,26.30893325805664,27.83357810974121,2.4403908252716064,1.0,0.0,3,0,0,37,11
29,70,10,26.30893325805664,27.83357810974121,2.4403908252716064,1.0,0.0,4,1,0,35,12
29,70,11,26.30893325805664,27.83357810974121,2.4403908252716064,1.0,0.0,4,1,0,35,12
29,70,12,26.30893325805664,27.83357810974121,2.4403908252716064,1.0,0.0,4,2,0,34,14
29,70,13,26.30893325805664,27.83357810974121,2.4403908252716064,1.0,0.0,4,2,0,34,17
29,70,14,26.30893325805664,27.83357810974121,2.4403908252716064,1.0,0.0,4,2,0,34,18
29,70,15,26.30893325805664,27.83357810974121,2.4403908252716064,1.0,0.0,5,2,0,33,21
29,70,16,26.30893325805664,27.83357810974121,2.4403908252716064,1.0,0.0,6,2,2,30,27
29,70,17,26.30893325805664,27.83357810974121,2.4403908252716064,1.0,0.0,6,2,2,30,34
29,70,18,26.30893325805664,27.83357810974121,2.4403908252716064,1.0,0.0,7,2,2,29,37
29,70,19,26.30893325805664,27.83357810974121,2.4403908252716064,1.0,0.0,7,2,3,28,41
29,70,20,26.30893325805664,27.83357810974121,2.4403908252716064,1.0,0.0,9,2,4,25,44
29,70,21,26.30893325805664,27.83357810974121,2.4403908252716064,1.0,0.0,9,2,4,25,48
29,70,22,26.30893325805664,27.83357810974121,2.4403908252716064,1.0,0.0,9,2,5,24,53
29,70,23,26.30893325805664,27.83357810974121,2.4403908252716064,1.0,0.0,9,2,5,24,59
29,70,24,26.30893325805664,27.83357810974121,2.4403908252716064,1.0,0.0,10,2,6,22,63
29,70,25,26.30893325805664,27.83357810974121,2.4403908252716064,1.0,0.0,10,2,6,22,70
29,70,26,26.30893325805664,27.83357810974121,2.4403908252716064,1.0,0.0,10,2,7,21,77
29,70,27,26.30893325805664,27.83357810974121,2.4403908252716064,1.0,0.0,11,2,7,20,80
29,70,28,26.30893325805664,27.83357810974121,2.4403908252716064,1.0,0.0,12,2,7,19,84
29,70,29,26.30893325805664,27.83357810974121,2.4403908252716064,1.0,0.0,13,2,7,18,87
29,70,30,26.30893325805664,27.83357810974121,2.4403908252716064,1.0,0.0,13,2,7,18,95
29,70,31,26.30893325805664,27.83357810974121,2.4403908252716064,1.0,0.0,14,2,7,17,99
29,70,32,26.30893325805664,27.83357810974121,2.4403908252716064,1.0,0.0,15,2,7,16,102
29,70,33,26.30893325805664,27.83357810974121,2.4403908252716064,1.0,0.0,15,2,7,16,107
29,70,34,26.367881774902344,27.72254753112793,2.578826904296875,0.949999988079071,0.0,15,2,7,16,116
29,70,35,26.380081176757812,27.830467224121094,2.4343979358673096,0.949999988079071,0.0,15,2,7,16,120
29,70,36,26.380081176757812,27.830467224121094,2.4343979358673096,0.949999988079071,0.0,16,2,7,15,128
29,70,37,26.380081176757812,27.830467224121094,2.4343979358673096,0.949999988079071,0.0,16,2,7,15,134
29,70,38,26.440563201904297,27.718896865844727,2.5735297203063965,0.8999999761581421,0.0,17,2,7,14,139
29,70,39,26.452775955200195,27.827295303344727,2.4284114837646484,0.8999999761581421,0.0,18,2,7,13,147
29,70,40,26.452775955200195,27.827295303344727,2.4284114837646484,0.8999999761581421,0.0,18,2,7,13,151
29,70,41,26.514728546142578,27.715227127075195,2.5682015419006348,0.8500000238418579,0.0,19,2,7,12,155
29,70,42,26.526960372924805,27.82406997680664,2.4224367141723633,0.8500000238418579,0.0,19,2,7,12,162
29,70,43,26.526960372924805,27.82406997680664,2.4224367141723633,0.8500000238418579,0.0,20,2,7,11,170
29,70,44,26.590312957763672,27.711545944213867,2.5628437995910645,0.800000011920929,0.0,20,2,7,11,176
29,70,45,26.60256576538086,27.8207950592041,2.416477680206299,0.800000011920929,0.0,20,2,7,11,184
29,70,46,26.60256576538086,27.8207950592041,2.416477680206299,0.800000011920929,0.0,20,2,7,11,187
29,70,47,26.60256576538086,27.8207950592041,2.416477680206299,0.800000011920929,0.0,20,2,7,11,194
29,70,48,26.667234420776367,27.707860946655273,2.557457685470581,0.75,0.0,21,2,7,10,200
29,70,49,26.679513931274414,27.817474365234375,2.4105396270751953,0.75,0.0,21,2,7,10,207
29,70,50,26.679513931274414,27.817474365234375,2.4105396270751953,0.75,0.0,21,2,7,10,212
29,70,51,26.745407104492188,27.704174041748047,2.552044630050659,0.699999988079071,0.0,21,2,7,10,219
29,70,52,26.75771141052246,27.814111709594727,2.4046266078948975,0.699999988079071,0.0,21,2,7,10,224
29,70,53,26.75771141052246,27.814111709594727,2.4046266078948975,0.699999988079071,0.0,21,2,7,10,233
29,70,54,26.75771141052246,27.814111709594727,2.4046266078948975,0.699999988079071,0.0,22,2,7,9,239
29,70,55,26.75771141052246,27.814111709594727,2.4046266078948975,0.699999988079071,0.0,22,2,7,9,244
29,70,56,26.75771141052246,27.814111709594727,2.4046266078948975,0.699999988079071,0.0,22,2,7,9,250
29,70,57,26.82472801208496,27.700498580932617,2.5466060638427734,0.6499999761581421,0.0,22,2,7,9,256
29,70,58,26.83706283569336,27.810714721679688,2.3987433910369873,0.6499999761581421,0.0,22,2,7,9,261
29,70,59,26.83706283569336,27.810714721679688,2.3987433910369873,0.6499999761581421,0.0,22,2,7,9,265
29,70,60,26.83706283569336,27.810714721679688,2.3987433910369873,0.6499999761581421,0.0,22,2,7,9,269
29,70,61,26.90509033203125,27.69683837890625,2.5411434173583984,0.6000000238418579,0.0,22,2,7,9,276
29,70,62,26.917455673217773,27.807287216186523,2.3928940296173096,0.6000000238418579,0.0,23,2,7,8,287
29,70,63,26.98637580871582,27.693199157714844,2.5356578826904297,0.550000011920929,0.0,23,2,7,8,295
29,70,64,26.99877166748047,27.803836822509766,2.387082815170288,0.550000011920929,0.0,23,2,7,8,306
29,70,65,26.99877166748047,27.803836822509766,2.387082815170288,0.550000011920929,0.0,23,2,7,8,312
29,70,66,27.068456649780273,27.689590454101562,2.5301513671875,0.5,0.0,23,2,7,8,321
29,70,67,27.080883026123047,27.80036735534668,2.3813130855560303,0.5,0.0,24,2,7,7,328
29,70,68,27.080883026123047,27.80036735534668,2.3813130855560303,0.5,0.0,26,2,7,5,334
29,70,69,27.080883026123047,27.80036735534668,2.3813130855560303,0.5,0.0,27,2,7,4,342
29,70,70,27.080883026123047,27.80036735534668,2.3813130855560303,0.5,0.0,28,2,7,3,351
29,70,71,27.151201248168945,27.686019897460938,2.524624824523926,0.44999998807907104,0.0,28,2,7,3,358
29,70,72,27.163658142089844,27.796884536743164,2.3755886554718018,0.44999998807907104,0.0,28,2,7,3,367
29,70,73,27.234466552734375,27.682491302490234,2.51908016204834,0.4000000059604645,0.0,29,2,7,2,375
29,70,74,27.24695587158203,27.79339599609375,2.36991286277771,0.4000000059604645,0.0,29,2,7,2,382
29,70,75,27.24695587158203,27.79339599609375,2.36991286277771,0.4000000059604645,0.0,29,2,7,2,386
29,70,76,27.24695587158203,27.79339599609375,2.36991286277771,0.4000000059604645,0.0,29,2,7,2,393
29,70,77,27.24695587158203,27.79339599609375,2.36991286277771,0.4000000059604645,0.0,29,2,7,2,400
29,70,78,27.24695587158203,27.79339599609375,2.36991286277771,0.4000000059604645,0.0,29,2,7,2,405
29,70,79,27.24695587158203,27.79339599609375,2.36991286277771,0.4000000059604645,0.0,30,2,7,1,410
29,70,80,27.3181095123291,27.679014205932617,2.513518810272217,0.3499999940395355,0.0,30,2,7,1,415
29,70,81,27.401979446411133,27.675594329833984,2.5079429149627686,0.30000001192092896,0.0,30,2,7,1,423
29,70,82,27.414533615112305,27.786426544189453,2.358717203140259,0.30000001192092896,0.0,30,2,7,1,427
29,70,83,27.48592758178711,27.672237396240234,2.502354145050049,0.25,0.0,31,2,7,0,434
30,71,1,28.166776657104492,27.103271484375,3.44523024559021,0.05000000074505806,1.0,0,0,0,40,1
30,71,2,28.906494140625,27.82667350769043,2.434173822402954,0.05000000074505806,1.0,0,0,0,40,4
30,71,3,28.906494140625,27.82667350769043,2.434173822402954,0.05000000074505806,1.0,0,2,0,38,4
30,71,4,28.906494140625,27.82667350769043,2.434173822402954,0.05000000074505806,1.0,1,3,0,36,6
30,71,5,28.95634651184082,27.716646194458008,2.5713422298431396,0.0,1.0,2,3,0,35,7
30,71,6,28.978116989135742,27.8231258392334,2.4286580085754395,0.0,1.0,4,3,0,33,10
30,71,7,28.978116989135742,27.8231258392334,2.4286580085754395,0.0,1.0,4,4,0,32,11
30,71,8,28.978116989135742,27.8231258392334,2.4286580085754395,0.0,1.0,4,4,0,32,13
30,71,9,28.978116989135742,27.8231258392334,2.4286580085754395,0.0,1.0,4,4,0,32,15
30,71,10,28.978116989135742,27.8231258392334,2.4286580085754395,0.0,1.0,4,4,0,32,15
30,71,11,28.978116989135742,27.8231258392334,2.4286580085754395,0.0,1.0,4,4,1,31,19
30,71,12,28.978116989135742,27.8231258392334,2.4286580085754395,0.0,1.0,4,4,2,30,22
30,71,13,28.978116989135742,27.8231258392334,2.4286580085754395,0.0,1.0,4,4,2,30,28
30,71,14,28.978116989135742,27.8231258392334,2.4286580085754395,0.0,1.0,4,4,2,30,30
30,71,15,28.978116989135742,27.8231258392334,2.4286580085754395,0.0,1.0,4,5,4,27,35
30,71,16,28.978116989135742,27.8231258392334,2.4286580085754395,0.0,1.0,4,5,4,27,38
30,71,17,28.978116989135742,27.8231258392334,2.4286580085754395,0.0,1.0,4,5,4,27,43
30,71,18,28.978116989135742,27.8231258392334,2.4286580085754395,0.0,1.0,4,5,4,27,48
30,71,19,28.978116989135742,27.8231258392334,2.4286580085754395,0.0,1.0,4,8,4,24,53
30,71,20,28.978116989135742,27.8231258392334,2.4286580085754395,0.0,1.0,4,8,4,24,57
30,71,21,28.978116989135742,27.8231258392334,2.4286580085754395,0.0,1.0,4,8,4,24,60
30,71,22,28.978116989135742,27.8231258392334,2.4286580085754395,0.0,1.0,4,8,4,24,62
30,71,23,28.978116989135742,27.8231258392334,2.4286580085754395,0.0,1.0,4,8,4,24,65
30,71,24,28.978116989135742,27.8231258392334,2.4286580085754395,0.0,1.0,4,8,4,24,70
30,71,25,28.978116989135742,27.8231258392334,2.4286580085754395,0.0,1.0,4,10,4,22,75
30,71,26,28.978116989135742,27.8231258392334,2.4286580085754395,0.0,1.0,4,10,4,22,81
30,71,27,28.978116989135742,27.8231258392334,2.4286580085754395,0.0,1.0,4,10,5,21,85
30,71,28,28.978116989135742,27.8231258392334,2.4286580085754395,0.0,1.0,4,10,5,21,92
30,71,29,28.978116989135742,27.8231258392334,2.4286580085754395,0.0,1.0,4,10,5,21,95
30,71,30,28.978116989135742,27.8231258392334,2.4286580085754395,0.0,1.0,4,10,5,21,97
30,71,31,28.978116989135742,27.8231258392334,2.4286580085754395,0.0,1.0,4,11,5,20,101
30,71,32,28.978116989135742,27.8231258392334,2.4286580085754395,0.0,1.0,4,11,5,20,103
30,71,33,28.978116989135742,27.8231258392334,2.4286580085754395,0.0,1.0,4,11,5,20,105
30,71,34,28.978116989135742,27.8231258392334,2.4286580085754395,0.0,1.0,4,11,5,20,106
30,71,35,28.978116989135742,27.8231258392334,2.4286580085754395,0.0,1.0,4,11,5,20,107
30,71,36,28.978116989135742,27.8231258392334,2.4286580085754395,0.0,1.0,4,11,5,20,112
30,71,37,28.978116989135742,27.8231258392334,2.4286580085754395,0.0,1.0,4,13,5,18,112
30,71,38,28.978116989135742,27.8231258392334,2.4286580085754395,0.0,1.0,4,13,5,18,114
30,71,39,28.978116989135742,27.8231258392334,2.4286580085754395,0.0,1.0,4,14,5,17,115
30,71,40,28.978116989135742,27.8231258392334,2.4286580085754395,0.0,1.0,4,15,5,16,119
30,71,41,28.78670310974121,27.85011863708496,2.468353509902954,0.0,0.949999988079071,4,15,5,16,122
30,71,42,28.739660263061523,27.847503662109375,2.4639103412628174,0.0,0.8999999761581421,4,16,5,15,126
30,71,43,28.691627502441406,27.84486961364746,2.459322929382324,0.0,0.8500000238418579,4,16,5,15,129
30,71,44,28.83838653564453,27.814558029174805,2.4146761894226074,0.0,0.8500000238418579,4,16,5,15,132
30,71,45,28.64263153076172,27.842212677001953,2.454598903656006,0.0,0.800000011920929,4,17,5,14,136
30,71,46,28.592710494995117,27.83953285217285,2.449747085571289,0.0,0.75,4,17,5,14,142
30,71,47,28.541898727416992,27.836833953857422,2.4447779655456543,0.0,0.699999988079071,4,17,5,14,144
30,71,48,28.689512252807617,27.805940628051758,2.3996448516845703,0.0,0.699999988079071,4,19,5,12,147
30,71,49,28.689512252807617,27.805940628051758,2.3996448516845703,0.0,0.699999988079071,4,19,5,12,152
30,71,50,28.689512252807617,27.805940628051758,2.3996448516845703,0.0,0.699999988079071,4,19,5,12,157
30,71,51,28.689512252807617,27.805940628051758,2.3996448516845703,0.0,0.699999988079071,4,19,5,12,161
30,71,52,28.490245819091797,27.83411407470703,2.4397029876708984,0.0,0.6499999761581421,4,20,5,11,162
30,71,53,28.638017654418945,27.803062438964844,2.394451856613159,0.0,0.6499999761581421,4,21,5,10,165
30,71,54,28.638017654418945,27.803062438964844,2.394451856613159,0.0,0.6499999761581421,4,21,5,10,168
30,71,55,28.43779754638672,27.831375122070312,2.434535264968872,0.0,0.6000000238418579,4,22,5,9,173
30,71,56,28.585664749145508,27.80018424987793,2.3891892433166504,0.0,0.6000000238418579,4,22,5,9,180
30,71,57,28.384611129760742,27.82861328125,2.429287910461426,0.0,0.550000011920929,4,23,5,8,184
30,71,58,28.330745697021484,27.825834274291992,2.423976421356201,0.0,0.5,4,24,5,7,191
30,71,59,28.478605270385742,27.794431686401367,2.378516674041748,0.0,0.5,4,25,5,6,194
30,71,60,28.478605270385742,27.794431686401367,2.378516674041748,0.0,0.5,4,25,5,6,197
30,71,61,28.478605270385742,27.794431686401367,2.378516674041748,0.0,0.5,4,25,5,6,203
30,71,62,28.478605270385742,27.794431686401367,2.378516674041748,0.0,0.5,4,27,5,4,209
30,71,63,28.478605270385742,27.794431686401367,2.378516674041748,0.0,0.5,4,27,5,4,215
30,71,64,28.478605270385742,27.794431686401367,2.378516674041748,0.0,0.5,4,27,5,4,223
30,71,65,28.276264190673828,27.823036193847656,2.4186158180236816,0.0,0.44999998807907104,4,27,5,4,225
30,71,66,28.424020767211914,27.79155921936035,2.373138189315796,0.0,0.44999998807907104,4,27,5,4,229
30,71,67,28.424020767211914,27.79155921936035,2.373138189315796,0.0,0.44999998807907104,4,27,5,4,239
30,71,68,28.424020767211914,27.79155921936035,2.373138189315796,0.0,0.44999998807907104,4,28,5,3,246
30,71,69,28.424020767211914,27.79155921936035,2.373138189315796,0.0,0.44999998807907104,4,28,5,3,250
30,71,70,28.424020767211914,27.79155921936035,2.373138189315796,0.0,0.44999998807907104,4,28,5,3,256
30,71,71,28.424020767211914,27.79155921936035,2.373138189315796,0.0,0.44999998807907104,4,29,5,2,259
30,71,72,28.424020767211914,27.79155921936035,2.373138189315796,0.0,0.44999998807907104,4,29,5,2,268
30,71,73,28.424020767211914,27.79155921936035,2.373138189315796,0.0,0.44999998807907104,4,29,5,2,272
30,71,74,28.424020767211914,27.79155921936035,2.373138189315796,0.0,0.44999998807907104,4,30,5,1,276
30,71,75,28.424020767211914,27.79155921936035,2.373138189315796,0.0,0.44999998807907104,4,30,5,1,284
30,71,76,28.424020767211914,27.79155921936035,2.373138189315796,0.0,0.44999998807907104,4,30,5,1,288
30,71,77,28.221233367919922,27.820219039916992,2.4132227897644043,0.0,0.4000000059604645,4,30,5,1,294
30,71,78,28.368824005126953,27.7886905670166,2.3677542209625244,0.0,0.4000000059604645,4,31,5,0,303
