episode,seed,step,cA,cB,wc,F1_exitA_threat,F2_exitB_threat,escaped_A,escaped_B,dead,remaining,fire_cells
1,42,1,26.039859771728516,28.060558319091797,2.8343966007232666,1.0,0.30000001192092896,0,0,0,40,1
1,42,2,26.612686157226562,27.851221084594727,2.4696202278137207,1.0,0.30000001192092896,0,1,0,39,1
1,42,3,26.612686157226562,27.851221084594727,2.4696202278137207,1.0,0.30000001192092896,0,1,0,39,1
1,42,4,26.612686157226562,27.851221084594727,2.4696202278137207,1.0,0.30000001192092896,0,2,0,38,2
1,42,5,26.42483139038086,27.87824058532715,2.5092380046844482,1.0,0.25,0,2,0,38,3
1,42,6,26.559965133666992,27.84833526611328,2.4645168781280518,1.0,0.25,0,3,0,37,4
1,42,7,26.559965133666992,27.84833526611328,2.4645168781280518,1.0,0.25,1,4,0,35,6
1,42,8,26.559965133666992,27.84833526611328,2.4645168781280518,1.0,0.25,2,5,0,33,8
1,42,9,26.373416900634766,27.875267028808594,2.504228115081787,1.0,0.20000000298023224,2,5,0,33,8
1,42,10,26.508018493652344,27.84542465209961,2.459488868713379,1.0,0.20000000298023224,3,5,0,32,10
1,42,11,26.508018493652344,27.84542465209961,2.459488868713379,1.0,0.20000000298023224,3,5,0,32,14
1,42,12,26.322858810424805,27.87225341796875,2.4992809295654297,1.0,0.15000000596046448,4,5,0,31,17
1,42,13,26.45689582824707,27.842493057250977,2.454549789428711,1.0,0.15000000596046448,4,5,0,31,17
1,42,14,26.45689582824707,27.842493057250977,2.454549789428711,1.0,0.15000000596046448,5,5,0,30,18
1,42,15,26.45689582824707,27.842493057250977,2.454549789428711,1.0,0.15000000596046448,5,6,0,29,19
1,42,16,26.45689582824707,27.842493057250977,2.454549789428711,1.0,0.15000000596046448,5,6,0,29,21
1,42,17,26.27320098876953,27.86920166015625,2.4944097995758057,1.0,0.10000000149011612,5,7,0,28,21
1,42,18,26.406646728515625,27.839540481567383,2.4497125148773193,1.0,0.10000000149011612,5,7,0,28,21
1,42,19,26.406646728515625,27.839540481567383,2.4497125148773193,1.0,0.10000000149011612,6,7,0,27,25
1,42,20,26.224485397338867,27.866111755371094,2.4896271228790283,1.0,0.05000000074505806,6,7,0,27,27
1,42,21,26.35731315612793,27.83656883239746,2.4449892044067383,1.0,0.05000000074505806,6,8,0,26,28
1,42,22,26.35731315612793,27.83656883239746,2.4449892044067383,1.0,0.05000000074505806,6,8,0,26,29
1,42,23,26.176746368408203,27.86298942565918,2.4849443435668945,1.0,0.0,6,8,0,26,29
1,42,24,26.30893325805664,27.83357810974121,2.4403908252716064,1.0,0.0,6,9,0,25,30
1,42,25,26.30893325805664,27.83357810974121,2.4403908252716064,1.0,0.0,6,9,0,25,32
1,42,26,26.30893325805664,27.83357810974121,2.4403908252716064,1.0,0.0,7,9,0,24,32
1,42,27,26.30893325805664,27.83357810974121,2.4403908252716064,1.0,0.0,7,10,0,23,34
1,42,28,26.30893325805664,27.83357810974121,2.4403908252716064,1.0,0.0,7,10,0,23,36
1,42,29,26.30893325805664,27.83357810974121,2.4403908252716064,1.0,0.0,7,10,0,23,39
1,42,30,26.30893325805664,27.83357810974121,2.4403908252716064,1.0,0.0,7,10,0,23,40
1,42,31,26.30893325805664,27.83357810974121,2.4403908252716064,1.0,0.0,9,10,0,21,41
1,42,32,26.30893325805664,27.83357810974121,2.4403908252716064,1.0,0.0,9,10,0,21,46
1,42,33,26.30893325805664,27.83357810974121,2.4403908252716064,1.0,0.0,9,10,0,21,52
1,42,34,26.30893325805664,27.83357810974121,2.4403908252716064,1.0,0.0,9,10,0,21,55
1,42,35,26.30893325805664,27.83357810974121,2.4403908252716064,1.0,0.0,9,10,0,21,58
1,42,36,26.30893325805664,27.83357810974121,2.4403908252716064,1.0,0.0,9,10,1,20,61
1,42,37,26.30893325805664,27.83357810974121,2.4403908252716064,1.0,0.0,10,10,1,19,68
1,42,38,26.30893325805664,27.83357810974121,2.4403908252716064,1.0,0.0,12,10,1,17,71
1,42,39,26.30893325805664,27.83357810974121,2.4403908252716064,1.0,0.0,12,10,3,15,75
1,42,40,26.30893325805664,27.83357810974121,2.4403908252716064,1.0,0.0,13,10,3,14,81
1,42,41,26.30893325805664,27.83357810974121,2.4403908252716064,1.0,0.0,14,10,4,12,86
1,42,42,26.30893325805664,27.83357810974121,2.4403908252716064,1.0,0.0,14,10,5,11,90
1,42,43,26.30893325805664,27.83357810974121,2.4403908252716064,1.0,0.0,15,10,5,10,98
1,42,44,26.30893325805664,27.83357810974121,2.4403908252716064,1.0,0.0,15,10,5,10,103
1,42,45,26.30893325805664,27.83357810974121,2.4403908252716064,1.0,0.0,15,10,5,10,107
1,42,46,26.30893325805664,27.83357810974121,2.4403908252716064,1.0,0.0,15,10,5,10,114
1,42,47,26.367881774902344,27.72254753112793,2.578826904296875,0.949999988079071,0.0,16,10,5,9,120
1,42,48,26.380081176757812,27.830467224121094,2.4343979358673096,0.949999988079071,0.0,16,10,5,9,124
1,42,49,26.380081176757812,27.830467224121094,2.4343979358673096,0.949999988079071,0.0,16,10,5,9,130
1,42,50,26.380081176757812,27.830467224121094,2.4343979358673096,0.949999988079071,0.0,16,10,5,9,133
1,42,51,26.380081176757812,27.830467224121094,2.4343979358673096,0.949999988079071,0.0,18,10,5,7,137
1,42,52,26.380081176757812,27.830467224121094,2.4343979358673096,0.949999988079071,0.0,18,10,5,7,142
1,42,53,26.380081176757812,27.830467224121094,2.4343979358673096,0.949999988079071,0.0,18,10,5,7,149
1,42,54,26.440563201904297,27.718896865844727,2.5735297203063965,0.8999999761581421,0.0,18,10,5,7,155
1,42,55,26.452775955200195,27.827295303344727,2.4284114837646484,0.8999999761581421,0.0,18,10,5,7,159
1,42,56,26.452775955200195,27.827295303344727,2.4284114837646484,0.8999999761581421,0.0,18,10,5,7,162
1,42,57,26.514728546142578,27.715227127075195,2.5682015419006348,0.8500000238418579,0.0,18,10,5,7,173
1,42,58,26.526960372924805,27.82406997680664,2.4224367141723633,0.8500000238418579,0.0,18,10,5,7,175
1,42,59,26.526960372924805,27.82406997680664,2.4224367141723633,0.8500000238418579,0.0,18,10,5,7,178
1,42,60,26.526960372924805,27.82406997680664,2.4224367141723633,0.8500000238418579,0.0,18,10,5,7,184
1,42,61,26.526960372924805,27.82406997680664,2.4224367141723633,0.8500000238418579,0.0,18,10,5,7,185
1,42,62,26.526960372924805,27.82406997680664,2.4224367141723633,0.8500000238418579,0.0,18,10,5,7,187
1,42,63,26.526960372924805,27.82406997680664,2.4224367141723633,0.8500000238418579,0.0,18,10,5,7,189
1,42,64,26.526960372924805,27.82406997680664,2.4224367141723633,0.8500000238418579,0.0,18,10,5,7,192
1,42,65,26.526960372924805,27.82406997680664,2.4224367141723633,0.8500000238418579,0.0,18,10,5,7,198
1,42,66,26.526960372924805,27.82406997680664,2.4224367141723633,0.8500000238418579,0.0,19,10,5,6,200
1,42,67,26.526960372924805,27.82406997680664,2.4224367141723633,0.8500000238418579,0.0,19,10,5,6,201
1,42,68,26.526960372924805,27.82406997680664,2.4224367141723633,0.8500000238418579,0.0,19,10,5,6,205
1,42,69,26.526960372924805,27.82406997680664,2.4224367141723633,0.8500000238418579,0.0,19,10,6,5,207
1,42,70,26.526960372924805,27.82406997680664,2.4224367141723633,0.8500000238418579,0.0,19,10,6,5,210
1,42,71,26.590312957763672,27.711545944213867,2.5628437995910645,0.800000011920929,0.0,20,10,6,4,214
1,42,72,26.667234420776367,27.707860946655273,2.557457685470581,0.75,0.0,20,10,6,4,217
1,42,73,26.679513931274414,27.817474365234375,2.4105396270751953,0.75,0.0,20,10,6,4,222
1,42,74,26.679513931274414,27.817474365234375,2.4105396270751953,0.75,0.0,20,10,6,4,225
1,42,75,26.679513931274414,27.817474365234375,2.4105396270751953,0.75,0.0,20,10,6,4,229
1,42,76,26.745407104492188,27.704174041748047,2.552044630050659,0.699999988079071,0.0,20,10,6,4,235
1,42,77,26.75771141052246,27.814111709594727,2.4046266078948975,0.699999988079071,0.0,20,10,6,4,238
1,42,78,26.75771141052246,27.814111709594727,2.4046266078948975,0.699999988079071,0.0,21,10,6,3,241
1,42,79,26.75771141052246,27.814111709594727,2.4046266078948975,0.699999988079071,0.0,21,10,6,3,246
1,42,80,26.75771141052246,27.814111709594727,2.4046266078948975,0.699999988079071,0.0,21,10,6,3,251
1,42,81,26.75771141052246,27.814111709594727,2.4046266078948975,0.699999988079071,0.0,21,10,6,3,258
1,42,82,26.75771141052246,27.814111709594727,2.4046266078948975,0.699999988079071,0.0,21,10,6,3,261
1,42,83,26.75771141052246,27.814111709594727,2.4046266078948975,0.699999988079071,0.0,22,10,6,2,265
1,42,84,26.75771141052246,27.814111709594727,2.4046266078948975,0.699999988079071,0.0,22,10,6,2,271
1,42,85,26.75771141052246,27.814111709594727,2.4046266078948975,0.699999988079071,0.0,22,10,6,2,275
1,42,86,26.75771141052246,27.814111709594727,2.4046266078948975,0.699999988079071,0.0,22,10,6,2,281
1,42,87,26.82472801208496,27.700498580932617,2.5466060638427734,0.6499999761581421,0.0,22,10,6,2,281
1,42,88,26.83706283569336,27.810714721679688,2.3987433910369873,0.6499999761581421,0.0,22,10,6,2,288
1,42,89,26.90509033203125,27.69683837890625,2.5411434173583984,0.6000000238418579,0.0,22,10,6,2,295
1,42,90,26.917455673217773,27.807287216186523,2.3928940296173096,0.6000000238418579,0.0,23,10,6,1,297
1,42,91,26.917455673217773,27.807287216186523,2.3928940296173096,0.6000000238418579,0.0,23,10,6,1,302
1,42,92,26.917455673217773,27.807287216186523,2.3928940296173096,0.6000000238418579,0.0,23,10,6,1,310
1,42,93,26.917455673217773,27.807287216186523,2.3928940296173096,0.6000000238418579,0.0,23,10,6,1,315
1,42,94,26.98637580871582,27.693199157714844,2.5356578826904297,0.550000011920929,0.0,23,10,6,1,316
1,42,95,26.99877166748047,27.803836822509766,2.387082815170288,0.550000011920929,0.0,23,10,6,1,322
1,42,96,26.99877166748047,27.803836822509766,2.387082815170288,0.550000011920929,0.0,23,10,6,1,324
1,42,97,26.99877166748047,27.803836822509766,2.387082815170288,0.550000011920929,0.0,24,10,6,0,329
2,43,1,25.971050262451172,28.057424545288086,2.830720901489258,1.0,0.15000000596046448,0,0,0,40,1
2,43,2,26.45689582824707,27.842493057250977,2.454549789428711,1.0,0.15000000596046448,0,0,0,40,1
2,43,3,26.45689582824707,27.842493057250977,2.454549789428711,1.0,0.15000000596046448,0,1,0,39,2
2,43,4,26.27320098876953,27.86920166015625,2.4944097995758057,1.0,0.10000000149011612,0,1,0,39,2
2,43,5,26.406646728515625,27.839540481567383,2.4497125148773193,1.0,0.10000000149011612,0,1,0,39,2
2,43,6,26.406646728515625,27.839540481567383,2.4497125148773193,1.0,0.10000000149011612,0,1,0,39,2
2,43,7,26.406646728515625,27.839540481567383,2.4497125148773193,1.0,0.10000000149011612,0,1,0,39,3
2,43,8,26.224485397338867,27.866111755371094,2.4896271228790283,1.0,0.05000000074505806,1,1,0,38,3
2,43,9,26.35731315612793,27.83656883239746,2.4449892044067383,1.0,0.05000000074505806,2,1,0,37,3
2,43,10,26.35731315612793,27.83656883239746,2.4449892044067383,1.0,0.05000000074505806,2,1,0,37,3
2,43,11,26.35731315612793,27.83656883239746,2.4449892044067383,1.0,0.05000000074505806,2,2,0,36,4
2,43,12,26.35731315612793,27.83656883239746,2.4449892044067383,1.0,0.05000000074505806,3,3,0,34,4
2,43,13,26.35731315612793,27.83656883239746,2.4449892044067383,1.0,0.05000000074505806,3,4,0,33,5
2,43,14,26.35731315612793,27.83656883239746,2.4449892044067383,1.0,0.05000000074505806,3,7,0,30,7
2,43,15,26.176746368408203,27.86298942565918,2.4849443435668945,1.0,0.0,3,7,0,30,9
2,43,16,26.30893325805664,27.83357810974121,2.4403908252716064,1.0,0.0,3,8,0,29,11
2,43,17,26.30893325805664,27.83357810974121,2.4403908252716064,1.0,0.0,4,8,1,27,12
2,43,18,26.30893325805664,27.83357810974121,2.4403908252716064,1.0,0.0,4,8,1,27,13
2,43,19,26.30893325805664,27.83357810974121,2.4403908252716064,1.0,0.0,4,8,1,27,13
2,43,20,26.30893325805664,27.83357810974121,2.4403908252716064,1.0,0.0,4,8,1,27,15
2,43,21,26.30893325805664,27.83357810974121,2.4403908252716064,1.0,0.0,4,8,1,27,20
2,43,22,26.30893325805664,27.83357810974121,2.4403908252716064,1.0,0.0,5,8,1,26,22
2,43,23,26.30893325805664,27.83357810974121,2.4403908252716064,1.0,0.0,6,8,1,25,23
2,43,24,26.30893325805664,27.83357810974121,2.4403908252716064,1.0,0.0,6,8,1,25,26
2,43,25,26.30893325805664,27.83357810974121,2.4403908252716064,1.0,0.0,6,8,3,23,30
2,43,26,26.30893325805664,27.83357810974121,2.4403908252716064,1.0,0.0,6,8,3,23,35
2,43,27,26.30893325805664,27.83357810974121,2.4403908252716064,1.0,0.0,6,8,3,23,43
2,43,28,26.30893325805664,27.83357810974121,2.4403908252716064,1.0,0.0,6,8,4,22,46
2,43,29,26.30893325805664,27.83357810974121,2.4403908252716064,1.0,0.0,6,8,4,22,51
2,43,30,26.30893325805664,27.83357810974121,2.4403908252716064,1.0,0.0,7,8,4,21,52
2,43,31,26.30893325805664,27.83357810974121,2.4403908252716064,1.0,0.0,8,8,4,20,56
2,43,32,26.30893325805664,27.83357810974121,2.4403908252716064,1.0,0.0,9,8,5,18,59
2,43,33,26.30893325805664,27.83357810974121,2.4403908252716064,1.0,0.0,11,8,5,16,63
2,43,34,26.30893325805664,27.83357810974121,2.4403908252716064,1.0,0.0,11,8,5,16,69
2,43,35,26.30893325805664,27.83357810974121,2.4403908252716064,1.0,0.0,11,8,5,16,73
2,43,36,26.30893325805664,27.83357810974121,2.4403908252716064,1.0,0.0,11,8,6,15,75
2,43,37,26.30893325805664,27.83357810974121,2.4403908252716064,1.0,0.0,11,8,6,15,81
2,43,38,26.30893325805664,27.83357810974121,2.4403908252716064,1.0,0.0,12,8,8,12,88
2,43,39,26.30893325805664,27.83357810974121,2.4403908252716064,1.0,0.0,12,8,9,11,93
2,43,40,26.30893325805664,27.83357810974121,2.4403908252716064,1.0,0.0,12,8,9,11,98
2,43,41,26.30893325805664,27.83357810974121,2.4403908252716064,1.0,0.0,12,8,9,11,103
2,43,42,26.30893325805664,27.83357810974121,2.4403908252716064,1.0,0.0,12,8,9,11,108
2,43,43,26.30893325805664,27.83357810974121,2.4403908252716064,1.0,0.0,12,8,9,11,113
2,43,44,26.30893325805664,27.83357810974121,2.4403908252716064,1.0,0.0,13,8,9,10,116
2,43,45,26.367881774902344,27.72254753112793,2.578826904296875,0.949999988079071,0.0,13,8,9,10,118
2,43,46,26.380081176757812,27.830467224121094,2.4343979358673096,0.949999988079071,0.0,13,8,9,10,122
2,43,47,26.380081176757812,27.830467224121094,2.4343979358673096,0.949999988079071,0.0,14,8,9,9,130
2,43,48,26.380081176757812,27.830467224121094,2.4343979358673096,0.949999988079071,0.0,14,8,9,9,136
2,43,49,26.380081176757812,27.830467224121094,2.4343979358673096,0.949999988079071,0.0,14,8,9,9,141
2,43,50,26.380081176757812,27.830467224121094,2.4343979358673096,0.949999988079071,0.0,15,8,9,8,145
2,43,51,26.380081176757812,27.830467224121094,2.4343979358673096,0.949999988079071,0.0,16,8,9,7,150
2,43,52,26.380081176757812,27.830467224121094,2.4343979358673096,0.949999988079071,0.0,16,8,9,7,154
2,43,53,26.440563201904297,27.718896865844727,2.5735297203063965,0.8999999761581421,0.0,16,8,9,7,160
2,43,54,26.452775955200195,27.827295303344727,2.4284114837646484,0.8999999761581421,0.0,16,8,9,7,164
2,43,55,26.452775955200195,27.827295303344727,2.4284114837646484,0.8999999761581421,0.0,16,8,9,7,169
2,43,56,26.452775955200195,27.827295303344727,2.4284114837646484,0.8999999761581421,0.0,16,8,9,7,173
2,43,57,26.452775955200195,27.827295303344727,2.4284114837646484,0.8999999761581421,0.0,16,8,9,7,177
2,43,58,26.452775955200195,27.827295303344727,2.4284114837646484,0.8999999761581421,0.0,16,8,9,7,181
2,43,59,26.452775955200195,27.827295303344727,2.4284114837646484,0.8999999761581421,0.0,16,8,9,7,186
2,43,60,26.514728546142578,27.715227127075195,2.5682015419006348,0.8500000238418579,0.0,16,8,9,7,190
2,43,61,26.590312957763672,27.711545944213867,2.5628437995910645,0.800000011920929,0.0,16,8,9,7,195
2,43,62,26.60256576538086,27.8207950592041,2.416477680206299,0.800000011920929,0.0,16,8,9,7,202
2,43,63,26.667234420776367,27.707860946655273,2.557457685470581,0.75,0.0,16,8,9,7,205
2,43,64,26.679513931274414,27.817474365234375,2.4105396270751953,0.75,0.0,16,8,9,7,211
2,43,65,26.679513931274414,27.817474365234375,2.4105396270751953,0.75,0.0,17,8,9,6,223
2,43,66,26.745407104492188,27.704174041748047,2.552044630050659,0.699999988079071,0.0,17,8,9,6,232
2,43,67,26.82472801208496,27.700498580932617,2.5466060638427734,0.6499999761581421,0.0,17,8,9,6,240
2,43,68,26.83706283569336,27.810714721679688,2.3987433910369873,0.6499999761581421,0.0,17,8,9,6,244
2,43,69,26.83706283569336,27.810714721679688,2.3987433910369873,0.6499999761581421,0.0,17,8,9,6,247
2,43,70,26.83706283569336,27.810714721679688,2.3987433910369873,0.6499999761581421,0.0,17,8,9,6,254
2,43,71,26.83706283569336,27.810714721679688,2.3987433910369873,0.6499999761581421,0.0,17,8,9,6,257
2,43,72,26.83706283569336,27.810714721679688,2.3987433910369873,0.6499999761581421,0.0,17,8,9,6,263
2,43,73,26.83706283569336,27.810714721679688,2.3987433910369873,0.6499999761581421,0.0,17,8,9,6,267
2,43,74,26.83706283569336,27.810714721679688,2.3987433910369873,0.6499999761581421,0.0,17,8,9,6,276
2,43,75,26.83706283569336,27.810714721679688,2.3987433910369873,0.6499999761581421,0.0,17,8,9,6,279
2,43,76,26.83706283569336,27.810714721679688,2.3987433910369873,0.6499999761581421,0.0,17,8,9,6,289
2,43,77,26.90509033203125,27.69683837890625,2.5411434173583984,0.6000000238418579,0.0,17,8,9,6,293
2,43,78,26.917455673217773,27.807287216186523,2.3928940296173096,0.6000000238418579,0.0,17,8,9,6,299
2,43,79,26.98637580871582,27.693199157714844,2.5356578826904297,0.550000011920929,0.0,18,8,9,5,305
2,43,80,26.99877166748047,27.803836822509766,2.387082815170288,0.550000011920929,0.0,18,8,9,5,310
2,43,81,26.99877166748047,27.803836822509766,2.387082815170288,0.550000011920929,0.0,18,8,9,5,317
2,43,82,26.99877166748047,27.803836822509766,2.387082815170288,0.550000011920929,0.0,19,8,9,4,325
2,43,83,27.068456649780273,27.689590454101562,2.5301513671875,0.5,0.0,19,8,9,4,333
2,43,84,27.151201248168945,27.686019897460938,2.524624824523926,0.44999998807907104,0.0,19,8,9,4,337
2,43,85,27.163658142089844,27.796884536743164,2.3755886554718018,0.44999998807907104,0.0,21,8,9,2,345
2,43,86,27.234466552734375,27.682491302490234,2.51908016204834,0.4000000059604645,0.0,21,8,9,2,355
2,43,87,27.24695587158203,27.79339599609375,2.36991286277771,0.4000000059604645,0.0,21,8,9,2,367
2,43,88,27.24695587158203,27.79339599609375,2.36991286277771,0.4000000059604645,0.0,21,8,9,2,374
2,43,89,27.24695587158203,27.79339599609375,2.36991286277771,0.4000000059604645,0.0,21,8,9,2,381
2,43,90,27.24695587158203,27.79339599609375,2.36991286277771,0.4000000059604645,0.0,21,8,9,2,386
2,43,91,27.24695587158203,27.79339599609375,2.36991286277771,0.4000000059604645,0.0,21,8,9,2,390
2,43,92,27.3181095123291,27.679014205932617,2.513518810272217,0.3499999940395355,0.0,22,8,9,1,395
2,43,93,27.330629348754883,27.789907455444336,2.364288091659546,0.3499999940395355,0.0,22,8,9,1,402
2,43,94,27.330629348754883,27.789907455444336,2.364288091659546,0.3499999940395355,0.0,22,8,9,1,408
2,43,95,27.330629348754883,27.789907455444336,2.364288091659546,0.3499999940395355,0.0,22,8,9,1,414
2,43,96,27.330629348754883,27.789907455444336,2.364288091659546,0.3499999940395355,0.0,22,8,9,1,418
2,43,97,27.330629348754883,27.789907455444336,2.364288091659546,0.3499999940395355,0.0,22,8,9,1,426
2,43,98,27.401979446411133,27.675594329833984,2.5079429149627686,0.30000001192092896,0.0,22,8,9,1,434
2,43,99,27.48592758178711,27.672237396240234,2.502354145050049,0.25,0.0,22,8,9,1,441
2,43,100,27.49851417541504,27.782957077026367,2.3532023429870605,0.25,0.0,22,8,9,1,445
2,43,101,27.49851417541504,27.782957077026367,2.3532023429870605,0.25,0.0,22,8,9,1,451
2,43,102,27.569801330566406,27.668949127197266,2.4967546463012695,0.20000000298023224,0.0,23,8,9,0,456
3,44,1,25.99367904663086,28.059123992919922,2.8330936431884766,1.0,0.20000000298023224,0,0,0,40,3
3,44,2,26.508018493652344,27.84542465209961,2.459488868713379,1.0,0.20000000298023224,0,0,0,40,4
3,44,3,26.508018493652344,27.84542465209961,2.459488868713379,1.0,0.20000000298023224,0,0,0,40,5
3,44,4,26.508018493652344,27.84542465209961,2.459488868713379,1.0,0.20000000298023224,0,0,0,40,7
3,44,5,26.322858810424805,27.87225341796875,2.4992809295654297,1.0,0.15000000596046448,2,0,0,38,12
3,44,6,26.45689582824707,27.842493057250977,2.454549789428711,1.0,0.15000000596046448,2,0,0,38,13
3,44,7,26.45689582824707,27.842493057250977,2.454549789428711,1.0,0.15000000596046448,2,0,0,38,17
3,44,8,26.27320098876953,27.86920166015625,2.4944097995758057,1.0,0.10000000149011612,2,0,0,38,18
3,44,9,26.406646728515625,27.839540481567383,2.4497125148773193,1.0,0.10000000149011612,2,0,0,38,22
3,44,10,26.224485397338867,27.866111755371094,2.4896271228790283,1.0,0.05000000074505806,2,0,0,38,23
3,44,11,26.35731315612793,27.83656883239746,2.4449892044067383,1.0,0.05000000074505806,2,1,0,37,25
3,44,12,26.35731315612793,27.83656883239746,2.4449892044067383,1.0,0.05000000074505806,3,3,0,34,29
3,44,13,26.35731315612793,27.83656883239746,2.4449892044067383,1.0,0.05000000074505806,4,3,0,33,33
3,44,14,26.235151290893555,27.753387451171875,2.622688055038452,0.949999988079071,0.0,4,3,0,33,35
3,44,15,26.380081176757812,27.830467224121094,2.4343979358673096,0.949999988079071,0.0,4,3,0,33,37
3,44,16,26.380081176757812,27.830467224121094,2.4343979358673096,0.949999988079071,0.0,5,3,0,32,39
3,44,17,26.440563201904297,27.718896865844727,2.5735297203063965,0.8999999761581421,0.0,7,3,0,30,42
3,44,18,26.452775955200195,27.827295303344727,2.4284114837646484,0.8999999761581421,0.0,10,3,0,27,43
3,44,19,26.452775955200195,27.827295303344727,2.4284114837646484,0.8999999761581421,0.0,10,3,0,27,47
3,44,20,26.452775955200195,27.827295303344727,2.4284114837646484,0.8999999761581421,0.0,10,3,0,27,50
3,44,21,26.452775955200195,27.827295303344727,2.4284114837646484,0.8999999761581421,0.0,10,3,1,26,54
3,44,22,26.452775955200195,27.827295303344727,2.4284114837646484,0.8999999761581421,0.0,10,3,1,26,58
3,44,23,26.452775955200195,27.827295303344727,2.4284114837646484,0.8999999761581421,0.0,12,3,1,24,64
3,44,24,26.514728546142578,27.715227127075195,2.5682015419006348,0.8500000238418579,0.0,12,3,2,23,67
3,44,25,26.526960372924805,27.82406997680664,2.4224367141723633,0.8500000238418579,0.0,12,3,2,23,70
3,44,26,26.526960372924805,27.82406997680664,2.4224367141723633,0.8500000238418579,0.0,13,3,2,22,74
3,44,27,26.526960372924805,27.82406997680664,2.4224367141723633,0.8500000238418579,0.0,13,3,2,22,82
3,44,28,26.590312957763672,27.711545944213867,2.5628437995910645,0.800000011920929,0.0,13,3,3,21,85
3,44,29,26.60256576538086,27.8207950592041,2.416477680206299,0.800000011920929,0.0,13,3,4,20,91
3,44,30,26.667234420776367,27.707860946655273,2.557457685470581,0.75,0.0,13,3,4,20,95
3,44,31,26.679513931274414,27.817474365234375,2.4105396270751953,0.75,0.0,14,3,4,19,100
3,44,32,26.679513931274414,27.817474365234375,2.4105396270751953,0.75,0.0,15,3,4,18,105
3,44,33,26.679513931274414,27.817474365234375,2.4105396270751953,0.75,0.0,15,3,5,17,113
3,44,34,26.679513931274414,27.817474365234375,2.4105396270751953,0.75,0.0,15,3,5,17,119
3,44,35,26.679513931274414,27.817474365234375,2.4105396270751953,0.75,0.0,15,3,5,17,123
3,44,36,26.679513931274414,27.817474365234375,2.4105396270751953,0.75,0.0,15,3,5,17,124
3,44,37,26.679513931274414,27.817474365234375,2.4105396270751953,0.75,0.0,15,3,5,17,129
3,44,38,26.679513931274414,27.817474365234375,2.4105396270751953,0.75,0.0,15,3,5,17,134
3,44,39,26.679513931274414,27.817474365234375,2.4105396270751953,0.75,0.0,15,3,6,16,140
3,44,40,26.745407104492188,27.704174041748047,2.552044630050659,0.699999988079071,0.0,16,3,6,15,143
3,44,41,26.82472801208496,27.700498580932617,2.5466060638427734,0.6499999761581421,0.0,17,3,6,14,150
3,44,42,26.83706283569336,27.810714721679688,2.3987433910369873,0.6499999761581421,0.0,18,3,6,13,156
3,44,43,26.83706283569336,27.810714721679688,2.3987433910369873,0.6499999761581421,0.0,18,3,6,13,158
3,44,44,26.83706283569336,27.810714721679688,2.3987433910369873,0.6499999761581421,0.0,18,3,6,13,164
3,44,45,26.90509033203125,27.69683837890625,2.5411434173583984,0.6000000238418579,0.0,19,3,6,12,173
3,44,46,26.917455673217773,27.807287216186523,2.3928940296173096,0.6000000238418579,0.0,19,3,6,12,179
3,44,47,26.917455673217773,27.807287216186523,2.3928940296173096,0.6000000238418579,0.0,20,3,6,11,187
3,44,48,26.917455673217773,27.807287216186523,2.3928940296173096,0.6000000238418579,0.0,20,3,6,11,192
3,44,49,26.917455673217773,27.807287216186523,2.3928940296173096,0.6000000238418579,0.0,20,3,6,11,199
3,44,50,26.917455673217773,27.807287216186523,2.3928940296173096,0.6000000238418579,0.0,21,3,6,10,202
3,44,51,26.917455673217773,27.807287216186523,2.3928940296173096,0.6000000238418579,0.0,21,3,6,10,205
3,44,52,26.917455673217773,27.807287216186523,2.3928940296173096,0.6000000238418579,0.0,21,3,6,10,209
3,44,53,26.917455673217773,27.807287216186523,2.3928940296173096,0.6000000238418579,0.0,23,3,6,8,214
3,44,54,26.917455673217773,27.807287216186523,2.3928940296173096,0.6000000238418579,0.0,23,3,6,8,221
3,44,55,26.917455673217773,27.807287216186523,2.3928940296173096,0.6000000238418579,0.0,23,3,6,8,225
3,44,56,26.98637580871582,27.693199157714844,2.5356578826904297,0.550000011920929,0.0,23,3,6,8,233
3,44,57,26.99877166748047,27.803836822509766,2.387082815170288,0.550000011920929,0.0,23,3,6,8,243
3,44,58,27.068456649780273,27.689590454101562,2.5301513671875,0.5,0.0,23,3,6,8,250
3,44,59,27.080883026123047,27.80036735534668,2.3813130855560303,0.5,0.0,23,3,6,8,256
3,44,60,27.080883026123047,27.80036735534668,2.3813130855560303,0.5,0.0,23,3,6,8,260
3,44,61,27.080883026123047,27.80036735534668,2.3813130855560303,0.5,0.0,23,3,6,8,264
3,44,62,27.080883026123047,27.80036735534668,2.3813130855560303,0.5,0.0,24,3,6,7,269
3,44,63,27.080883026123047,27.80036735534668,2.3813130855560303,0.5,0.0,24,3,6,7,274
3,44,64,27.080883026123047,27.80036735534668,2.3813130855560303,0.5,0.0,24,3,6,7,281
3,44,65,27.151201248168945,27.686019897460938,2.524624824523926,0.44999998807907104,0.0,25,3,6,6,285
3,44,66,27.163658142089844,27.796884536743164,2.3755886554718018,0.44999998807907104,0.0,25,3,6,6,289
3,44,67,27.234466552734375,27.682491302490234,2.51908016204834,0.4000000059604645,0.0,25,3,6,6,293
3,44,68,27.24695587158203,27.79339599609375,2.36991286277771,0.4000000059604645,0.0,25,3,6,6,301
3,44,69,27.24695587158203,27.79339599609375,2.36991286277771,0.4000000059604645,0.0,25,3,6,6,310
3,44,70,27.24695587158203,27.79339599609375,2.36991286277771,0.4000000059604645,0.0,26,3,6,5,317
3,44,71,27.24695587158203,27.79339599609375,2.36991286277771,0.4000000059604645,0.0,26,3,6,5,323
3,44,72,27.3181095123291,27.679014205932617,2.513518810272217,0.3499999940395355,0.0,26,3,6,5,328
3,44,73,27.401979446411133,27.675594329833984,2.5079429149627686,0.30000001192092896,0.0,27,3,6,4,334
3,44,74,27.414533615112305,27.786426544189453,2.358717203140259,0.30000001192092896,0.0,27,3,6,4,340
3,44,75,27.414533615112305,27.786426544189453,2.358717203140259,0.30000001192092896,0.0,27,3,6,4,347
3,44,76,27.48592758178711,27.672237396240234,2.502354145050049,0.25,0.0,27,3,6,4,350
3,44,77,27.49851417541504,27.782957077026367,2.3532023429870605,0.25,0.0,27,3,6,4,355
3,44,78,27.569801330566406,27.668949127197266,2.4967546463012695,0.20000000298023224,0.0,27,3,6,4,360
3,44,79,27.58242416381836,27.77950668334961,2.347744941711426,0.20000000298023224,0.0,27,3,6,4,368
3,44,80,27.58242416381836,27.77950668334961,2.347744941711426,0.20000000298023224,0.0,28,3,6,3,373
3,44,81,27.58242416381836,27.77950668334961,2.347744941711426,0.20000000298023224,0.0,29,3,6,2,378
3,44,82,27.65345001220703,27.665735244750977,2.4911465644836426,0.15000000596046448,0.0,29,3,6,2,382
3,44,83,27.66611099243164,27.776081085205078,2.342346668243408,0.15000000596046448,0.0,29,3,6,2,387
3,44,84,27.66611099243164,27.776081085205078,2.342346668243408,0.15000000596046448,0.0,29,3,6,2,393
3,44,85,27.66611099243164,27.776081085205078,2.342346668243408,0.15000000596046448,0.0,29,3,6,2,400
3,44,86,27.73672866821289,27.662599563598633,2.485531806945801,0.10000000149011612,0.0,29,3,7,1,404
3,44,87,27.819488525390625,27.659547805786133,2.4799129962921143,0.05000000074505806,0.0,29,3,7,1,413
3,44,88,27.832233428955078,27.769329071044922,2.3317315578460693,0.05000000074505806,0.0,29,3,7,1,421
3,44,89,27.832233428955078,27.769329071044922,2.3317315578460693,0.05000000074505806,0.0,29,3,7,1,431
3,44,90,27.832233428955078,27.769329071044922,2.3317315578460693,0.05000000074505806,0.0,29,3,7,1,438
3,44,91,27.901596069335938,27.656583786010742,2.474292755126953,0.0,0.0,29,3,7,1,450
3,44,92,27.91438865661621,27.766014099121094,2.3265156745910645,0.0,0.0,29,3,7,1,456
3,44,93,27.91438865661621,27.766014099121094,2.3265156745910645,0.0,0.0,29,3,8,0,466
4,45,1,25.948577880859375,28.055681228637695,2.828331470489502,1.0,0.10000000149011612,0,0,0,40,3
4,45,2,26.406646728515625,27.839540481567383,2.4497125148773193,1.0,0.10000000149011612,0,0,0,40,4
4,45,3,26.406646728515625,27.839540481567383,2.4497125148773193,1.0,0.10000000149011612,0,0,0,40,5
4,45,4,26.406646728515625,27.839540481567383,2.4497125148773193,1.0,0.10000000149011612,0,0,0,40,6
4,45,5,26.406646728515625,27.839540481567383,2.4497125148773193,1.0,0.10000000149011612,0,0,0,40,7
4,45,6,26.406646728515625,27.839540481567383,2.4497125148773193,1.0,0.10000000149011612,0,0,0,40,7
4,45,7,26.406646728515625,27.839540481567383,2.4497125148773193,1.0,0.10000000149011612,1,0,0,39,8
4,45,8,26.406646728515625,27.839540481567383,2.4497125148773193,1.0,0.10000000149011612,3,0,0,37,10
4,45,9,26.406646728515625,27.839540481567383,2.4497125148773193,1.0,0.10000000149011612,3,0,0,37,11
4,45,10,26.406646728515625,27.839540481567383,2.4497125148773193,1.0,0.10000000149011612,3,0,0,37,13
4,45,11,26.406646728515625,27.839540481567383,2.4497125148773193,1.0,0.10000000149011612,3,0,0,37,14
4,45,12,26.406646728515625,27.839540481567383,2.4497125148773193,1.0,0.10000000149011612,4,0,0,36,18
4,45,13,26.406646728515625,27.839540481567383,2.4497125148773193,1.0,0.10000000149011612,4,0,0,36,21
4,45,14,26.406646728515625,27.839540481567383,2.4497125148773193,1.0,0.10000000149011612,4,2,0,34,24
4,45,15,26.406646728515625,27.839540481567383,2.4497125148773193,1.0,0.10000000149011612,5,2,0,33,28
4,45,16,26.224485397338867,27.866111755371094,2.4896271228790283,1.0,0.05000000074505806,5,2,0,33,29
4,45,17,26.35731315612793,27.83656883239746,2.4449892044067383,1.0,0.05000000074505806,6,3,0,31,33
4,45,18,26.35731315612793,27.83656883239746,2.4449892044067383,1.0,0.05000000074505806,6,3,0,31,36
4,45,19,26.35731315612793,27.83656883239746,2.4449892044067383,1.0,0.05000000074505806,8,3,0,29,41
4,45,20,26.35731315612793,27.83656883239746,2.4449892044067383,1.0,0.05000000074505806,9,3,0,28,47
4,45,21,26.35731315612793,27.83656883239746,2.4449892044067383,1.0,0.05000000074505806,11,3,0,26,50
4,45,22,26.35731315612793,27.83656883239746,2.4449892044067383,1.0,0.05000000074505806,11,3,0,26,55
4,45,23,26.35731315612793,27.83656883239746,2.4449892044067383,1.0,0.05000000074505806,12,3,0,25,59
4,45,24,26.35731315612793,27.83656883239746,2.4449892044067383,1.0,0.05000000074505806,13,3,0,24,70
4,45,25,26.176746368408203,27.86298942565918,2.4849443435668945,1.0,0.0,14,3,1,22,77
4,45,26,26.30893325805664,27.83357810974121,2.4403908252716064,1.0,0.0,14,3,1,22,80
4,45,27,26.30893325805664,27.83357810974121,2.4403908252716064,1.0,0.0,14,3,1,22,84
4,45,28,26.30893325805664,27.83357810974121,2.4403908252716064,1.0,0.0,15,3,1,21,90
4,45,29,26.30893325805664,27.83357810974121,2.4403908252716064,1.0,0.0,16,3,2,19,95
4,45,30,26.30893325805664,27.83357810974121,2.4403908252716064,1.0,0.0,16,3,2,19,102
4,45,31,26.367881774902344,27.72254753112793,2.578826904296875,0.949999988079071,0.0,16,3,2,19,109
4,45,32,26.440563201904297,27.718896865844727,2.5735297203063965,0.8999999761581421,0.0,16,3,3,18,115
4,45,33,26.514728546142578,27.715227127075195,2.5682015419006348,0.8500000238418579,0.0,16,3,3,18,123
4,45,34,26.526960372924805,27.82406997680664,2.4224367141723633,0.8500000238418579,0.0,16,3,3,18,125
4,45,35,26.526960372924805,27.82406997680664,2.4224367141723633,0.8500000238418579,0.0,17,3,3,17,126
4,45,36,26.526960372924805,27.82406997680664,2.4224367141723633,0.8500000238418579,0.0,17,3,3,17,132
4,45,37,26.526960372924805,27.82406997680664,2.4224367141723633,0.8500000238418579,0.0,17,3,3,17,134
4,45,38,26.526960372924805,27.82406997680664,2.4224367141723633,0.8500000238418579,0.0,17,3,3,17,138
4,45,39,26.526960372924805,27.82406997680664,2.4224367141723633,0.8500000238418579,0.0,17,3,3,17,144
4,45,40,26.590312957763672,27.711545944213867,2.5628437995910645,0.800000011920929,0.0,18,3,3,16,150
4,45,41,26.667234420776367,27.707860946655273,2.557457685470581,0.75,0.0,18,3,3,16,154
4,45,42,26.679513931274414,27.817474365234375,2.4105396270751953,0.75,0.0,18,3,3,16,155
4,45,43,26.679513931274414,27.817474365234375,2.4105396270751953,0.75,0.0,18,3,4,15,160
4,45,44,26.679513931274414,27.817474365234375,2.4105396270751953,0.75,0.0,18,3,4,15,165
4,45,45,26.745407104492188,27.704174041748047,2.552044630050659,0.699999988079071,0.0,18,3,4,15,168
4,45,46,26.75771141052246,27.814111709594727,2.4046266078948975,0.699999988079071,0.0,18,3,4,15,174
4,45,47,26.75771141052246,27.814111709594727,2.4046266078948975,0.699999988079071,0.0,19,3,4,14,177
4,45,48,26.75771141052246,27.814111709594727,2.4046266078948975,0.699999988079071,0.0,19,3,4,14,179
4,45,49,26.75771141052246,27.814111709594727,2.4046266078948975,0.699999988079071,0.0,19,3,4,14,186
4,45,50,26.75771141052246,27.814111709594727,2.4046266078948975,0.699999988079071,0.0,20,3,4,13,196
4,45,51,26.82472801208496,27.700498580932617,2.5466060638427734,0.6499999761581421,0.0,20,3,4,13,199
4,45,52,26.90509033203125,27.69683837890625,2.5411434173583984,0.6000000238418579,0.0,20,3,4,13,203
4,45,53,26.917455673217773,27.807287216186523,2.3928940296173096,0.6000000238418579,0.0,21,3,4,12,208
4,45,54,26.917455673217773,27.807287216186523,2.3928940296173096,0.6000000238418579,0.0,21,3,4,12,212
4,45,55,26.917455673217773,27.807287216186523,2.3928940296173096,0.6000000238418579,0.0,21,3,4,12,215
4,45,56,26.917455673217773,27.807287216186523,2.3928940296173096,0.6000000238418579,0.0,21,3,4,12,218
4,45,57,26.917455673217773,27.807287216186523,2.3928940296173096,0.6000000238418579,0.0,21,3,4,12,221
4,45,58,26.917455673217773,27.807287216186523,2.3928940296173096,0.6000000238418579,0.0,22,3,4,11,224
4,45,59,26.917455673217773,27.807287216186523,2.3928940296173096,0.6000000238418579,0.0,22,3,4,11,228
4,45,60,26.917455673217773,27.807287216186523,2.3928940296173096,0.6000000238418579,0.0,22,3,4,11,231
4,45,61,26.917455673217773,27.807287216186523,2.3928940296173096,0.6000000238418579,0.0,23,3,4,10,235
4,45,62,26.917455673217773,27.807287216186523,2.3928940296173096,0.6000000238418579,0.0,23,3,4,10,245
4,45,63,26.917455673217773,27.807287216186523,2.3928940296173096,0.6000000238418579,0.0,24,3,4,9,254
4,45,64,26.917455673217773,27.807287216186523,2.3928940296173096,0.6000000238418579,0.0,24,3,4,9,262
4,45,65,26.917455673217773,27.807287216186523,2.3928940296173096,0.6000000238418579,0.0,24,3,4,9,269
4,45,66,26.917455673217773,27.807287216186523,2.3928940296173096,0.6000000238418579,0.0,25,3,4,8,273
4,45,67,26.917455673217773,27.807287216186523,2.3928940296173096,0.6000000238418579,0.0,25,3,4,8,279
4,45,68,26.98637580871582,27.693199157714844,2.5356578826904297,0.550000011920929,0.0,27,3,4,6,286
4,45,69,27.068456649780273,27.689590454101562,2.5301513671875,0.5,0.0,27,3,4,6,291
4,45,70,27.080883026123047,27.80036735534668,2.3813130855560303,0.5,0.0,28,3,4,5,301
4,45,71,27.080883026123047,27.80036735534668,2.3813130855560303,0.5,0.0,28,3,4,5,309
4,45,72,27.080883026123047,27.80036735534668,2.3813130855560303,0.5,0.0,29,3,4,4,315
4,45,73,27.151201248168945,27.686019897460938,2.524624824523926,0.44999998807907104,0.0,30,3,4,3,323
4,45,74,27.163658142089844,27.796884536743164,2.3755886554718018,0.44999998807907104,0.0,30,3,4,3,331
4,45,75,27.163658142089844,27.796884536743164,2.3755886554718018,0.44999998807907104,0.0,30,3,4,3,344
4,45,76,27.163658142089844,27.796884536743164,2.3755886554718018,0.44999998807907104,0.0,30,3,4,3,352
4,45,77,27.234466552734375,27.682491302490234,2.51908016204834,0.4000000059604645,0.0,30,3,4,3,357
4,45,78,27.24695587158203,27.79339599609375,2.36991286277771,0.4000000059604645,0.0,30,3,4,3,363
4,45,79,27.24695587158203,27.79339599609375,2.36991286277771,0.4000000059604645,0.0,30,3,4,3,368
4,45,80,27.24695587158203,27.79339599609375,2.36991286277771,0.4000000059604645,0.0,30,3,4,3,374
4,45,81,27.24695587158203,27.79339599609375,2.36991286277771,0.4000000059604645,0.0,30,3,4,3,383
4,45,82,27.24695587158203,27.79339599609375,2.36991286277771,0.4000000059604645,0.0,30,3,4,3,388
4,45,83,27.3181095123291,27.679014205932617,2.513518810272217,0.3499999940395355,0.0,30,3,4,3,395
4,45,84,27.330629348754883,27.789907455444336,2.364288091659546,0.3499999940395355,0.0,30,3,4,3,405
4,45,85,27.330629348754883,27.789907455444336,2.364288091659546,0.3499999940395355,0.0,31,3,4,2,414
4,45,86,27.330629348754883,27.789907455444336,2.364288091659546,0.3499999940395355,0.0,31,3,4,2,420
4,45,87,27.330629348754883,27.789907455444336,2.364288091659546,0.3499999940395355,0.0,31,3,4,2,428
4,45,88,27.330629348754883,27.789907455444336,2.364288091659546,0.3499999940395355,0.0,31,3,4,2,437
4,45,89,27.330629348754883,27.789907455444336,2.364288091659546,0.3499999940395355,0.0,31,3,4,2,444
4,45,90,27.330629348754883,27.789907455444336,2.364288091659546,0.3499999940395355,0.0,31,3,4,2,451
4,45,91,27.330629348754883,27.789907455444336,2.364288091659546,0.3499999940395355,0.0,31,3,4,2,459
4,45,92,27.401979446411133,27.675594329833984,2.5079429149627686,0.30000001192092896,0.0,31,3,4,2,463
4,45,93,27.414533615112305,27.786426544189453,2.358717203140259,0.30000001192092896,0.0,31,3,4,2,470
4,45,94,27.48592758178711,27.672237396240234,2.502354145050049,0.25,0.0,32,3,4,1,473
4,45,95,27.49851417541504,27.782957077026367,2.3532023429870605,0.25,0.0,32,3,4,1,477
4,45,96,27.49851417541504,27.782957077026367,2.3532023429870605,0.25,0.0,32,3,4,1,484
4,45,97,27.49851417541504,27.782957077026367,2.3532023429870605,0.25,0.0,33,3,4,0,487
5,46,1,26.01646614074707,28.060781478881836,2.835448741912842,1.0,0.25,0,0,0,40,2
5,46,2,26.373416900634766,27.875267028808594,2.504228115081787,1.0,0.20000000298023224,1,1,0,38,2
5,46,3,26.508018493652344,27.84542465209961,2.459488868713379,1.0,0.20000000298023224,1,1,0,38,2
5,46,4,26.508018493652344,27.84542465209961,2.459488868713379,1.0,0.20000000298023224,1,1,0,38,3
5,46,5,26.508018493652344,27.84542465209961,2.459488868713379,1.0,0.20000000298023224,1,4,0,35,4
5,46,6,26.508018493652344,27.84542465209961,2.459488868713379,1.0,0.20000000298023224,2,4,0,34,5
5,46,7,26.322858810424805,27.87225341796875,2.4992809295654297,1.0,0.15000000596046448,3,4,0,33,6
5,46,8,26.45689582824707,27.842493057250977,2.454549789428711,1.0,0.15000000596046448,3,4,0,33,6
5,46,9,26.45689582824707,27.842493057250977,2.454549789428711,1.0,0.15000000596046448,3,4,0,33,7
5,46,10,26.45689582824707,27.842493057250977,2.454549789428711,1.0,0.15000000596046448,3,4,0,33,7
5,46,11,26.45689582824707,27.842493057250977,2.454549789428711,1.0,0.15000000596046448,3,6,0,31,8
5,46,12,26.45689582824707,27.842493057250977,2.454549789428711,1.0,0.15000000596046448,3,6,0,31,9
5,46,13,26.45689582824707,27.842493057250977,2.454549789428711,1.0,0.15000000596046448,3,7,0,30,9
5,46,14,26.45689582824707,27.842493057250977,2.454549789428711,1.0,0.15000000596046448,3,7,0,30,10
5,46,15,26.27320098876953,27.86920166015625,2.4944097995758057,1.0,0.10000000149011612,5,7,0,28,13
5,46,16,26.406646728515625,27.839540481567383,2.4497125148773193,1.0,0.10000000149011612,6,9,0,25,14
5,46,17,26.406646728515625,27.839540481567383,2.4497125148773193,1.0,0.10000000149011612,7,9,0,24,16
5,46,18,26.406646728515625,27.839540481567383,2.4497125148773193,1.0,0.10000000149011612,8,9,0,23,20
5,46,19,26.406646728515625,27.839540481567383,2.4497125148773193,1.0,0.10000000149011612,9,9,0,22,24
5,46,20,26.46784019470215,27.727996826171875,2.5890400409698486,0.949999988079071,0.10000000149011612,9,9,0,22,27
5,46,21,26.295223236083984,27.86322784423828,2.4838380813598633,0.949999988079071,0.05000000074505806,9,10,0,21,30
5,46,22,26.429227828979492,27.833467483520508,2.4390146732330322,0.949999988079071,0.05000000074505806,9,10,0,21,34
5,46,23,26.490825653076172,27.72162437438965,2.5786099433898926,0.8999999761581421,0.05000000074505806,9,10,1,20,38
5,46,24,26.502681732177734,27.830305099487305,2.43304705619812,0.8999999761581421,0.05000000074505806,9,10,2,19,42
5,46,25,26.502681732177734,27.830305099487305,2.43304705619812,0.8999999761581421,0.05000000074505806,10,10,2,18,48
5,46,26,26.565719604492188,27.71796226501465,2.573296546936035,0.8500000238418579,0.05000000074505806,10,10,2,18,53
5,46,27,26.454561233520508,27.7429141998291,2.6071600914001465,0.800000011920929,0.0,10,10,2,18,59
5,46,28,26.667234420776367,27.707860946655273,2.557457685470581,0.75,0.0,11,10,2,17,64
5,46,29,26.745407104492188,27.704174041748047,2.552044630050659,0.699999988079071,0.0,11,10,2,17,71
5,46,30,26.75771141052246,27.814111709594727,2.4046266078948975,0.699999988079071,0.0,11,10,2,17,72
5,46,31,26.82472801208496,27.700498580932617,2.5466060638427734,0.6499999761581421,0.0,12,10,2,16,76
5,46,32,26.83706283569336,27.810714721679688,2.3987433910369873,0.6499999761581421,0.0,12,10,2,16,81
5,46,33,26.83706283569336,27.810714721679688,2.3987433910369873,0.6499999761581421,0.0,12,10,2,16,84
5,46,34,26.83706283569336,27.810714721679688,2.3987433910369873,0.6499999761581421,0.0,12,10,3,15,86
5,46,35,26.83706283569336,27.810714721679688,2.3987433910369873,0.6499999761581421,0.0,13,10,3,14,92
5,46,36,26.83706283569336,27.810714721679688,2.3987433910369873,0.6499999761581421,0.0,13,10,4,13,96
5,46,37,26.83706283569336,27.810714721679688,2.3987433910369873,0.6499999761581421,0.0,13,10,6,11,102
5,46,38,26.90509033203125,27.69683837890625,2.5411434173583984,0.6000000238418579,0.0,13,10,6,11,107
5,46,39,26.917455673217773,27.807287216186523,2.3928940296173096,0.6000000238418579,0.0,13,10,6,11,112
5,46,40,26.917455673217773,27.807287216186523,2.3928940296173096,0.6000000238418579,0.0,13,10,7,10,114
5,46,41,26.917455673217773,27.807287216186523,2.3928940296173096,0.6000000238418579,0.0,13,10,7,10,120
5,46,42,26.917455673217773,27.807287216186523,2.3928940296173096,0.6000000238418579,0.0,13,10,8,9,123
5,46,43,26.917455673217773,27.807287216186523,2.3928940296173096,0.6000000238418579,0.0,14,10,9,7,129
5,46,44,26.917455673217773,27.807287216186523,2.3928940296173096,0.6000000238418579,0.0,15,10,9,6,131
5,46,45,26.917455673217773,27.807287216186523,2.3928940296173096,0.6000000238418579,0.0,15,10,9,6,136
5,46,46,26.917455673217773,27.807287216186523,2.3928940296173096,0.6000000238418579,0.0,16,10,9,5,141
5,46,47,26.917455673217773,27.807287216186523,2.3928940296173096,0.6000000238418579,0.0,16,10,9,5,148
5,46,48,26.917455673217773,27.807287216186523,2.3928940296173096,0.6000000238418579,0.0,16,10,9,5,151
5,46,49,26.917455673217773,27.807287216186523,2.3928940296173096,0.6000000238418579,0.0,16,10,9,5,158
5,46,50,26.917455673217773,27.807287216186523,2.3928940296173096,0.6000000238418579,0.0,16,10,9,5,164
5,46,51,26.917455673217773,27.807287216186523,2.3928940296173096,0.6000000238418579,0.0,16,10,9,5,170
5,46,52,26.917455673217773,27.807287216186523,2.3928940296173096,0.6000000238418579,0.0,17,10,9,4,173
5,46,53,26.917455673217773,27.807287216186523,2.3928940296173096,0.6000000238418579,0.0,17,10,9,4,178
5,46,54,26.98637580871582,27.693199157714844,2.5356578826904297,0.550000011920929,0.0,17,10,9,4,186
5,46,55,26.99877166748047,27.803836822509766,2.387082815170288,0.550000011920929,0.0,17,10,9,4,193
5,46,56,26.99877166748047,27.803836822509766,2.387082815170288,0.550000011920929,0.0,17,10,9,4,201
5,46,57,27.068456649780273,27.689590454101562,2.5301513671875,0.5,0.0,17,10,9,4,206
5,46,58,27.080883026123047,27.80036735534668,2.3813130855560303,0.5,0.0,17,10,9,4,213
5,46,59,27.080883026123047,27.80036735534668,2.3813130855560303,0.5,0.0,18,10,9,3,217
5,46,60,27.080883026123047,27.80036735534668,2.3813130855560303,0.5,0.0,18,10,9,3,226
5,46,61,27.080883026123047,27.80036735534668,2.3813130855560303,0.5,0.0,18,10,9,3,233
5,46,62,27.080883026123047,27.80036735534668,2.3813130855560303,0.5,0.0,18,10,9,3,239
5,46,63,27.080883026123047,27.80036735534668,2.3813130855560303,0.5,0.0,18,10,9,3,244
5,46,64,27.080883026123047,27.80036735534668,2.3813130855560303,0.5,0.0,18,10,9,3,250
5,46,65,27.080883026123047,27.80036735534668,2.3813130855560303,0.5,0.0,18,10,9,3,257
5,46,66,27.080883026123047,27.80036735534668,2.3813130855560303,0.5,0.0,18,10,9,3,267
5,46,67,27.080883026123047,27.80036735534668,2.3813130855560303,0.5,0.0,19,10,9,2,269
5,46,68,27.080883026123047,27.80036735534668,2.3813130855560303,0.5,0.0,19,10,9,2,278
5,46,69,27.080883026123047,27.80036735534668,2.3813130855560303,0.5,0.0,19,10,9,2,287
5,46,70,27.080883026123047,27.80036735534668,2.3813130855560303,0.5,0.0,19,10,9,2,291
5,46,71,27.080883026123047,27.80036735534668,2.3813130855560303,0.5,0.0,19,10,9,2,302
5,46,72,27.080883026123047,27.80036735534668,2.3813130855560303,0.5,0.0,20,10,9,1,308
5,46,73,27.080883026123047,27.80036735534668,2.3813130855560303,0.5,0.0,20,10,9,1,313
5,46,74,27.080883026123047,27.80036735534668,2.3813130855560303,0.5,0.0,20,10,9,1,319
5,46,75,27.080883026123047,27.80036735534668,2.3813130855560303,0.5,0.0,20,10,9,1,330
5,46,76,27.080883026123047,27.80036735534668,2.3813130855560303,0.5,0.0,20,10,9,1,336
5,46,77,27.080883026123047,27.80036735534668,2.3813130855560303,0.5,0.0,20,10,9,1,343
5,46,78,27.080883026123047,27.80036735534668,2.3813130855560303,0.5,0.0,21,10,9,0,346
6,47,1,25.971050262451172,28.057424545288086,2.830720901489258,1.0,0.15000000596046448,0,0,0,40,2
6,47,2,26.45689582824707,27.842493057250977,2.454549789428711,1.0,0.15000000596046448,0,1,0,39,2
6,47,3,26.45689582824707,27.842493057250977,2.454549789428711,1.0,0.15000000596046448,0,2,0,38,2
6,47,4,26.45689582824707,27.842493057250977,2.454549789428711,1.0,0.15000000596046448,0,2,0,38,3
6,47,5,26.45689582824707,27.842493057250977,2.454549789428711,1.0,0.15000000596046448,0,2,0,38,3
6,47,6,26.45689582824707,27.842493057250977,2.454549789428711,1.0,0.15000000596046448,2,2,0,36,3
6,47,7,26.45689582824707,27.842493057250977,2.454549789428711,1.0,0.15000000596046448,2,3,0,35,3
6,47,8,26.45689582824707,27.842493057250977,2.454549789428711,1.0,0.15000000596046448,2,5,0,33,4
6,47,9,26.27320098876953,27.86920166015625,2.4944097995758057,1.0,0.10000000149011612,2,5,0,33,6
6,47,10,26.224485397338867,27.866111755371094,2.4896271228790283,1.0,0.05000000074505806,2,5,0,33,7
6,47,11,26.35731315612793,27.83656883239746,2.4449892044067383,1.0,0.05000000074505806,3,5,1,31,10
6,47,12,26.35731315612793,27.83656883239746,2.4449892044067383,1.0,0.05000000074505806,3,5,2,30,16
6,47,13,26.35731315612793,27.83656883239746,2.4449892044067383,1.0,0.05000000074505806,3,6,2,29,18
6,47,14,26.35731315612793,27.83656883239746,2.4449892044067383,1.0,0.05000000074505806,3,6,2,29,24
6,47,15,26.35731315612793,27.83656883239746,2.4449892044067383,1.0,0.05000000074505806,3,6,2,29,26
6,47,16,26.35731315612793,27.83656883239746,2.4449892044067383,1.0,0.05000000074505806,4,6,2,28,31
6,47,17,26.176746368408203,27.86298942565918,2.4849443435668945,1.0,0.0,4,6,2,28,36
6,47,18,26.30893325805664,27.83357810974121,2.4403908252716064,1.0,0.0,4,6,2,28,43
6,47,19,26.30893325805664,27.83357810974121,2.4403908252716064,1.0,0.0,4,6,2,28,49
6,47,20,26.30893325805664,27.83357810974121,2.4403908252716064,1.0,0.0,7,6,2,25,54
6,47,21,26.30893325805664,27.83357810974121,2.4403908252716064,1.0,0.0,7,6,2,25,60
6,47,22,26.30893325805664,27.83357810974121,2.4403908252716064,1.0,0.0,7,6,2,25,65
6,47,23,26.367881774902344,27.72254753112793,2.578826904296875,0.949999988079071,0.0,7,6,2,25,71
6,47,24,26.380081176757812,27.830467224121094,2.4343979358673096,0.949999988079071,0.0,7,6,2,25,77
6,47,25,26.380081176757812,27.830467224121094,2.4343979358673096,0.949999988079071,0.0,7,6,2,25,83
6,47,26,26.380081176757812,27.830467224121094,2.4343979358673096,0.949999988079071,0.0,8,6,3,23,88
6,47,27,26.380081176757812,27.830467224121094,2.4343979358673096,0.949999988079071,0.0,8,6,3,23,94
6,47,28,26.380081176757812,27.830467224121094,2.4343979358673096,0.949999988079071,0.0,8,6,4,22,96
6,47,29,26.380081176757812,27.830467224121094,2.4343979358673096,0.949999988079071,0.0,10,6,4,20,101
6,47,30,26.440563201904297,27.718896865844727,2.5735297203063965,0.8999999761581421,0.0,10,6,5,19,105
6,47,31,26.452775955200195,27.827295303344727,2.4284114837646484,0.8999999761581421,0.0,10,6,5,19,111
6,47,32,26.514728546142578,27.715227127075195,2.5682015419006348,0.8500000238418579,0.0,10,6,5,19,116
6,47,33,26.526960372924805,27.82406997680664,2.4224367141723633,0.8500000238418579,0.0,11,6,5,18,121
6,47,34,26.526960372924805,27.82406997680664,2.4224367141723633,0.8500000238418579,0.0,11,6,5,18,123
6,47,35,26.526960372924805,27.82406997680664,2.4224367141723633,0.8500000238418579,0.0,11,6,5,18,125
6,47,36,26.526960372924805,27.82406997680664,2.4224367141723633,0.8500000238418579,0.0,11,6,5,18,129
6,47,37,26.590312957763672,27.711545944213867,2.5628437995910645,0.800000011920929,0.0,11,6,6,17,136
6,47,38,26.60256576538086,27.8207950592041,2.416477680206299,0.800000011920929,0.0,12,6,6,16,138
6,47,39,26.667234420776367,27.707860946655273,2.557457685470581,0.75,0.0,13,6,6,15,144
6,47,40,26.679513931274414,27.817474365234375,2.4105396270751953,0.75,0.0,13,6,6,15,150
6,47,41,26.679513931274414,27.817474365234375,2.4105396270751953,0.75,0.0,13,6,6,15,155
6,47,42,26.679513931274414,27.817474365234375,2.4105396270751953,0.75,0.0,14,6,6,14,161
6,47,43,26.679513931274414,27.817474365234375,2.4105396270751953,0.75,0.0,14,6,6,14,165
6,47,44,26.679513931274414,27.817474365234375,2.4105396270751953,0.75,0.0,14,6,6,14,173
6,47,45,26.679513931274414,27.817474365234375,2.4105396270751953,0.75,0.0,15,6,6,13,175
6,47,46,26.679513931274414,27.817474365234375,2.4105396270751953,0.75,0.0,15,6,6,13,180
6,47,47,26.679513931274414,27.817474365234375,2.4105396270751953,0.75,0.0,16,6,6,12,181
6,47,48,26.679513931274414,27.817474365234375,2.4105396270751953,0.75,0.0,16,6,6,12,185
6,47,49,26.745407104492188,27.704174041748047,2.552044630050659,0.699999988079071,0.0,17,6,6,11,188
6,47,50,26.75771141052246,27.814111709594727,2.4046266078948975,0.699999988079071,0.0,17,6,6,11,192
6,47,51,26.75771141052246,27.814111709594727,2.4046266078948975,0.699999988079071,0.0,18,6,6,10,198
6,47,52,26.75771141052246,27.814111709594727,2.4046266078948975,0.699999988079071,0.0,19,6,6,9,204
6,47,53,26.82472801208496,27.700498580932617,2.5466060638427734,0.6499999761581421,0.0,19,6,6,9,209
6,47,54,26.83706283569336,27.810714721679688,2.3987433910369873,0.6499999761581421,0.0,19,6,6,9,213
6,47,55,26.83706283569336,27.810714721679688,2.3987433910369873,0.6499999761581421,0.0,19,6,6,9,218
6,47,56,26.83706283569336,27.810714721679688,2.3987433910369873,0.6499999761581421,0.0,19,6,6,9,222
6,47,57,26.83706283569336,27.810714721679688,2.3987433910369873,0.6499999761581421,0.0,19,6,6,9,226
6,47,58,26.83706283569336,27.810714721679688,2.3987433910369873,0.6499999761581421,0.0,19,6,6,9,236
6,47,59,26.83706283569336,27.810714721679688,2.3987433910369873,0.6499999761581421,0.0,20,6,6,8,246
6,47,60,26.83706283569336,27.810714721679688,2.3987433910369873,0.6499999761581421,0.0,21,6,6,7,252
6,47,61,26.83706283569336,27.810714721679688,2.3987433910369873,0.6499999761581421,0.0,21,6,6,7,258
6,47,62,26.83706283569336,27.810714721679688,2.3987433910369873,0.6499999761581421,0.0,21,6,6,7,263
6,47,63,26.90509033203125,27.69683837890625,2.5411434173583984,0.6000000238418579,0.0,21,6,6,7,267
6,47,64,26.917455673217773,27.807287216186523,2.3928940296173096,0.6000000238418579,0.0,21,6,6,7,270
6,47,65,26.98637580871582,27.693199157714844,2.5356578826904297,0.550000011920929,0.0,22,6,6,6,273
6,47,66,26.99877166748047,27.803836822509766,2.387082815170288,0.550000011920929,0.0,22,6,6,6,276
6,47,67,26.99877166748047,27.803836822509766,2.387082815170288,0.550000011920929,0.0,22,6,6,6,279
6,47,68,26.99877166748047,27.803836822509766,2.387082815170288,0.550000011920929,0.0,22,6,6,6,285
6,47,69,26.99877166748047,27.803836822509766,2.387082815170288,0.550000011920929,0.0,22,6,6,6,289
6,47,70,26.99877166748047,27.803836822509766,2.387082815170288,0.550000011920929,0.0,22,6,6,6,296
6,47,71,26.99877166748047,27.803836822509766,2.387082815170288,0.550000011920929,0.0,22,6,6,6,297
6,47,72,26.99877166748047,27.803836822509766,2.387082815170288,0.550000011920929,0.0,22,6,6,6,304
6,47,73,26.99877166748047,27.803836822509766,2.387082815170288,0.550000011920929,0.0,23,6,6,5,311
6,47,74,27.068456649780273,27.689590454101562,2.5301513671875,0.5,0.0,24,6,6,4,321
6,47,75,27.080883026123047,27.80036735534668,2.3813130855560303,0.5,0.0,25,6,6,3,326
6,47,76,27.080883026123047,27.80036735534668,2.3813130855560303,0.5,0.0,26,6,6,2,330
6,47,77,27.080883026123047,27.80036735534668,2.3813130855560303,0.5,0.0,27,6,6,1,336
6,47,78,27.080883026123047,27.80036735534668,2.3813130855560303,0.5,0.0,27,6,6,1,340
6,47,79,27.151201248168945,27.686019897460938,2.524624824523926,0.44999998807907104,0.0,27,6,6,1,347
6,47,80,27.163658142089844,27.796884536743164,2.3755886554718018,0.44999998807907104,0.0,28,6,6,0,353
7,48,1,25.948577880859375,28.055681228637695,2.828331470489502,1.0,0.10000000149011612,0,0,0,40,2
7,48,2,26.406646728515625,27.839540481567383,2.4497125148773193,1.0,0.10000000149011612,1,0,0,39,4
7,48,3,26.406646728515625,27.839540481567383,2.4497125148773193,1.0,0.10000000149011612,1,0,0,39,6
7,48,4,26.406646728515625,27.839540481567383,2.4497125148773193,1.0,0.10000000149011612,1,0,0,39,7
7,48,5,26.406646728515625,27.839540481567383,2.4497125148773193,1.0,0.10000000149011612,1,1,0,38,10
7,48,6,26.224485397338867,27.866111755371094,2.4896271228790283,1.0,0.05000000074505806,1,1,0,38,11
7,48,7,26.35731315612793,27.83656883239746,2.4449892044067383,1.0,0.05000000074505806,3,1,0,36,14
7,48,8,26.35731315612793,27.83656883239746,2.4449892044067383,1.0,0.05000000074505806,3,1,0,36,14
7,48,9,26.35731315612793,27.83656883239746,2.4449892044067383,1.0,0.05000000074505806,3,2,0,35,15
7,48,10,26.35731315612793,27.83656883239746,2.4449892044067383,1.0,0.05000000074505806,5,2,0,33,15
7,48,11,26.35731315612793,27.83656883239746,2.4449892044067383,1.0,0.05000000074505806,6,2,0,32,16
7,48,12,26.35731315612793,27.83656883239746,2.4449892044067383,1.0,0.05000000074505806,7,2,0,31,17
7,48,13,26.35731315612793,27.83656883239746,2.4449892044067383,1.0,0.05000000074505806,7,3,0,30,19
7,48,14,26.176746368408203,27.86298942565918,2.4849443435668945,1.0,0.0,7,3,0,30,20
7,48,15,26.30893325805664,27.83357810974121,2.4403908252716064,1.0,0.0,7,4,0,29,22
7,48,16,26.30893325805664,27.83357810974121,2.4403908252716064,1.0,0.0,7,4,0,29,24
7,48,17,26.30893325805664,27.83357810974121,2.4403908252716064,1.0,0.0,8,4,1,27,27
7,48,18,26.30893325805664,27.83357810974121,2.4403908252716064,1.0,0.0,9,4,1,26,29
7,48,19,26.30893325805664,27.83357810974121,2.4403908252716064,1.0,0.0,9,4,1,26,32
7,48,20,26.30893325805664,27.83357810974121,2.4403908252716064,1.0,0.0,10,4,1,25,32
7,48,21,26.30893325805664,27.83357810974121,2.4403908252716064,1.0,0.0,10,4,2,24,36
7,48,22,26.30893325805664,27.83357810974121,2.4403908252716064,1.0,0.0,11,4,3,22,42
7,48,23,26.30893325805664,27.83357810974121,2.4403908252716064,1.0,0.0,11,4,3,22,43
7,48,24,26.30893325805664,27.83357810974121,2.4403908252716064,1.0,0.0,11,4,3,22,46
7,48,25,26.30893325805664,27.83357810974121,2.4403908252716064,1.0,0.0,11,4,4,21,49
7,48,26,26.30893325805664,27.83357810974121,2.4403908252716064,1.0,0.0,11,4,4,21,55
7,48,27,26.30893325805664,27.83357810974121,2.4403908252716064,1.0,0.0,11,4,4,21,60
7,48,28,26.30893325805664,27.83357810974121,2.4403908252716064,1.0,0.0,11,4,4,21,62
7,48,29,26.30893325805664,27.83357810974121,2.4403908252716064,1.0,0.0,13,4,5,18,67
7,48,30,26.30893325805664,27.83357810974121,2.4403908252716064,1.0,0.0,13,4,5,18,73
7,48,31,26.30893325805664,27.83357810974121,2.4403908252716064,1.0,0.0,14,4,6,16,76
7,48,32,26.30893325805664,27.83357810974121,2.4403908252716064,1.0,0.0,14,4,7,15,79
7,48,33,26.30893325805664,27.83357810974121,2.4403908252716064,1.0,0.0,15,4,7,14,79
7,48,34,26.30893325805664,27.83357810974121,2.4403908252716064,1.0,0.0,16,4,7,13,83
7,48,35,26.30893325805664,27.83357810974121,2.4403908252716064,1.0,0.0,16,4,7,13,87
7,48,36,26.30893325805664,27.83357810974121,2.4403908252716064,1.0,0.0,16,4,7,13,94
7,48,37,26.30893325805664,27.83357810974121,2.4403908252716064,1.0,0.0,16,4,7,13,97
7,48,38,26.30893325805664,27.83357810974121,2.4403908252716064,1.0,0.0,17,4,7,12,99
7,48,39,26.30893325805664,27.83357810974121,2.4403908252716064,1.0,0.0,18,4,7,11,103
7,48,40,26.30893325805664,27.83357810974121,2.4403908252716064,1.0,0.0,18,4,7,11,108
7,48,41,26.30893325805664,27.83357810974121,2.4403908252716064,1.0,0.0,18,4,7,11,114
7,48,42,26.30893325805664,27.83357810974121,2.4403908252716064,1.0,0.0,19,4,7,10,119
7,48,43,26.30893325805664,27.83357810974121,2.4403908252716064,1.0,0.0,20,4,7,9,121
7,48,44,26.30893325805664,27.83357810974121,2.4403908252716064,1.0,0.0,21,4,7,8,123
7,48,45,26.30893325805664,27.83357810974121,2.4403908252716064,1.0,0.0,21,4,7,8,126
7,48,46,26.30893325805664,27.83357810974121,2.4403908252716064,1.0,0.0,22,4,7,7,130
7,48,47,26.30893325805664,27.83357810974121,2.4403908252716064,1.0,0.0,22,4,7,7,137
7,48,48,26.30893325805664,27.83357810974121,2.4403908252716064,1.0,0.0,22,4,7,7,139
7,48,49,26.30893325805664,27.83357810974121,2.4403908252716064,1.0,0.0,22,4,7,7,142
7,48,50,26.30893325805664,27.83357810974121,2.4403908252716064,1.0,0.0,22,4,7,7,146
7,48,51,26.30893325805664,27.83357810974121,2.4403908252716064,1.0,0.0,22,4,7,7,149
7,48,52,26.30893325805664,27.83357810974121,2.4403908252716064,1.0,0.0,22,4,7,7,155
7,48,53,26.30893325805664,27.83357810974121,2.4403908252716064,1.0,0.0,23,4,7,6,159
7,48,54,26.30893325805664,27.83357810974121,2.4403908252716064,1.0,0.0,23,4,7,6,162
7,48,55,26.30893325805664,27.83357810974121,2.4403908252716064,1.0,0.0,23,4,7,6,170
7,48,56,26.30893325805664,27.83357810974121,2.4403908252716064,1.0,0.0,24,4,7,5,176
7,48,57,26.30893325805664,27.83357810974121,2.4403908252716064,1.0,0.0,24,4,7,5,183
7,48,58,26.367881774902344,27.72254753112793,2.578826904296875,0.949999988079071,0.0,24,4,7,5,192
7,48,59,26.380081176757812,27.830467224121094,2.4343979358673096,0.949999988079071,0.0,24,4,7,5,199
7,48,60,26.440563201904297,27.718896865844727,2.5735297203063965,0.8999999761581421,0.0,24,4,7,5,203
7,48,61,26.452775955200195,27.827295303344727,2.4284114837646484,0.8999999761581421,0.0,25,4,7,4,211
7,48,62,26.452775955200195,27.827295303344727,2.4284114837646484,0.8999999761581421,0.0,25,4,7,4,216
7,48,63,26.452775955200195,27.827295303344727,2.4284114837646484,0.8999999761581421,0.0,25,4,7,4,222
7,48,64,26.514728546142578,27.715227127075195,2.5682015419006348,0.8500000238418579,0.0,25,4,7,4,227
7,48,65,26.526960372924805,27.82406997680664,2.4224367141723633,0.8500000238418579,0.0,25,4,7,4,232
7,48,66,26.526960372924805,27.82406997680664,2.4224367141723633,0.8500000238418579,0.0,25,4,7,4,236
7,48,67,26.590312957763672,27.711545944213867,2.5628437995910645,0.800000011920929,0.0,25,4,7,4,244
7,48,68,26.667234420776367,27.707860946655273,2.557457685470581,0.75,0.0,25,4,7,4,249
7,48,69,26.679513931274414,27.817474365234375,2.4105396270751953,0.75,0.0,25,4,7,4,253
7,48,70,26.679513931274414,27.817474365234375,2.4105396270751953,0.75,0.0,25,4,7,4,259
7,48,71,26.679513931274414,27.817474365234375,2.4105396270751953,0.75,0.0,25,4,7,4,263
7,48,72,26.679513931274414,27.817474365234375,2.4105396270751953,0.75,0.0,25,4,7,4,267
7,48,73,26.679513931274414,27.817474365234375,2.4105396270751953,0.75,0.0,25,4,7,4,270
7,48,74,26.679513931274414,27.817474365234375,2.4105396270751953,0.75,0.0,25,4,7,4,273
7,48,75,26.679513931274414,27.817474365234375,2.4105396270751953,0.75,0.0,25,4,7,4,279
7,48,76,26.679513931274414,27.817474365234375,2.4105396270751953,0.75,0.0,25,4,7,4,281
7,48,77,26.679513931274414,27.817474365234375,2.4105396270751953,0.75,0.0,25,4,7,4,283
7,48,78,26.679513931274414,27.817474365234375,2.4105396270751953,0.75,0.0,25,4,7,4,291
7,48,79,26.745407104492188,27.704174041748047,2.552044630050659,0.699999988079071,0.0,26,4,7,3,295
7,48,80,26.82472801208496,27.700498580932617,2.5466060638427734,0.6499999761581421,0.0,26,4,7,3,299
7,48,81,26.83706283569336,27.810714721679688,2.3987433910369873,0.6499999761581421,0.0,26,4,7,3,304
7,48,82,26.83706283569336,27.810714721679688,2.3987433910369873,0.6499999761581421,0.0,26,4,7,3,307
7,48,83,26.83706283569336,27.810714721679688,2.3987433910369873,0.6499999761581421,0.0,26,4,7,3,310
7,48,84,26.83706283569336,27.810714721679688,2.3987433910369873,0.6499999761581421,0.0,26,4,7,3,318
7,48,85,26.90509033203125,27.69683837890625,2.5411434173583984,0.6000000238418579,0.0,26,4,7,3,321
7,48,86,26.917455673217773,27.807287216186523,2.3928940296173096,0.6000000238418579,0.0,26,4,7,3,324
7,48,87,26.917455673217773,27.807287216186523,2.3928940296173096,0.6000000238418579,0.0,26,4,7,3,327
7,48,88,26.917455673217773,27.807287216186523,2.3928940296173096,0.6000000238418579,0.0,27,4,7,2,330
7,48,89,26.917455673217773,27.807287216186523,2.3928940296173096,0.6000000238418579,0.0,27,4,7,2,333
7,48,90,26.917455673217773,27.807287216186523,2.3928940296173096,0.6000000238418579,0.0,27,4,7,2,334
7,48,91,26.917455673217773,27.807287216186523,2.3928940296173096,0.6000000238418579,0.0,28,4,7,1,336
7,48,92,26.917455673217773,27.807287216186523,2.3928940296173096,0.6000000238418579,0.0,28,4,7,1,340
7,48,93,26.917455673217773,27.807287216186523,2.3928940296173096,0.6000000238418579,0.0,28,4,7,1,346
7,48,94,26.98637580871582,27.693199157714844,2.5356578826904297,0.550000011920929,0.0,28,4,7,1,353
7,48,95,26.99877166748047,27.803836822509766,2.387082815170288,0.550000011920929,0.0,28,4,7,1,358
7,48,96,26.99877166748047,27.803836822509766,2.387082815170288,0.550000011920929,0.0,28,4,7,1,362
7,48,97,27.068456649780273,27.689590454101562,2.5301513671875,0.5,0.0,28,4,7,1,369
7,48,98,27.080883026123047,27.80036735534668,2.3813130855560303,0.5,0.0,28,4,7,1,374
7,48,99,27.151201248168945,27.686019897460938,2.524624824523926,0.44999998807907104,0.0,28,4,7,1,376
7,48,100,27.163658142089844,27.796884536743164,2.3755886554718018,0.44999998807907104,0.0,29,4,7,0,381
8,49,1,25.948577880859375,28.055681228637695,2.828331470489502,1.0,0.10000000149011612,0,0,0,40,1
8,49,2,26.406646728515625,27.839540481567383,2.4497125148773193,1.0,0.10000000149011612,0,1,0,39,1
8,49,3,26.406646728515625,27.839540481567383,2.4497125148773193,1.0,0.10000000149011612,0,1,0,39,3
8,49,4,26.224485397338867,27.866111755371094,2.4896271228790283,1.0,0.05000000074505806,0,1,0,39,5
8,49,5,26.35731315612793,27.83656883239746,2.4449892044067383,1.0,0.05000000074505806,1,1,0,38,5
8,49,6,26.35731315612793,27.83656883239746,2.4449892044067383,1.0,0.05000000074505806,2,1,0,37,6
8,49,7,26.35731315612793,27.83656883239746,2.4449892044067383,1.0,0.05000000074505806,2,1,0,37,7
8,49,8,26.35731315612793,27.83656883239746,2.4449892044067383,1.0,0.05000000074505806,2,2,0,36,7
8,49,9,26.35731315612793,27.83656883239746,2.4449892044067383,1.0,0.05000000074505806,2,2,0,36,8
8,49,10,26.35731315612793,27.83656883239746,2.4449892044067383,1.0,0.05000000074505806,4,3,0,33,9
8,49,11,26.176746368408203,27.86298942565918,2.4849443435668945,1.0,0.0,5,3,0,32,9
8,49,12,26.30893325805664,27.83357810974121,2.4403908252716064,1.0,0.0,5,3,0,32,11
8,49,13,26.30893325805664,27.83357810974121,2.4403908252716064,1.0,0.0,5,3,0,32,14
8,49,14,26.30893325805664,27.83357810974121,2.4403908252716064,1.0,0.0,7,4,0,29,18
8,49,15,26.30893325805664,27.83357810974121,2.4403908252716064,1.0,0.0,7,4,0,29,22
8,49,16,26.30893325805664,27.83357810974121,2.4403908252716064,1.0,0.0,7,4,0,29,25
8,49,17,26.30893325805664,27.83357810974121,2.4403908252716064,1.0,0.0,7,4,1,28,30
8,49,18,26.30893325805664,27.83357810974121,2.4403908252716064,1.0,0.0,8,4,1,27,32
8,49,19,26.30893325805664,27.83357810974121,2.4403908252716064,1.0,0.0,8,4,2,26,37
8,49,20,26.30893325805664,27.83357810974121,2.4403908252716064,1.0,0.0,8,4,2,26,39
8,49,21,26.30893325805664,27.83357810974121,2.4403908252716064,1.0,0.0,9,4,2,25,41
8,49,22,26.30893325805664,27.83357810974121,2.4403908252716064,1.0,0.0,9,4,2,25,46
8,49,23,26.30893325805664,27.83357810974121,2.4403908252716064,1.0,0.0,9,4,2,25,49
8,49,24,26.30893325805664,27.83357810974121,2.4403908252716064,1.0,0.0,9,4,2,25,54
8,49,25,26.30893325805664,27.83357810974121,2.4403908252716064,1.0,0.0,10,4,2,24,61
8,49,26,26.30893325805664,27.83357810974121,2.4403908252716064,1.0,0.0,10,4,3,23,63
8,49,27,26.30893325805664,27.83357810974121,2.4403908252716064,1.0,0.0,10,4,3,23,68
8,49,28,26.30893325805664,27.83357810974121,2.4403908252716064,1.0,0.0,10,4,5,21,75
8,49,29,26.30893325805664,27.83357810974121,2.4403908252716064,1.0,0.0,10,4,5,21,80
8,49,30,26.367881774902344,27.72254753112793,2.578826904296875,0.949999988079071,0.0,12,4,5,19,84
8,49,31,26.380081176757812,27.830467224121094,2.4343979358673096,0.949999988079071,0.0,13,4,5,18,87
8,49,32,26.380081176757812,27.830467224121094,2.4343979358673096,0.949999988079071,0.0,14,4,5,17,91
8,49,33,26.380081176757812,27.830467224121094,2.4343979358673096,0.949999988079071,0.0,15,4,5,16,95
8,49,34,26.380081176757812,27.830467224121094,2.4343979358673096,0.949999988079071,0.0,15,4,6,15,98
8,49,35,26.380081176757812,27.830467224121094,2.4343979358673096,0.949999988079071,0.0,16,4,6,14,100
8,49,36,26.380081176757812,27.830467224121094,2.4343979358673096,0.949999988079071,0.0,17,4,6,13,103
8,49,37,26.380081176757812,27.830467224121094,2.4343979358673096,0.949999988079071,0.0,19,4,6,11,106
8,49,38,26.440563201904297,27.718896865844727,2.5735297203063965,0.8999999761581421,0.0,19,4,6,11,109
8,49,39,26.452775955200195,27.827295303344727,2.4284114837646484,0.8999999761581421,0.0,19,4,7,10,116
8,49,40,26.514728546142578,27.715227127075195,2.5682015419006348,0.8500000238418579,0.0,19,4,7,10,121
8,49,41,26.526960372924805,27.82406997680664,2.4224367141723633,0.8500000238418579,0.0,19,4,7,10,126
8,49,42,26.590312957763672,27.711545944213867,2.5628437995910645,0.800000011920929,0.0,20,4,7,9,130
8,49,43,26.60256576538086,27.8207950592041,2.416477680206299,0.800000011920929,0.0,20,4,7,9,136
8,49,44,26.667234420776367,27.707860946655273,2.557457685470581,0.75,0.0,21,4,7,8,145
8,49,45,26.745407104492188,27.704174041748047,2.552044630050659,0.699999988079071,0.0,21,4,7,8,147
8,49,46,26.75771141052246,27.814111709594727,2.4046266078948975,0.699999988079071,0.0,21,4,7,8,149
8,49,47,26.75771141052246,27.814111709594727,2.4046266078948975,0.699999988079071,0.0,21,4,7,8,156
8,49,48,26.75771141052246,27.814111709594727,2.4046266078948975,0.699999988079071,0.0,22,4,7,7,160
8,49,49,26.82472801208496,27.700498580932617,2.5466060638427734,0.6499999761581421,0.0,22,4,7,7,167
8,49,50,26.83706283569336,27.810714721679688,2.3987433910369873,0.6499999761581421,0.0,22,4,7,7,168
8,49,51,26.83706283569336,27.810714721679688,2.3987433910369873,0.6499999761581421,0.0,22,4,7,7,171
8,49,52,26.83706283569336,27.810714721679688,2.3987433910369873,0.6499999761581421,0.0,22,4,7,7,179
8,49,53,26.90509033203125,27.69683837890625,2.5411434173583984,0.6000000238418579,0.0,22,4,7,7,183
8,49,54,26.917455673217773,27.807287216186523,2.3928940296173096,0.6000000238418579,0.0,22,4,7,7,194
8,49,55,26.917455673217773,27.807287216186523,2.3928940296173096,0.6000000238418579,0.0,22,4,8,6,200
8,49,56,26.917455673217773,27.807287216186523,2.3928940296173096,0.6000000238418579,0.0,23,4,8,5,205
8,49,57,26.917455673217773,27.807287216186523,2.3928940296173096,0.6000000238418579,0.0,23,4,8,5,207
8,49,58,26.98637580871582,27.693199157714844,2.5356578826904297,0.550000011920929,0.0,23,4,8,5,214
8,49,59,26.99877166748047,27.803836822509766,2.387082815170288,0.550000011920929,0.0,23,4,8,5,219
8,49,60,26.99877166748047,27.803836822509766,2.387082815170288,0.550000011920929,0.0,25,4,8,3,221
8,49,61,26.99877166748047,27.803836822509766,2.387082815170288,0.550000011920929,0.0,25,4,8,3,225
8,49,62,26.99877166748047,27.803836822509766,2.387082815170288,0.550000011920929,0.0,25,4,8,3,231
8,49,63,26.99877166748047,27.803836822509766,2.387082815170288,0.550000011920929,0.0,25,4,8,3,237
8,49,64,26.99877166748047,27.803836822509766,2.387082815170288,0.550000011920929,0.0,25,4,8,3,242
8,49,65,26.99877166748047,27.803836822509766,2.387082815170288,0.550000011920929,0.0,25,4,8,3,255
8,49,66,26.99877166748047,27.803836822509766,2.387082815170288,0.550000011920929,0.0,26,4,8,2,261
8,49,67,26.99877166748047,27.803836822509766,2.387082815170288,0.550000011920929,0.0,26,4,8,2,271
8,49,68,26.99877166748047,27.803836822509766,2.387082815170288,0.550000011920929,0.0,26,4,8,2,276
8,49,69,26.99877166748047,27.803836822509766,2.387082815170288,0.550000011920929,0.0,26,4,8,2,284
8,49,70,26.99877166748047,27.803836822509766,2.387082815170288,0.550000011920929,0.0,26,4,8,2,292
8,49,71,26.99877166748047,27.803836822509766,2.387082815170288,0.550000011920929,0.0,26,4,8,2,301
8,49,72,26.99877166748047,27.803836822509766,2.387082815170288,0.550000011920929,0.0,26,4,8,2,304
8,49,73,26.99877166748047,27.803836822509766,2.387082815170288,0.550000011920929,0.0,26,4,8,2,308
8,49,74,27.068456649780273,27.689590454101562,2.5301513671875,0.5,0.0,26,4,8,2,311
8,49,75,27.080883026123047,27.80036735534668,2.3813130855560303,0.5,0.0,26,4,8,2,319
8,49,76,27.080883026123047,27.80036735534668,2.3813130855560303,0.5,0.0,26,4,8,2,325
8,49,77,27.080883026123047,27.80036735534668,2.3813130855560303,0.5,0.0,26,4,8,2,333
8,49,78,27.080883026123047,27.80036735534668,2.3813130855560303,0.5,0.0,27,4,8,1,339
8,49,79,27.080883026123047,27.80036735534668,2.3813130855560303,0.5,0.0,27,4,8,1,344
8,49,80,27.080883026123047,27.80036735534668,2.3813130855560303,0.5,0.0,27,4,8,1,349
8,49,81,27.080883026123047,27.80036735534668,2.3813130855560303,0.5,0.0,27,4,8,1,357
8,49,82,27.080883026123047,27.80036735534668,2.3813130855560303,0.5,0.0,27,4,8,1,362
8,49,83,27.080883026123047,27.80036735534668,2.3813130855560303,0.5,0.0,27,4,8,1,370
8,49,84,27.080883026123047,27.80036735534668,2.3813130855560303,0.5,0.0,27,4,8,1,372
8,49,85,27.080883026123047,27.80036735534668,2.3813130855560303,0.5,0.0,28,4,8,0,380
9,50,1,25.971050262451172,28.057424545288086,2.830720901489258,1.0,0.15000000596046448,0,0,0,40,4
9,50,2,26.27320098876953,27.86920166015625,2.4944097995758057,1.0,0.10000000149011612,1,0,0,39,5
9,50,3,26.406646728515625,27.839540481567383,2.4497125148773193,1.0,0.10000000149011612,2,0,0,38,7
9,50,4,26.406646728515625,27.839540481567383,2.4497125148773193,1.0,0.10000000149011612,3,0,0,37,11
9,50,5,26.224485397338867,27.866111755371094,2.4896271228790283,1.0,0.05000000074505806,3,0,0,37,16
9,50,6,26.176746368408203,27.86298942565918,2.4849443435668945,1.0,0.0,3,0,0,37,19
9,50,7,26.30893325805664,27.83357810974121,2.4403908252716064,1.0,0.0,4,1,0,35,21
9,50,8,26.30893325805664,27.83357810974121,2.4403908252716064,1.0,0.0,5,1,0,34,24
9,50,9,26.30893325805664,27.83357810974121,2.4403908252716064,1.0,0.0,5,1,0,34,26
9,50,10,26.30893325805664,27.83357810974121,2.4403908252716064,1.0,0.0,5,2,0,33,30
9,50,11,26.30893325805664,27.83357810974121,2.4403908252716064,1.0,0.0,6,2,0,32,31
9,50,12,26.30893325805664,27.83357810974121,2.4403908252716064,1.0,0.0,6,2,0,32,35
9,50,13,26.30893325805664,27.83357810974121,2.4403908252716064,1.0,0.0,6,2,1,31,38
9,50,14,26.30893325805664,27.83357810974121,2.4403908252716064,1.0,0.0,6,2,1,31,41
9,50,15,26.30893325805664,27.83357810974121,2.4403908252716064,1.0,0.0,6,2,1,31,42
9,50,16,26.30893325805664,27.83357810974121,2.4403908252716064,1.0,0.0,7,2,3,28,44
9,50,17,26.30893325805664,27.83357810974121,2.4403908252716064,1.0,0.0,7,2,3,28,47
9,50,18,26.30893325805664,27.83357810974121,2.4403908252716064,1.0,0.0,8,2,3,27,51
9,50,19,26.30893325805664,27.83357810974121,2.4403908252716064,1.0,0.0,8,2,3,27,52
9,50,20,26.30893325805664,27.83357810974121,2.4403908252716064,1.0,0.0,8,2,3,27,56
9,50,21,26.30893325805664,27.83357810974121,2.4403908252716064,1.0,0.0,8,2,4,26,60
9,50,22,26.30893325805664,27.83357810974121,2.4403908252716064,1.0,0.0,9,2,5,24,64
9,50,23,26.367881774902344,27.72254753112793,2.578826904296875,0.949999988079071,0.0,9,2,6,23,72
9,50,24,26.380081176757812,27.830467224121094,2.4343979358673096,0.949999988079071,0.0,9,2,7,22,79
9,50,25,26.380081176757812,27.830467224121094,2.4343979358673096,0.949999988079071,0.0,10,2,7,21,85
9,50,26,26.380081176757812,27.830467224121094,2.4343979358673096,0.949999988079071,0.0,10,2,7,21,86
9,50,27,26.380081176757812,27.830467224121094,2.4343979358673096,0.949999988079071,0.0,11,2,7,20,89
9,50,28,26.380081176757812,27.830467224121094,2.4343979358673096,0.949999988079071,0.0,12,2,7,19,97
9,50,29,26.380081176757812,27.830467224121094,2.4343979358673096,0.949999988079071,0.0,12,2,7,19,103
9,50,30,26.440563201904297,27.718896865844727,2.5735297203063965,0.8999999761581421,0.0,14,2,7,17,109
9,50,31,26.452775955200195,27.827295303344727,2.4284114837646484,0.8999999761581421,0.0,14,2,7,17,115
9,50,32,26.514728546142578,27.715227127075195,2.5682015419006348,0.8500000238418579,0.0,15,2,7,16,120
9,50,33,26.526960372924805,27.82406997680664,2.4224367141723633,0.8500000238418579,0.0,15,2,7,16,122
9,50,34,26.526960372924805,27.82406997680664,2.4224367141723633,0.8500000238418579,0.0,15,2,7,16,129
9,50,35,26.526960372924805,27.82406997680664,2.4224367141723633,0.8500000238418579,0.0,16,2,7,15,134
9,50,36,26.526960372924805,27.82406997680664,2.4224367141723633,0.8500000238418579,0.0,16,2,7,15,137
9,50,37,26.526960372924805,27.82406997680664,2.4224367141723633,0.8500000238418579,0.0,16,2,7,15,142
9,50,38,26.590312957763672,27.711545944213867,2.5628437995910645,0.800000011920929,0.0,16,2,7,15,146
9,50,39,26.667234420776367,27.707860946655273,2.557457685470581,0.75,0.0,16,2,7,15,148
9,50,40,26.679513931274414,27.817474365234375,2.4105396270751953,0.75,0.0,16,2,7,15,151
9,50,41,26.679513931274414,27.817474365234375,2.4105396270751953,0.75,0.0,17,2,7,14,155
9,50,42,26.679513931274414,27.817474365234375,2.4105396270751953,0.75,0.0,17,2,7,14,159
9,50,43,26.745407104492188,27.704174041748047,2.552044630050659,0.699999988079071,0.0,17,2,7,14,169
9,50,44,26.75771141052246,27.814111709594727,2.4046266078948975,0.699999988079071,0.0,17,2,7,14,176
9,50,45,26.75771141052246,27.814111709594727,2.4046266078948975,0.699999988079071,0.0,18,2,7,13,181
9,50,46,26.82472801208496,27.700498580932617,2.5466060638427734,0.6499999761581421,0.0,18,2,7,13,183
9,50,47,26.83706283569336,27.810714721679688,2.3987433910369873,0.6499999761581421,0.0,19,2,7,12,184
9,50,48,26.83706283569336,27.810714721679688,2.3987433910369873,0.6499999761581421,0.0,20,2,7,11,186
9,50,49,26.83706283569336,27.810714721679688,2.3987433910369873,0.6499999761581421,0.0,20,2,7,11,187
9,50,50,26.83706283569336,27.810714721679688,2.3987433910369873,0.6499999761581421,0.0,21,2,7,10,192
9,50,51,26.83706283569336,27.810714721679688,2.3987433910369873,0.6499999761581421,0.0,21,2,7,10,197
9,50,52,26.83706283569336,27.810714721679688,2.3987433910369873,0.6499999761581421,0.0,21,2,7,10,200
9,50,53,26.83706283569336,27.810714721679688,2.3987433910369873,0.6499999761581421,0.0,23,2,7,8,202
9,50,54,26.83706283569336,27.810714721679688,2.3987433910369873,0.6499999761581421,0.0,23,2,7,8,206
9,50,55,26.83706283569336,27.810714721679688,2.3987433910369873,0.6499999761581421,0.0,24,2,7,7,211
9,50,56,26.83706283569336,27.810714721679688,2.3987433910369873,0.6499999761581421,0.0,24,2,7,7,218
9,50,57,26.83706283569336,27.810714721679688,2.3987433910369873,0.6499999761581421,0.0,25,2,7,6,221
9,50,58,26.83706283569336,27.810714721679688,2.3987433910369873,0.6499999761581421,0.0,25,2,7,6,226
9,50,59,26.83706283569336,27.810714721679688,2.3987433910369873,0.6499999761581421,0.0,25,2,7,6,231
9,50,60,26.83706283569336,27.810714721679688,2.3987433910369873,0.6499999761581421,0.0,26,2,7,5,234
9,50,61,26.90509033203125,27.69683837890625,2.5411434173583984,0.6000000238418579,0.0,26,2,7,5,237
9,50,62,26.917455673217773,27.807287216186523,2.3928940296173096,0.6000000238418579,0.0,26,2,7,5,241
9,50,63,26.917455673217773,27.807287216186523,2.3928940296173096,0.6000000238418579,0.0,27,2,7,4,244
9,50,64,26.917455673217773,27.807287216186523,2.3928940296173096,0.6000000238418579,0.0,27,2,7,4,247
9,50,65,26.917455673217773,27.807287216186523,2.3928940296173096,0.6000000238418579,0.0,27,2,7,4,252
9,50,66,26.917455673217773,27.807287216186523,2.3928940296173096,0.6000000238418579,0.0,27,2,7,4,258
9,50,67,26.98637580871582,27.693199157714844,2.5356578826904297,0.550000011920929,0.0,27,2,7,4,263
9,50,68,26.99877166748047,27.803836822509766,2.387082815170288,0.550000011920929,0.0,27,2,7,4,267
9,50,69,26.99877166748047,27.803836822509766,2.387082815170288,0.550000011920929,0.0,27,2,7,4,275
9,50,70,26.99877166748047,27.803836822509766,2.387082815170288,0.550000011920929,0.0,28,2,7,3,277
9,50,71,26.99877166748047,27.803836822509766,2.387082815170288,0.550000011920929,0.0,28,2,7,3,282
9,50,72,27.068456649780273,27.689590454101562,2.5301513671875,0.5,0.0,28,2,7,3,288
9,50,73,27.151201248168945,27.686019897460938,2.524624824523926,0.44999998807907104,0.0,29,2,7,2,295
9,50,74,27.163658142089844,27.796884536743164,2.3755886554718018,0.44999998807907104,0.0,29,2,7,2,299
9,50,75,27.163658142089844,27.796884536743164,2.3755886554718018,0.44999998807907104,0.0,29,2,7,2,306
9,50,76,27.163658142089844,27.796884536743164,2.3755886554718018,0.44999998807907104,0.0,29,2,7,2,318
9,50,77,27.234466552734375,27.682491302490234,2.51908016204834,0.4000000059604645,0.0,29,2,7,2,326
9,50,78,27.3181095123291,27.679014205932617,2.513518810272217,0.3499999940395355,0.0,29,2,7,2,331
9,50,79,27.330629348754883,27.789907455444336,2.364288091659546,0.3499999940395355,0.0,29,2,7,2,337
9,50,80,27.330629348754883,27.789907455444336,2.364288091659546,0.3499999940395355,0.0,29,2,7,2,341
9,50,81,27.330629348754883,27.789907455444336,2.364288091659546,0.3499999940395355,0.0,30,2,7,1,351
9,50,82,27.401979446411133,27.675594329833984,2.5079429149627686,0.30000001192092896,0.0,30,2,7,1,359
9,50,83,27.48592758178711,27.672237396240234,2.502354145050049,0.25,0.0,30,2,7,1,363
9,50,84,27.49851417541504,27.782957077026367,2.3532023429870605,0.25,0.0,30,2,7,1,368
9,50,85,27.49851417541504,27.782957077026367,2.3532023429870605,0.25,0.0,30,2,7,1,372
9,50,86,27.49851417541504,27.782957077026367,2.3532023429870605,0.25,0.0,30,2,7,1,380
9,50,87,27.49851417541504,27.782957077026367,2.3532023429870605,0.25,0.0,30,2,7,1,386
9,50,88,27.49851417541504,27.782957077026367,2.3532023429870605,0.25,0.0,30,2,7,1,391
9,50,89,27.49851417541504,27.782957077026367,2.3532023429870605,0.25,0.0,30,2,7,1,398
9,50,90,27.49851417541504,27.782957077026367,2.3532023429870605,0.25,0.0,30,2,7,1,402
9,50,91,27.49851417541504,27.782957077026367,2.3532023429870605,0.25,0.0,30,2,7,1,407
9,50,92,27.49851417541504,27.782957077026367,2.3532023429870605,0.25,0.0,30,2,7,1,413
9,50,93,27.49851417541504,27.782957077026367,2.3532023429870605,0.25,0.0,30,2,7,1,416
9,50,94,27.49851417541504,27.782957077026367,2.3532023429870605,0.25,0.0,31,2,7,0,424
10,51,1,25.971050262451172,28.057424545288086,2.830720901489258,1.0,0.15000000596046448,0,0,0,40,1
10,51,2,26.45689582824707,27.842493057250977,2.454549789428711,1.0,0.15000000596046448,1,0,0,39,1
10,51,3,26.45689582824707,27.842493057250977,2.454549789428711,1.0,0.15000000596046448,1,1,0,38,2
10,51,4,26.45689582824707,27.842493057250977,2.454549789428711,1.0,0.15000000596046448,2,2,0,36,3
10,51,5,26.45689582824707,27.842493057250977,2.454549789428711,1.0,0.15000000596046448,2,3,0,35,3
10,51,6,26.45689582824707,27.842493057250977,2.454549789428711,1.0,0.15000000596046448,2,3,0,35,3
10,51,7,26.45689582824707,27.842493057250977,2.454549789428711,1.0,0.15000000596046448,3,3,0,34,4
10,51,8,26.27320098876953,27.86920166015625,2.4944097995758057,1.0,0.10000000149011612,3,3,0,34,4
10,51,9,26.406646728515625,27.839540481567383,2.4497125148773193,1.0,0.10000000149011612,3,4,0,33,4
10,51,10,26.406646728515625,27.839540481567383,2.4497125148773193,1.0,0.10000000149011612,3,4,0,33,4
10,51,11,26.406646728515625,27.839540481567383,2.4497125148773193,1.0,0.10000000149011612,3,5,0,32,5
10,51,12,26.406646728515625,27.839540481567383,2.4497125148773193,1.0,0.10000000149011612,3,6,0,31,7
10,51,13,26.406646728515625,27.839540481567383,2.4497125148773193,1.0,0.10000000149011612,3,6,0,31,8
10,51,14,26.224485397338867,27.866111755371094,2.4896271228790283,1.0,0.05000000074505806,3,6,0,31,8
10,51,15,26.35731315612793,27.83656883239746,2.4449892044067383,1.0,0.05000000074505806,3,6,0,31,9
10,51,16,26.35731315612793,27.83656883239746,2.4449892044067383,1.0,0.05000000074505806,4,6,0,30,12
10,51,17,26.35731315612793,27.83656883239746,2.4449892044067383,1.0,0.05000000074505806,4,6,0,30,14
10,51,18,26.35731315612793,27.83656883239746,2.4449892044067383,1.0,0.05000000074505806,4,6,0,30,15
10,51,19,26.35731315612793,27.83656883239746,2.4449892044067383,1.0,0.05000000074505806,5,8,0,27,20
10,51,20,26.35731315612793,27.83656883239746,2.4449892044067383,1.0,0.05000000074505806,5,8,0,27,23
10,51,21,26.35731315612793,27.83656883239746,2.4449892044067383,1.0,0.05000000074505806,6,8,0,26,27
10,51,22,26.176746368408203,27.86298942565918,2.4849443435668945,1.0,0.0,7,8,0,25,30
10,51,23,26.30893325805664,27.83357810974121,2.4403908252716064,1.0,0.0,7,9,0,24,31
10,51,24,26.367881774902344,27.72254753112793,2.578826904296875,0.949999988079071,0.0,7,10,0,23,34
10,51,25,26.440563201904297,27.718896865844727,2.5735297203063965,0.8999999761581421,0.0,7,10,0,23,37
10,51,26,26.452775955200195,27.827295303344727,2.4284114837646484,0.8999999761581421,0.0,7,12,0,21,43
10,51,27,26.452775955200195,27.827295303344727,2.4284114837646484,0.8999999761581421,0.0,8,12,1,19,47
10,51,28,26.452775955200195,27.827295303344727,2.4284114837646484,0.8999999761581421,0.0,8,12,1,19,53
10,51,29,26.452775955200195,27.827295303344727,2.4284114837646484,0.8999999761581421,0.0,8,12,2,18,61
10,51,30,26.514728546142578,27.715227127075195,2.5682015419006348,0.8500000238418579,0.0,9,12,2,17,65
10,51,31,26.590312957763672,27.711545944213867,2.5628437995910645,0.800000011920929,0.0,9,12,2,17,66
10,51,32,26.60256576538086,27.8207950592041,2.416477680206299,0.800000011920929,0.0,9,12,3,16,69
10,51,33,26.60256576538086,27.8207950592041,2.416477680206299,0.800000011920929,0.0,9,12,3,16,71
10,51,34,26.60256576538086,27.8207950592041,2.416477680206299,0.800000011920929,0.0,9,12,4,15,74
10,51,35,26.60256576538086,27.8207950592041,2.416477680206299,0.800000011920929,0.0,9,12,4,15,76
10,51,36,26.60256576538086,27.8207950592041,2.416477680206299,0.800000011920929,0.0,9,12,4,15,79
10,51,37,26.667234420776367,27.707860946655273,2.557457685470581,0.75,0.0,9,12,5,14,86
10,51,38,26.679513931274414,27.817474365234375,2.4105396270751953,0.75,0.0,9,12,5,14,86
10,51,39,26.679513931274414,27.817474365234375,2.4105396270751953,0.75,0.0,9,12,5,14,89
10,51,40,26.679513931274414,27.817474365234375,2.4105396270751953,0.75,0.0,9,12,5,14,91
10,51,41,26.745407104492188,27.704174041748047,2.552044630050659,0.699999988079071,0.0,9,12,5,14,93
10,51,42,26.82472801208496,27.700498580932617,2.5466060638427734,0.6499999761581421,0.0,10,12,6,12,96
10,51,43,26.83706283569336,27.810714721679688,2.3987433910369873,0.6499999761581421,0.0,11,12,6,11,100
10,51,44,26.83706283569336,27.810714721679688,2.3987433910369873,0.6499999761581421,0.0,12,12,6,10,106
10,51,45,26.83706283569336,27.810714721679688,2.3987433910369873,0.6499999761581421,0.0,13,12,7,8,109
10,51,46,26.83706283569336,27.810714721679688,2.3987433910369873,0.6499999761581421,0.0,13,12,7,8,110
10,51,47,26.83706283569336,27.810714721679688,2.3987433910369873,0.6499999761581421,0.0,13,12,7,8,114
10,51,48,26.83706283569336,27.810714721679688,2.3987433910369873,0.6499999761581421,0.0,13,12,7,8,117
10,51,49,26.83706283569336,27.810714721679688,2.3987433910369873,0.6499999761581421,0.0,13,12,7,8,117
10,51,50,26.83706283569336,27.810714721679688,2.3987433910369873,0.6499999761581421,0.0,13,12,7,8,120
10,51,51,26.90509033203125,27.69683837890625,2.5411434173583984,0.6000000238418579,0.0,13,12,7,8,122
10,51,52,26.917455673217773,27.807287216186523,2.3928940296173096,0.6000000238418579,0.0,15,12,7,6,124
10,51,53,26.917455673217773,27.807287216186523,2.3928940296173096,0.6000000238418579,0.0,15,12,7,6,130
10,51,54,26.98637580871582,27.693199157714844,2.5356578826904297,0.550000011920929,0.0,15,12,7,6,135
10,51,55,26.99877166748047,27.803836822509766,2.387082815170288,0.550000011920929,0.0,15,12,7,6,139
10,51,56,26.99877166748047,27.803836822509766,2.387082815170288,0.550000011920929,0.0,16,12,7,5,141
10,51,57,26.99877166748047,27.803836822509766,2.387082815170288,0.550000011920929,0.0,16,12,7,5,146
10,51,58,26.99877166748047,27.803836822509766,2.387082815170288,0.550000011920929,0.0,16,12,7,5,149
10,51,59,26.99877166748047,27.803836822509766,2.387082815170288,0.550000011920929,0.0,16,12,7,5,153
10,51,60,26.99877166748047,27.803836822509766,2.387082815170288,0.550000011920929,0.0,16,12,7,5,156
10,51,61,26.99877166748047,27.803836822509766,2.387082815170288,0.550000011920929,0.0,17,12,7,4,163
10,51,62,27.068456649780273,27.689590454101562,2.5301513671875,0.5,0.0,17,12,7,4,167
10,51,63,27.080883026123047,27.80036735534668,2.3813130855560303,0.5,0.0,17,12,7,4,169
10,51,64,27.080883026123047,27.80036735534668,2.3813130855560303,0.5,0.0,17,12,7,4,170
10,51,65,27.080883026123047,27.80036735534668,2.3813130855560303,0.5,0.0,17,12,7,4,173
10,51,66,27.080883026123047,27.80036735534668,2.3813130855560303,0.5,0.0,17,12,7,4,176
10,51,67,27.151201248168945,27.686019897460938,2.524624824523926,0.44999998807907104,0.0,17,12,7,4,183
10,51,68,27.163658142089844,27.796884536743164,2.3755886554718018,0.44999998807907104,0.0,17,12,7,4,192
10,51,69,27.163658142089844,27.796884536743164,2.3755886554718018,0.44999998807907104,0.0,17,12,7,4,200
10,51,70,27.234466552734375,27.682491302490234,2.51908016204834,0.4000000059604645,0.0,17,12,7,4,204
10,51,71,27.24695587158203,27.79339599609375,2.36991286277771,0.4000000059604645,0.0,17,12,7,4,213
10,51,72,27.24695587158203,27.79339599609375,2.36991286277771,0.4000000059604645,0.0,17,12,7,4,218
10,51,73,27.24695587158203,27.79339599609375,2.36991286277771,0.4000000059604645,0.0,17,12,7,4,223
10,51,74,27.3181095123291,27.679014205932617,2.513518810272217,0.3499999940395355,0.0,18,12,7,3,226
10,51,75,27.330629348754883,27.789907455444336,2.364288091659546,0.3499999940395355,0.0,18,12,7,3,231
10,51,76,27.330629348754883,27.789907455444336,2.364288091659546,0.3499999940395355,0.0,18,12,7,3,239
10,51,77,27.401979446411133,27.675594329833984,2.5079429149627686,0.30000001192092896,0.0,18,12,7,3,248
10,51,78,27.414533615112305,27.786426544189453,2.358717203140259,0.30000001192092896,0.0,18,12,7,3,255
10,51,79,27.414533615112305,27.786426544189453,2.358717203140259,0.30000001192092896,0.0,18,12,7,3,259
10,51,80,27.414533615112305,27.786426544189453,2.358717203140259,0.30000001192092896,0.0,18,12,7,3,267
10,51,81,27.414533615112305,27.786426544189453,2.358717203140259,0.30000001192092896,0.0,18,12,7,3,275
10,51,82,27.414533615112305,27.786426544189453,2.358717203140259,0.30000001192092896,0.0,18,12,7,3,281
10,51,83,27.414533615112305,27.786426544189453,2.358717203140259,0.30000001192092896,0.0,18,12,7,3,292
10,51,84,27.414533615112305,27.786426544189453,2.358717203140259,0.30000001192092896,0.0,19,12,7,2,299
10,51,85,27.414533615112305,27.786426544189453,2.358717203140259,0.30000001192092896,0.0,19,12,7,2,308
10,51,86,27.414533615112305,27.786426544189453,2.358717203140259,0.30000001192092896,0.0,19,12,7,2,313
10,51,87,27.414533615112305,27.786426544189453,2.358717203140259,0.30000001192092896,0.0,19,12,7,2,323
10,51,88,27.414533615112305,27.786426544189453,2.358717203140259,0.30000001192092896,0.0,19,12,7,2,330
10,51,89,27.414533615112305,27.786426544189453,2.358717203140259,0.30000001192092896,0.0,19,12,7,2,339
10,51,90,27.414533615112305,27.786426544189453,2.358717203140259,0.30000001192092896,0.0,19,12,7,2,352
10,51,91,27.48592758178711,27.672237396240234,2.502354145050049,0.25,0.0,19,12,7,2,356
10,51,92,27.49851417541504,27.782957077026367,2.3532023429870605,0.25,0.0,19,12,7,2,361
10,51,93,27.49851417541504,27.782957077026367,2.3532023429870605,0.25,0.0,19,12,7,2,365
10,51,94,27.49851417541504,27.782957077026367,2.3532023429870605,0.25,0.0,20,12,7,1,372
10,51,95,27.49851417541504,27.782957077026367,2.3532023429870605,0.25,0.0,20,12,7,1,383
10,51,96,27.49851417541504,27.782957077026367,2.3532023429870605,0.25,0.0,20,12,7,1,394
10,51,97,27.569801330566406,27.668949127197266,2.4967546463012695,0.20000000298023224,0.0,21,12,7,0,399
11,52,1,25.971050262451172,28.057424545288086,2.830720901489258,1.0,0.15000000596046448,0,0,0,40,2
11,52,2,26.45689582824707,27.842493057250977,2.454549789428711,1.0,0.15000000596046448,0,0,0,40,2
11,52,3,26.45689582824707,27.842493057250977,2.454549789428711,1.0,0.15000000596046448,0,0,0,40,2
11,52,4,26.45689582824707,27.842493057250977,2.454549789428711,1.0,0.15000000596046448,1,0,0,39,3
11,52,5,26.45689582824707,27.842493057250977,2.454549789428711,1.0,0.15000000596046448,1,1,0,38,5
11,52,6,26.27320098876953,27.86920166015625,2.4944097995758057,1.0,0.10000000149011612,1,1,0,38,6
11,52,7,26.406646728515625,27.839540481567383,2.4497125148773193,1.0,0.10000000149011612,2,1,0,37,8
11,52,8,26.406646728515625,27.839540481567383,2.4497125148773193,1.0,0.10000000149011612,2,2,0,36,9
11,52,9,26.224485397338867,27.866111755371094,2.4896271228790283,1.0,0.05000000074505806,2,2,0,36,10
11,52,10,26.176746368408203,27.86298942565918,2.4849443435668945,1.0,0.0,3,2,1,34,11
11,52,11,26.30893325805664,27.83357810974121,2.4403908252716064,1.0,0.0,3,3,1,33,14
11,52,12,26.30893325805664,27.83357810974121,2.4403908252716064,1.0,0.0,3,4,1,32,15
11,52,13,26.30893325805664,27.83357810974121,2.4403908252716064,1.0,0.0,3,4,1,32,18
11,52,14,26.30893325805664,27.83357810974121,2.4403908252716064,1.0,0.0,4,5,1,30,19
11,52,15,26.30893325805664,27.83357810974121,2.4403908252716064,1.0,0.0,4,5,1,30,21
11,52,16,26.30893325805664,27.83357810974121,2.4403908252716064,1.0,0.0,4,6,1,29,26
11,52,17,26.30893325805664,27.83357810974121,2.4403908252716064,1.0,0.0,4,7,1,28,31
11,52,18,26.30893325805664,27.83357810974121,2.4403908252716064,1.0,0.0,4,7,1,28,34
11,52,19,26.30893325805664,27.83357810974121,2.4403908252716064,1.0,0.0,4,7,1,28,36
11,52,20,26.30893325805664,27.83357810974121,2.4403908252716064,1.0,0.0,4,7,1,28,40
11,52,21,26.30893325805664,27.83357810974121,2.4403908252716064,1.0,0.0,4,7,3,26,44
11,52,22,26.30893325805664,27.83357810974121,2.4403908252716064,1.0,0.0,4,7,3,26,48
11,52,23,26.30893325805664,27.83357810974121,2.4403908252716064,1.0,0.0,4,7,3,26,53
11,52,24,26.367881774902344,27.72254753112793,2.578826904296875,0.949999988079071,0.0,5,7,3,25,58
11,52,25,26.380081176757812,27.830467224121094,2.4343979358673096,0.949999988079071,0.0,6,7,3,24,62
11,52,26,26.380081176757812,27.830467224121094,2.4343979358673096,0.949999988079071,0.0,7,7,3,23,65
11,52,27,26.380081176757812,27.830467224121094,2.4343979358673096,0.949999988079071,0.0,7,7,3,23,71
11,52,28,26.380081176757812,27.830467224121094,2.4343979358673096,0.949999988079071,0.0,8,7,3,22,75
11,52,29,26.440563201904297,27.718896865844727,2.5735297203063965,0.8999999761581421,0.0,8,7,3,22,79
11,52,30,26.514728546142578,27.715227127075195,2.5682015419006348,0.8500000238418579,0.0,8,7,3,22,82
11,52,31,26.526960372924805,27.82406997680664,2.4224367141723633,0.8500000238418579,0.0,8,7,3,22,85
11,52,32,26.526960372924805,27.82406997680664,2.4224367141723633,0.8500000238418579,0.0,8,7,3,22,87
11,52,33,26.590312957763672,27.711545944213867,2.5628437995910645,0.800000011920929,0.0,8,7,4,21,94
11,52,34,26.60256576538086,27.8207950592041,2.416477680206299,0.800000011920929,0.0,8,7,4,21,96
11,52,35,26.60256576538086,27.8207950592041,2.416477680206299,0.800000011920929,0.0,9,7,4,20,101
11,52,36,26.60256576538086,27.8207950592041,2.416477680206299,0.800000011920929,0.0,10,7,4,19,105
11,52,37,26.60256576538086,27.8207950592041,2.416477680206299,0.800000011920929,0.0,12,7,4,17,110
11,52,38,26.60256576538086,27.8207950592041,2.416477680206299,0.800000011920929,0.0,12,7,4,17,115
11,52,39,26.60256576538086,27.8207950592041,2.416477680206299,0.800000011920929,0.0,12,7,4,17,118
11,52,40,26.60256576538086,27.8207950592041,2.416477680206299,0.800000011920929,0.0,14,7,4,15,120
11,52,41,26.60256576538086,27.8207950592041,2.416477680206299,0.800000011920929,0.0,14,7,4,15,123
11,52,42,26.60256576538086,27.8207950592041,2.416477680206299,0.800000011920929,0.0,14,7,4,15,126
11,52,43,26.60256576538086,27.8207950592041,2.416477680206299,0.800000011920929,0.0,14,7,4,15,130
11,52,44,26.667234420776367,27.707860946655273,2.557457685470581,0.75,0.0,15,7,4,14,134
11,52,45,26.679513931274414,27.817474365234375,2.4105396270751953,0.75,0.0,16,7,4,13,141
11,52,46,26.679513931274414,27.817474365234375,2.4105396270751953,0.75,0.0,16,7,4,13,147
11,52,47,26.745407104492188,27.704174041748047,2.552044630050659,0.699999988079071,0.0,17,7,4,12,152
11,52,48,26.75771141052246,27.814111709594727,2.4046266078948975,0.699999988079071,0.0,17,7,4,12,156
11,52,49,26.75771141052246,27.814111709594727,2.4046266078948975,0.699999988079071,0.0,18,7,4,11,160
11,52,50,26.75771141052246,27.814111709594727,2.4046266078948975,0.699999988079071,0.0,18,7,4,11,163
11,52,51,26.75771141052246,27.814111709594727,2.4046266078948975,0.699999988079071,0.0,18,7,4,11,171
11,52,52,26.75771141052246,27.814111709594727,2.4046266078948975,0.699999988079071,0.0,18,7,4,11,175
11,52,53,26.82472801208496,27.700498580932617,2.5466060638427734,0.6499999761581421,0.0,19,7,4,10,183
11,52,54,26.83706283569336,27.810714721679688,2.3987433910369873,0.6499999761581421,0.0,19,7,4,10,186
11,52,55,26.83706283569336,27.810714721679688,2.3987433910369873,0.6499999761581421,0.0,19,7,4,10,189
11,52,56,26.83706283569336,27.810714721679688,2.3987433910369873,0.6499999761581421,0.0,19,7,4,10,195
11,52,57,26.83706283569336,27.810714721679688,2.3987433910369873,0.6499999761581421,0.0,19,7,4,10,198
11,52,58,26.90509033203125,27.69683837890625,2.5411434173583984,0.6000000238418579,0.0,19,7,4,10,200
11,52,59,26.98637580871582,27.693199157714844,2.5356578826904297,0.550000011920929,0.0,20,7,4,9,204
11,52,60,26.99877166748047,27.803836822509766,2.387082815170288,0.550000011920929,0.0,20,7,4,9,206
11,52,61,26.99877166748047,27.803836822509766,2.387082815170288,0.550000011920929,0.0,21,7,4,8,210
11,52,62,26.99877166748047,27.803836822509766,2.387082815170288,0.550000011920929,0.0,21,7,4,8,218
11,52,63,27.068456649780273,27.689590454101562,2.5301513671875,0.5,0.0,21,7,4,8,220
11,52,64,27.080883026123047,27.80036735534668,2.3813130855560303,0.5,0.0,21,7,4,8,228
11,52,65,27.080883026123047,27.80036735534668,2.3813130855560303,0.5,0.0,22,7,4,7,235
11,52,66,27.080883026123047,27.80036735534668,2.3813130855560303,0.5,0.0,23,7,4,6,239
11,52,67,27.080883026123047,27.80036735534668,2.3813130855560303,0.5,0.0,23,7,4,6,247
11,52,68,27.080883026123047,27.80036735534668,2.3813130855560303,0.5,0.0,23,7,4,6,256
11,52,69,27.080883026123047,27.80036735534668,2.3813130855560303,0.5,0.0,23,7,4,6,261
11,52,70,27.080883026123047,27.80036735534668,2.3813130855560303,0.5,0.0,24,7,4,5,267
11,52,71,27.080883026123047,27.80036735534668,2.3813130855560303,0.5,0.0,25,7,4,4,274
11,52,72,27.080883026123047,27.80036735534668,2.3813130855560303,0.5,0.0,26,7,4,3,281
11,52,73,27.080883026123047,27.80036735534668,2.3813130855560303,0.5,0.0,26,7,4,3,288
11,52,74,27.080883026123047,27.80036735534668,2.3813130855560303,0.5,0.0,26,7,4,3,295
11,52,75,27.080883026123047,27.80036735534668,2.3813130855560303,0.5,0.0,28,7,4,1,307
11,52,76,27.080883026123047,27.80036735534668,2.3813130855560303,0.5,0.0,28,7,4,1,309
11,52,77,27.080883026123047,27.80036735534668,2.3813130855560303,0.5,0.0,28,7,4,1,313
11,52,78,27.151201248168945,27.686019897460938,2.524624824523926,0.44999998807907104,0.0,28,7,4,1,321
11,52,79,27.163658142089844,27.796884536743164,2.3755886554718018,0.44999998807907104,0.0,28,7,4,1,326
11,52,80,27.163658142089844,27.796884536743164,2.3755886554718018,0.44999998807907104,0.0,28,7,4,1,332
11,52,81,27.234466552734375,27.682491302490234,2.51908016204834,0.4000000059604645,0.0,28,7,4,1,339
11,52,82,27.24695587158203,27.79339599609375,2.36991286277771,0.4000000059604645,0.0,28,7,4,1,346
11,52,83,27.24695587158203,27.79339599609375,2.36991286277771,0.4000000059604645,0.0,28,7,4,1,356
11,52,84,27.3181095123291,27.679014205932617,2.513518810272217,0.3499999940395355,0.0,29,7,4,0,366
12,53,1,25.92626953125,28.053895950317383,2.8259267807006836,1.0,0.05000000074505806,0,0,0,40,1
12,53,2,26.35731315612793,27.83656883239746,2.4449892044067383,1.0,0.05000000074505806,0,0,0,40,2
12,53,3,26.35731315612793,27.83656883239746,2.4449892044067383,1.0,0.05000000074505806,0,0,0,40,2
12,53,4,26.35731315612793,27.83656883239746,2.4449892044067383,1.0,0.05000000074505806,1,0,0,39,4
12,53,5,26.176746368408203,27.86298942565918,2.4849443435668945,1.0,0.0,1,0,0,39,4
12,53,6,26.30893325805664,27.83357810974121,2.4403908252716064,1.0,0.0,2,0,0,38,5
12,53,7,26.30893325805664,27.83357810974121,2.4403908252716064,1.0,0.0,2,1,0,37,6
12,53,8,26.30893325805664,27.83357810974121,2.4403908252716064,1.0,0.0,3,1,0,36,7
12,53,9,26.30893325805664,27.83357810974121,2.4403908252716064,1.0,0.0,3,1,0,36,7
12,53,10,26.30893325805664,27.83357810974121,2.4403908252716064,1.0,0.0,3,1,0,36,8
12,53,11,26.30893325805664,27.83357810974121,2.4403908252716064,1.0,0.0,3,1,0,36,8
12,53,12,26.30893325805664,27.83357810974121,2.4403908252716064,1.0,0.0,4,1,0,35,10
12,53,13,26.30893325805664,27.83357810974121,2.4403908252716064,1.0,0.0,4,1,0,35,10
12,53,14,26.30893325805664,27.83357810974121,2.4403908252716064,1.0,0.0,5,2,1,32,12
12,53,15,26.30893325805664,27.83357810974121,2.4403908252716064,1.0,0.0,6,2,3,29,16
12,53,16,26.30893325805664,27.83357810974121,2.4403908252716064,1.0,0.0,6,2,3,29,19
12,53,17,26.30893325805664,27.83357810974121,2.4403908252716064,1.0,0.0,7,2,3,28,23
12,53,18,26.30893325805664,27.83357810974121,2.4403908252716064,1.0,0.0,7,2,3,28,28
12,53,19,26.30893325805664,27.83357810974121,2.4403908252716064,1.0,0.0,7,3,3,27,31
12,53,20,26.30893325805664,27.83357810974121,2.4403908252716064,1.0,0.0,9,3,3,25,33
12,53,21,26.30893325805664,27.83357810974121,2.4403908252716064,1.0,0.0,9,3,3,25,34
12,53,22,26.30893325805664,27.83357810974121,2.4403908252716064,1.0,0.0,9,3,3,25,36
12,53,23,26.30893325805664,27.83357810974121,2.4403908252716064,1.0,0.0,9,3,4,24,40
12,53,24,26.30893325805664,27.83357810974121,2.4403908252716064,1.0,0.0,10,3,4,23,42
12,53,25,26.30893325805664,27.83357810974121,2.4403908252716064,1.0,0.0,10,3,5,22,47
12,53,26,26.30893325805664,27.83357810974121,2.4403908252716064,1.0,0.0,10,3,5,22,48
12,53,27,26.30893325805664,27.83357810974121,2.4403908252716064,1.0,0.0,10,3,6,21,51
12,53,28,26.30893325805664,27.83357810974121,2.4403908252716064,1.0,0.0,10,3,8,19,54
12,53,29,26.30893325805664,27.83357810974121,2.4403908252716064,1.0,0.0,12,3,8,17,56
12,53,30,26.30893325805664,27.83357810974121,2.4403908252716064,1.0,0.0,12,3,8,17,58
12,53,31,26.30893325805664,27.83357810974121,2.4403908252716064,1.0,0.0,12,3,8,17,65
12,53,32,26.30893325805664,27.83357810974121,2.4403908252716064,1.0,0.0,12,3,9,16,69
12,53,33,26.30893325805664,27.83357810974121,2.4403908252716064,1.0,0.0,12,3,10,15,71
12,53,34,26.30893325805664,27.83357810974121,2.4403908252716064,1.0,0.0,12,3,10,15,78
12,53,35,26.30893325805664,27.83357810974121,2.4403908252716064,1.0,0.0,12,3,11,14,84
12,53,36,26.30893325805664,27.83357810974121,2.4403908252716064,1.0,0.0,13,3,11,13,87
12,53,37,26.30893325805664,27.83357810974121,2.4403908252716064,1.0,0.0,13,3,11,13,88
12,53,38,26.30893325805664,27.83357810974121,2.4403908252716064,1.0,0.0,13,3,11,13,92
12,53,39,26.30893325805664,27.83357810974121,2.4403908252716064,1.0,0.0,14,3,11,12,97
12,53,40,26.30893325805664,27.83357810974121,2.4403908252716064,1.0,0.0,14,3,11,12,100
12,53,41,26.30893325805664,27.83357810974121,2.4403908252716064,1.0,0.0,14,3,11,12,104
12,53,42,26.30893325805664,27.83357810974121,2.4403908252716064,1.0,0.0,14,3,11,12,108
12,53,43,26.30893325805664,27.83357810974121,2.4403908252716064,1.0,0.0,14,3,11,12,111
12,53,44,26.30893325805664,27.83357810974121,2.4403908252716064,1.0,0.0,14,3,11,12,114
12,53,45,26.30893325805664,27.83357810974121,2.4403908252716064,1.0,0.0,14,3,11,12,119
12,53,46,26.30893325805664,27.83357810974121,2.4403908252716064,1.0,0.0,15,3,11,11,120
12,53,47,26.30893325805664,27.83357810974121,2.4403908252716064,1.0,0.0,17,3,11,9,124
12,53,48,26.30893325805664,27.83357810974121,2.4403908252716064,1.0,0.0,17,3,11,9,127
12,53,49,26.30893325805664,27.83357810974121,2.4403908252716064,1.0,0.0,17,3,11,9,131
12,53,50,26.30893325805664,27.83357810974121,2.4403908252716064,1.0,0.0,17,3,11,9,140
12,53,51,26.30893325805664,27.83357810974121,2.4403908252716064,1.0,0.0,17,3,11,9,142
12,53,52,26.30893325805664,27.83357810974121,2.4403908252716064,1.0,0.0,18,3,11,8,143
12,53,53,26.30893325805664,27.83357810974121,2.4403908252716064,1.0,0.0,18,3,11,8,152
12,53,54,26.367881774902344,27.72254753112793,2.578826904296875,0.949999988079071,0.0,19,3,11,7,154
12,53,55,26.380081176757812,27.830467224121094,2.4343979358673096,0.949999988079071,0.0,19,3,11,7,160
12,53,56,26.440563201904297,27.718896865844727,2.5735297203063965,0.8999999761581421,0.0,19,3,11,7,164
12,53,57,26.452775955200195,27.827295303344727,2.4284114837646484,0.8999999761581421,0.0,19,3,11,7,169
12,53,58,26.452775955200195,27.827295303344727,2.4284114837646484,0.8999999761581421,0.0,19,3,11,7,175
12,53,59,26.514728546142578,27.715227127075195,2.5682015419006348,0.8500000238418579,0.0,19,3,11,7,177
12,53,60,26.526960372924805,27.82406997680664,2.4224367141723633,0.8500000238418579,0.0,19,3,11,7,182
12,53,61,26.526960372924805,27.82406997680664,2.4224367141723633,0.8500000238418579,0.0,20,3,11,6,183
12,53,62,26.526960372924805,27.82406997680664,2.4224367141723633,0.8500000238418579,0.0,20,3,11,6,186
12,53,63,26.526960372924805,27.82406997680664,2.4224367141723633,0.8500000238418579,0.0,20,3,11,6,191
12,53,64,26.526960372924805,27.82406997680664,2.4224367141723633,0.8500000238418579,0.0,20,3,11,6,198
12,53,65,26.526960372924805,27.82406997680664,2.4224367141723633,0.8500000238418579,0.0,20,3,11,6,201
12,53,66,26.590312957763672,27.711545944213867,2.5628437995910645,0.800000011920929,0.0,21,3,11,5,203
12,53,67,26.60256576538086,27.8207950592041,2.416477680206299,0.800000011920929,0.0,21,3,11,5,211
12,53,68,26.667234420776367,27.707860946655273,2.557457685470581,0.75,0.0,21,3,11,5,215
12,53,69,26.679513931274414,27.817474365234375,2.4105396270751953,0.75,0.0,21,3,11,5,219
12,53,70,26.745407104492188,27.704174041748047,2.552044630050659,0.699999988079071,0.0,21,3,11,5,220
12,53,71,26.75771141052246,27.814111709594727,2.4046266078948975,0.699999988079071,0.0,22,3,11,4,229
12,53,72,26.75771141052246,27.814111709594727,2.4046266078948975,0.699999988079071,0.0,22,3,11,4,231
12,53,73,26.75771141052246,27.814111709594727,2.4046266078948975,0.699999988079071,0.0,23,3,11,3,235
12,53,74,26.75771141052246,27.814111709594727,2.4046266078948975,0.699999988079071,0.0,23,3,11,3,239
12,53,75,26.75771141052246,27.814111709594727,2.4046266078948975,0.699999988079071,0.0,23,3,11,3,244
12,53,76,26.75771141052246,27.814111709594727,2.4046266078948975,0.699999988079071,0.0,23,3,11,3,252
12,53,77,26.75771141052246,27.814111709594727,2.4046266078948975,0.699999988079071,0.0,23,3,12,2,261
12,53,78,26.82472801208496,27.700498580932617,2.5466060638427734,0.6499999761581421,0.0,23,3,12,2,266
12,53,79,26.83706283569336,27.810714721679688,2.3987433910369873,0.6499999761581421,0.0,23,3,12,2,271
12,53,80,26.83706283569336,27.810714721679688,2.3987433910369873,0.6499999761581421,0.0,23,3,12,2,276
12,53,81,26.90509033203125,27.69683837890625,2.5411434173583984,0.6000000238418579,0.0,24,3,12,1,278
12,53,82,26.917455673217773,27.807287216186523,2.3928940296173096,0.6000000238418579,0.0,24,3,12,1,282
12,53,83,26.917455673217773,27.807287216186523,2.3928940296173096,0.6000000238418579,0.0,25,3,12,0,289
13,54,1,25.948577880859375,28.055681228637695,2.828331470489502,1.0,0.10000000149011612,0,0,0,40,1
13,54,2,26.406646728515625,27.839540481567383,2.4497125148773193,1.0,0.10000000149011612,0,0,0,40,1
13,54,3,26.406646728515625,27.839540481567383,2.4497125148773193,1.0,0.10000000149011612,0,0,0,40,2
13,54,4,26.224485397338867,27.866111755371094,2.4896271228790283,1.0,0.05000000074505806,0,2,0,38,2
13,54,5,26.35731315612793,27.83656883239746,2.4449892044067383,1.0,0.05000000074505806,0,3,0,37,3
13,54,6,26.176746368408203,27.86298942565918,2.4849443435668945,1.0,0.0,0,3,0,37,3
13,54,7,26.30893325805664,27.83357810974121,2.4403908252716064,1.0,0.0,0,3,0,37,3
13,54,8,26.30893325805664,27.83357810974121,2.4403908252716064,1.0,0.0,2,3,0,35,3
13,54,9,26.30893325805664,27.83357810974121,2.4403908252716064,1.0,0.0,3,3,0,34,4
13,54,10,26.30893325805664,27.83357810974121,2.4403908252716064,1.0,0.0,3,4,1,32,5
13,54,11,26.30893325805664,27.83357810974121,2.4403908252716064,1.0,0.0,4,4,1,31,5
13,54,12,26.30893325805664,27.83357810974121,2.4403908252716064,1.0,0.0,4,5,1,30,5
13,54,13,26.30893325805664,27.83357810974121,2.4403908252716064,1.0,0.0,5,5,1,29,7
13,54,14,26.30893325805664,27.83357810974121,2.4403908252716064,1.0,0.0,5,5,1,29,10
13,54,15,26.30893325805664,27.83357810974121,2.4403908252716064,1.0,0.0,5,5,1,29,12
13,54,16,26.30893325805664,27.83357810974121,2.4403908252716064,1.0,0.0,6,5,1,28,13
13,54,17,26.30893325805664,27.83357810974121,2.4403908252716064,1.0,0.0,6,5,1,28,14
13,54,18,26.30893325805664,27.83357810974121,2.4403908252716064,1.0,0.0,6,5,2,27,15
13,54,19,26.30893325805664,27.83357810974121,2.4403908252716064,1.0,0.0,7,5,2,26,16
13,54,20,26.30893325805664,27.83357810974121,2.4403908252716064,1.0,0.0,8,5,2,25,19
13,54,21,26.30893325805664,27.83357810974121,2.4403908252716064,1.0,0.0,8,5,2,25,20
13,54,22,26.30893325805664,27.83357810974121,2.4403908252716064,1.0,0.0,8,5,3,24,22
13,54,23,26.30893325805664,27.83357810974121,2.4403908252716064,1.0,0.0,8,5,3,24,23
13,54,24,26.30893325805664,27.83357810974121,2.4403908252716064,1.0,0.0,8,5,4,23,24
13,54,25,26.30893325805664,27.83357810974121,2.4403908252716064,1.0,0.0,9,5,4,22,25
13,54,26,26.30893325805664,27.83357810974121,2.4403908252716064,1.0,0.0,10,5,4,21,25
13,54,27,26.30893325805664,27.83357810974121,2.4403908252716064,1.0,0.0,10,5,4,21,28
13,54,28,26.30893325805664,27.83357810974121,2.4403908252716064,1.0,0.0,10,5,5,20,31
13,54,29,26.30893325805664,27.83357810974121,2.4403908252716064,1.0,0.0,10,5,5,20,31
13,54,30,26.30893325805664,27.83357810974121,2.4403908252716064,1.0,0.0,10,5,5,20,32
13,54,31,26.30893325805664,27.83357810974121,2.4403908252716064,1.0,0.0,12,5,5,18,36
13,54,32,26.30893325805664,27.83357810974121,2.4403908252716064,1.0,0.0,12,5,7,16,42
13,54,33,26.30893325805664,27.83357810974121,2.4403908252716064,1.0,0.0,12,5,7,16,46
13,54,34,26.30893325805664,27.83357810974121,2.4403908252716064,1.0,0.0,12,5,7,16,47
13,54,35,26.30893325805664,27.83357810974121,2.4403908252716064,1.0,0.0,12,5,7,16,50
13,54,36,26.30893325805664,27.83357810974121,2.4403908252716064,1.0,0.0,14,5,7,14,59
13,54,37,26.30893325805664,27.83357810974121,2.4403908252716064,1.0,0.0,14,5,7,14,64
13,54,38,26.30893325805664,27.83357810974121,2.4403908252716064,1.0,0.0,15,5,9,11,72
13,54,39,26.30893325805664,27.83357810974121,2.4403908252716064,1.0,0.0,16,5,9,10,75
13,54,40,26.30893325805664,27.83357810974121,2.4403908252716064,1.0,0.0,16,5,9,10,80
13,54,41,26.30893325805664,27.83357810974121,2.4403908252716064,1.0,0.0,18,5,9,8,84
13,54,42,26.30893325805664,27.83357810974121,2.4403908252716064,1.0,0.0,18,5,9,8,89
13,54,43,26.30893325805664,27.83357810974121,2.4403908252716064,1.0,0.0,18,5,9,8,92
13,54,44,26.30893325805664,27.83357810974121,2.4403908252716064,1.0,0.0,19,5,9,7,96
13,54,45,26.30893325805664,27.83357810974121,2.4403908252716064,1.0,0.0,19,5,9,7,101
13,54,46,26.30893325805664,27.83357810974121,2.4403908252716064,1.0,0.0,19,5,9,7,106
13,54,47,26.30893325805664,27.83357810974121,2.4403908252716064,1.0,0.0,20,5,10,5,111
13,54,48,26.30893325805664,27.83357810974121,2.4403908252716064,1.0,0.0,21,5,10,4,115
13,54,49,26.30893325805664,27.83357810974121,2.4403908252716064,1.0,0.0,21,5,10,4,119
13,54,50,26.367881774902344,27.72254753112793,2.578826904296875,0.949999988079071,0.0,21,5,10,4,122
13,54,51,26.380081176757812,27.830467224121094,2.4343979358673096,0.949999988079071,0.0,21,5,10,4,125
13,54,52,26.380081176757812,27.830467224121094,2.4343979358673096,0.949999988079071,0.0,22,5,10,3,131
13,54,53,26.380081176757812,27.830467224121094,2.4343979358673096,0.949999988079071,0.0,22,5,10,3,132
13,54,54,26.380081176757812,27.830467224121094,2.4343979358673096,0.949999988079071,0.0,23,5,10,2,135
13,54,55,26.380081176757812,27.830467224121094,2.4343979358673096,0.949999988079071,0.0,23,5,10,2,138
13,54,56,26.440563201904297,27.718896865844727,2.5735297203063965,0.8999999761581421,0.0,23,5,10,2,140
13,54,57,26.452775955200195,27.827295303344727,2.4284114837646484,0.8999999761581421,0.0,23,5,10,2,145
13,54,58,26.452775955200195,27.827295303344727,2.4284114837646484,0.8999999761581421,0.0,23,5,10,2,151
13,54,59,26.514728546142578,27.715227127075195,2.5682015419006348,0.8500000238418579,0.0,24,5,10,1,155
13,54,60,26.590312957763672,27.711545944213867,2.5628437995910645,0.800000011920929,0.0,24,5,10,1,164
13,54,61,26.60256576538086,27.8207950592041,2.416477680206299,0.800000011920929,0.0,24,5,10,1,171
13,54,62,26.60256576538086,27.8207950592041,2.416477680206299,0.800000011920929,0.0,24,5,10,1,174
13,54,63,26.667234420776367,27.707860946655273,2.557457685470581,0.75,0.0,24,5,10,1,179
13,54,64,26.679513931274414,27.817474365234375,2.4105396270751953,0.75,0.0,24,5,10,1,183
13,54,65,26.679513931274414,27.817474365234375,2.4105396270751953,0.75,0.0,24,5,10,1,190
13,54,66,26.679513931274414,27.817474365234375,2.4105396270751953,0.75,0.0,24,5,10,1,199
13,54,67,26.679513931274414,27.817474365234375,2.4105396270751953,0.75,0.0,24,5,10,1,204
13,54,68,26.679513931274414,27.817474365234375,2.4105396270751953,0.75,0.0,24,5,10,1,208
13,54,69,26.679513931274414,27.817474365234375,2.4105396270751953,0.75,0.0,24,5,10,1,212
13,54,70,26.679513931274414,27.817474365234375,2.4105396270751953,0.75,0.0,24,5,10,1,219
13,54,71,26.679513931274414,27.817474365234375,2.4105396270751953,0.75,0.0,24,5,10,1,222
13,54,72,26.679513931274414,27.817474365234375,2.4105396270751953,0.75,0.0,24,5,10,1,229
13,54,73,26.679513931274414,27.817474365234375,2.4105396270751953,0.75,0.0,24,5,10,1,236
13,54,74,26.679513931274414,27.817474365234375,2.4105396270751953,0.75,0.0,24,5,10,1,242
13,54,75,26.679513931274414,27.817474365234375,2.4105396270751953,0.75,0.0,24,5,10,1,249
13,54,76,26.679513931274414,27.817474365234375,2.4105396270751953,0.75,0.0,24,5,10,1,252
13,54,77,26.679513931274414,27.817474365234375,2.4105396270751953,0.75,0.0,24,5,10,1,255
13,54,78,26.745407104492188,27.704174041748047,2.552044630050659,0.699999988079071,0.0,25,5,10,0,256
14,55,1,25.948577880859375,28.055681228637695,2.828331470489502,1.0,0.10000000149011612,0,0,0,40,2
14,55,2,26.406646728515625,27.839540481567383,2.4497125148773193,1.0,0.10000000149011612,1,0,0,39,2
14,55,3,26.406646728515625,27.839540481567383,2.4497125148773193,1.0,0.10000000149011612,2,0,0,38,2
14,55,4,26.406646728515625,27.839540481567383,2.4497125148773193,1.0,0.10000000149011612,2,0,0,38,2
14,55,5,26.406646728515625,27.839540481567383,2.4497125148773193,1.0,0.10000000149011612,2,0,0,38,2
14,55,6,26.406646728515625,27.839540481567383,2.4497125148773193,1.0,0.10000000149011612,2,0,0,38,2
14,55,7,26.406646728515625,27.839540481567383,2.4497125148773193,1.0,0.10000000149011612,2,0,0,38,2
14,55,8,26.406646728515625,27.839540481567383,2.4497125148773193,1.0,0.10000000149011612,2,0,0,38,3
14,55,9,26.406646728515625,27.839540481567383,2.4497125148773193,1.0,0.10000000149011612,2,0,0,38,3
14,55,10,26.406646728515625,27.839540481567383,2.4497125148773193,1.0,0.10000000149011612,2,0,0,38,4
14,55,11,26.406646728515625,27.839540481567383,2.4497125148773193,1.0,0.10000000149011612,2,0,0,38,6
14,55,12,26.406646728515625,27.839540481567383,2.4497125148773193,1.0,0.10000000149011612,2,0,0,38,9
14,55,13,26.406646728515625,27.839540481567383,2.4497125148773193,1.0,0.10000000149011612,2,0,0,38,13
14,55,14,26.224485397338867,27.866111755371094,2.4896271228790283,1.0,0.05000000074505806,4,0,0,36,14
14,55,15,26.35731315612793,27.83656883239746,2.4449892044067383,1.0,0.05000000074505806,4,1,0,35,18
14,55,16,26.35731315612793,27.83656883239746,2.4449892044067383,1.0,0.05000000074505806,4,1,0,35,22
14,55,17,26.176746368408203,27.86298942565918,2.4849443435668945,1.0,0.0,4,1,0,35,25
14,55,18,26.30893325805664,27.83357810974121,2.4403908252716064,1.0,0.0,5,1,0,34,27
14,55,19,26.30893325805664,27.83357810974121,2.4403908252716064,1.0,0.0,5,2,0,33,30
14,55,20,26.30893325805664,27.83357810974121,2.4403908252716064,1.0,0.0,6,2,0,32,32
14,55,21,26.30893325805664,27.83357810974121,2.4403908252716064,1.0,0.0,7,2,0,31,35
14,55,22,26.30893325805664,27.83357810974121,2.4403908252716064,1.0,0.0,7,2,0,31,40
14,55,23,26.30893325805664,27.83357810974121,2.4403908252716064,1.0,0.0,8,2,0,30,44
14,55,24,26.30893325805664,27.83357810974121,2.4403908252716064,1.0,0.0,8,2,1,29,46
14,55,25,26.30893325805664,27.83357810974121,2.4403908252716064,1.0,0.0,8,2,1,29,49
14,55,26,26.367881774902344,27.72254753112793,2.578826904296875,0.949999988079071,0.0,8,2,2,28,53
14,55,27,26.440563201904297,27.718896865844727,2.5735297203063965,0.8999999761581421,0.0,8,2,2,28,55
14,55,28,26.452775955200195,27.827295303344727,2.4284114837646484,0.8999999761581421,0.0,8,2,3,27,61
14,55,29,26.514728546142578,27.715227127075195,2.5682015419006348,0.8500000238418579,0.0,9,2,3,26,65
14,55,30,26.526960372924805,27.82406997680664,2.4224367141723633,0.8500000238418579,0.0,9,2,3,26,65
14,55,31,26.526960372924805,27.82406997680664,2.4224367141723633,0.8500000238418579,0.0,9,2,3,26,69
14,55,32,26.526960372924805,27.82406997680664,2.4224367141723633,0.8500000238418579,0.0,9,2,4,25,72
14,55,33,26.526960372924805,27.82406997680664,2.4224367141723633,0.8500000238418579,0.0,10,2,4,24,74
14,55,34,26.526960372924805,27.82406997680664,2.4224367141723633,0.8500000238418579,0.0,10,2,4,24,76
14,55,35,26.526960372924805,27.82406997680664,2.4224367141723633,0.8500000238418579,0.0,10,2,4,24,78
14,55,36,26.590312957763672,27.711545944213867,2.5628437995910645,0.800000011920929,0.0,10,2,4,24,80
14,55,37,26.60256576538086,27.8207950592041,2.416477680206299,0.800000011920929,0.0,10,2,4,24,83
14,55,38,26.60256576538086,27.8207950592041,2.416477680206299,0.800000011920929,0.0,11,2,7,20,88
14,55,39,26.60256576538086,27.8207950592041,2.416477680206299,0.800000011920929,0.0,11,2,7,20,89
14,55,40,26.60256576538086,27.8207950592041,2.416477680206299,0.800000011920929,0.0,12,2,7,19,91
14,55,41,26.60256576538086,27.8207950592041,2.416477680206299,0.800000011920929,0.0,13,2,7,18,93
14,55,42,26.60256576538086,27.8207950592041,2.416477680206299,0.800000011920929,0.0,13,2,7,18,95
14,55,43,26.60256576538086,27.8207950592041,2.416477680206299,0.800000011920929,0.0,13,2,8,17,98
14,55,44,26.667234420776367,27.707860946655273,2.557457685470581,0.75,0.0,14,2,8,16,103
14,55,45,26.679513931274414,27.817474365234375,2.4105396270751953,0.75,0.0,14,2,8,16,108
14,55,46,26.679513931274414,27.817474365234375,2.4105396270751953,0.75,0.0,15,2,9,14,115
14,55,47,26.679513931274414,27.817474365234375,2.4105396270751953,0.75,0.0,15,2,9,14,123
14,55,48,26.679513931274414,27.817474365234375,2.4105396270751953,0.75,0.0,16,2,9,13,130
14,55,49,26.679513931274414,27.817474365234375,2.4105396270751953,0.75,0.0,16,2,10,12,138
14,55,50,26.679513931274414,27.817474365234375,2.4105396270751953,0.75,0.0,16,2,10,12,139
14,55,51,26.679513931274414,27.817474365234375,2.4105396270751953,0.75,0.0,16,2,10,12,148
14,55,52,26.745407104492188,27.704174041748047,2.552044630050659,0.699999988079071,0.0,16,2,10,12,156
14,55,53,26.75771141052246,27.814111709594727,2.4046266078948975,0.699999988079071,0.0,16,2,10,12,160
14,55,54,26.75771141052246,27.814111709594727,2.4046266078948975,0.699999988079071,0.0,16,2,11,11,162
14,55,55,26.75771141052246,27.814111709594727,2.4046266078948975,0.699999988079071,0.0,16,2,11,11,165
14,55,56,26.75771141052246,27.814111709594727,2.4046266078948975,0.699999988079071,0.0,18,2,11,9,173
14,55,57,26.75771141052246,27.814111709594727,2.4046266078948975,0.699999988079071,0.0,18,2,11,9,176
14,55,58,26.75771141052246,27.814111709594727,2.4046266078948975,0.699999988079071,0.0,18,2,11,9,185
14,55,59,26.82472801208496,27.700498580932617,2.5466060638427734,0.6499999761581421,0.0,18,2,11,9,186
14,55,60,26.83706283569336,27.810714721679688,2.3987433910369873,0.6499999761581421,0.0,19,2,11,8,187
14,55,61,26.83706283569336,27.810714721679688,2.3987433910369873,0.6499999761581421,0.0,19,2,11,8,193
14,55,62,26.90509033203125,27.69683837890625,2.5411434173583984,0.6000000238418579,0.0,20,2,11,7,200
14,55,63,26.917455673217773,27.807287216186523,2.3928940296173096,0.6000000238418579,0.0,20,2,11,7,207
14,55,64,26.917455673217773,27.807287216186523,2.3928940296173096,0.6000000238418579,0.0,20,2,11,7,210
14,55,65,26.917455673217773,27.807287216186523,2.3928940296173096,0.6000000238418579,0.0,20,2,11,7,212
14,55,66,26.917455673217773,27.807287216186523,2.3928940296173096,0.6000000238418579,0.0,21,2,11,6,214
14,55,67,26.917455673217773,27.807287216186523,2.3928940296173096,0.6000000238418579,0.0,22,2,11,5,217
14,55,68,26.98637580871582,27.693199157714844,2.5356578826904297,0.550000011920929,0.0,22,2,11,5,224
14,55,69,26.99877166748047,27.803836822509766,2.387082815170288,0.550000011920929,0.0,22,2,11,5,232
14,55,70,27.068456649780273,27.689590454101562,2.5301513671875,0.5,0.0,22,2,11,5,236
14,55,71,27.151201248168945,27.686019897460938,2.524624824523926,0.44999998807907104,0.0,22,2,11,5,240
14,55,72,27.163658142089844,27.796884536743164,2.3755886554718018,0.44999998807907104,0.0,22,2,11,5,241
14,55,73,27.163658142089844,27.796884536743164,2.3755886554718018,0.44999998807907104,0.0,23,2,11,4,245
14,55,74,27.234466552734375,27.682491302490234,2.51908016204834,0.4000000059604645,0.0,23,2,11,4,253
14,55,75,27.24695587158203,27.79339599609375,2.36991286277771,0.4000000059604645,0.0,24,2,11,3,259
14,55,76,27.24695587158203,27.79339599609375,2.36991286277771,0.4000000059604645,0.0,24,2,11,3,264
14,55,77,27.24695587158203,27.79339599609375,2.36991286277771,0.4000000059604645,0.0,25,2,11,2,272
14,55,78,27.24695587158203,27.79339599609375,2.36991286277771,0.4000000059604645,0.0,25,2,11,2,279
14,55,79,27.3181095123291,27.679014205932617,2.513518810272217,0.3499999940395355,0.0,26,2,12,0,290
15,56,1,25.92626953125,28.053895950317383,2.8259267807006836,1.0,0.05000000074505806,0,0,0,40,1
15,56,2,26.35731315612793,27.83656883239746,2.4449892044067383,1.0,0.05000000074505806,0,0,0,40,1
15,56,3,26.35731315612793,27.83656883239746,2.4449892044067383,1.0,0.05000000074505806,0,0,0,40,2
15,56,4,26.35731315612793,27.83656883239746,2.4449892044067383,1.0,0.05000000074505806,1,0,0,39,2
15,56,5,26.35731315612793,27.83656883239746,2.4449892044067383,1.0,0.05000000074505806,3,1,0,36,2
15,56,6,26.35731315612793,27.83656883239746,2.4449892044067383,1.0,0.05000000074505806,3,1,0,36,2
15,56,7,26.35731315612793,27.83656883239746,2.4449892044067383,1.0,0.05000000074505806,3,1,0,36,2
15,56,8,26.35731315612793,27.83656883239746,2.4449892044067383,1.0,0.05000000074505806,3,1,0,36,4
15,56,9,26.35731315612793,27.83656883239746,2.4449892044067383,1.0,0.05000000074505806,3,1,0,36,5
15,56,10,26.35731315612793,27.83656883239746,2.4449892044067383,1.0,0.05000000074505806,3,1,0,36,6
15,56,11,26.35731315612793,27.83656883239746,2.4449892044067383,1.0,0.05000000074505806,3,1,0,36,10
15,56,12,26.35731315612793,27.83656883239746,2.4449892044067383,1.0,0.05000000074505806,3,2,0,35,13
15,56,13,26.35731315612793,27.83656883239746,2.4449892044067383,1.0,0.05000000074505806,3,2,0,35,15
15,56,14,26.176746368408203,27.86298942565918,2.4849443435668945,1.0,0.0,4,2,1,33,19
15,56,15,26.30893325805664,27.83357810974121,2.4403908252716064,1.0,0.0,5,2,1,32,20
15,56,16,26.30893325805664,27.83357810974121,2.4403908252716064,1.0,0.0,5,2,2,31,23
15,56,17,26.30893325805664,27.83357810974121,2.4403908252716064,1.0,0.0,5,2,3,30,28
15,56,18,26.30893325805664,27.83357810974121,2.4403908252716064,1.0,0.0,5,2,3,30,30
15,56,19,26.30893325805664,27.83357810974121,2.4403908252716064,1.0,0.0,5,2,4,29,31
15,56,20,26.30893325805664,27.83357810974121,2.4403908252716064,1.0,0.0,6,2,4,28,34
15,56,21,26.30893325805664,27.83357810974121,2.4403908252716064,1.0,0.0,6,2,4,28,36
15,56,22,26.30893325805664,27.83357810974121,2.4403908252716064,1.0,0.0,6,2,4,28,37
15,56,23,26.30893325805664,27.83357810974121,2.4403908252716064,1.0,0.0,6,2,6,26,41
15,56,24,26.30893325805664,27.83357810974121,2.4403908252716064,1.0,0.0,6,2,6,26,43
15,56,25,26.30893325805664,27.83357810974121,2.4403908252716064,1.0,0.0,6,2,7,25,46
15,56,26,26.30893325805664,27.83357810974121,2.4403908252716064,1.0,0.0,7,2,7,24,52
15,56,27,26.30893325805664,27.83357810974121,2.4403908252716064,1.0,0.0,8,2,7,23,54
15,56,28,26.30893325805664,27.83357810974121,2.4403908252716064,1.0,0.0,10,2,7,21,56
15,56,29,26.30893325805664,27.83357810974121,2.4403908252716064,1.0,0.0,10,2,7,21,58
15,56,30,26.30893325805664,27.83357810974121,2.4403908252716064,1.0,0.0,11,2,7,20,58
15,56,31,26.30893325805664,27.83357810974121,2.4403908252716064,1.0,0.0,11,2,7,20,60
15,56,32,26.30893325805664,27.83357810974121,2.4403908252716064,1.0,0.0,11,2,7,20,62
15,56,33,26.30893325805664,27.83357810974121,2.4403908252716064,1.0,0.0,12,2,7,19,65
15,56,34,26.30893325805664,27.83357810974121,2.4403908252716064,1.0,0.0,13,2,7,18,69
15,56,35,26.30893325805664,27.83357810974121,2.4403908252716064,1.0,0.0,13,2,7,18,75
15,56,36,26.30893325805664,27.83357810974121,2.4403908252716064,1.0,0.0,14,2,7,17,79
15,56,37,26.30893325805664,27.83357810974121,2.4403908252716064,1.0,0.0,15,2,7,16,81
15,56,38,26.30893325805664,27.83357810974121,2.4403908252716064,1.0,0.0,15,2,7,16,84
15,56,39,26.367881774902344,27.72254753112793,2.578826904296875,0.949999988079071,0.0,16,2,8,14,88
15,56,40,26.380081176757812,27.830467224121094,2.4343979358673096,0.949999988079071,0.0,17,2,8,13,92
15,56,41,26.380081176757812,27.830467224121094,2.4343979358673096,0.949999988079071,0.0,17,2,8,13,97
15,56,42,26.380081176757812,27.830467224121094,2.4343979358673096,0.949999988079071,0.0,17,2,8,13,99
15,56,43,26.380081176757812,27.830467224121094,2.4343979358673096,0.949999988079071,0.0,17,2,8,13,102
15,56,44,26.380081176757812,27.830467224121094,2.4343979358673096,0.949999988079071,0.0,17,2,8,13,109
15,56,45,26.380081176757812,27.830467224121094,2.4343979358673096,0.949999988079071,0.0,18,2,8,12,114
15,56,46,26.380081176757812,27.830467224121094,2.4343979358673096,0.949999988079071,0.0,18,2,8,12,117
15,56,47,26.380081176757812,27.830467224121094,2.4343979358673096,0.949999988079071,0.0,18,2,8,12,120
15,56,48,26.380081176757812,27.830467224121094,2.4343979358673096,0.949999988079071,0.0,19,2,8,11,125
15,56,49,26.440563201904297,27.718896865844727,2.5735297203063965,0.8999999761581421,0.0,20,2,8,10,127
15,56,50,26.452775955200195,27.827295303344727,2.4284114837646484,0.8999999761581421,0.0,20,2,8,10,132
15,56,51,26.452775955200195,27.827295303344727,2.4284114837646484,0.8999999761581421,0.0,20,2,8,10,134
15,56,52,26.452775955200195,27.827295303344727,2.4284114837646484,0.8999999761581421,0.0,21,2,8,9,139
15,56,53,26.452775955200195,27.827295303344727,2.4284114837646484,0.8999999761581421,0.0,21,2,8,9,140
15,56,54,26.452775955200195,27.827295303344727,2.4284114837646484,0.8999999761581421,0.0,21,2,8,9,143
15,56,55,26.452775955200195,27.827295303344727,2.4284114837646484,0.8999999761581421,0.0,22,2,8,8,152
15,56,56,26.452775955200195,27.827295303344727,2.4284114837646484,0.8999999761581421,0.0,22,2,8,8,155
15,56,57,26.514728546142578,27.715227127075195,2.5682015419006348,0.8500000238418579,0.0,22,2,8,8,159
15,56,58,26.526960372924805,27.82406997680664,2.4224367141723633,0.8500000238418579,0.0,23,2,8,7,163
15,56,59,26.526960372924805,27.82406997680664,2.4224367141723633,0.8500000238418579,0.0,23,2,8,7,167
15,56,60,26.526960372924805,27.82406997680664,2.4224367141723633,0.8500000238418579,0.0,23,2,8,7,170
15,56,61,26.526960372924805,27.82406997680664,2.4224367141723633,0.8500000238418579,0.0,25,2,8,5,174
15,56,62,26.590312957763672,27.711545944213867,2.5628437995910645,0.800000011920929,0.0,25,2,8,5,179
15,56,63,26.60256576538086,27.8207950592041,2.416477680206299,0.800000011920929,0.0,25,2,8,5,186
15,56,64,26.667234420776367,27.707860946655273,2.557457685470581,0.75,0.0,25,2,8,5,189
15,56,65,26.679513931274414,27.817474365234375,2.4105396270751953,0.75,0.0,26,2,8,4,196
15,56,66,26.679513931274414,27.817474365234375,2.4105396270751953,0.75,0.0,26,2,8,4,201
15,56,67,26.745407104492188,27.704174041748047,2.552044630050659,0.699999988079071,0.0,26,2,8,4,208
15,56,68,26.75771141052246,27.814111709594727,2.4046266078948975,0.699999988079071,0.0,26,2,8,4,216
15,56,69,26.82472801208496,27.700498580932617,2.5466060638427734,0.6499999761581421,0.0,27,2,8,3,218
15,56,70,26.83706283569336,27.810714721679688,2.3987433910369873,0.6499999761581421,0.0,28,2,8,2,224
15,56,71,26.83706283569336,27.810714721679688,2.3987433910369873,0.6499999761581421,0.0,29,2,8,1,228
15,56,72,26.83706283569336,27.810714721679688,2.3987433910369873,0.6499999761581421,0.0,29,2,8,1,231
15,56,73,26.83706283569336,27.810714721679688,2.3987433910369873,0.6499999761581421,0.0,30,2,8,0,243
16,57,1,25.971050262451172,28.057424545288086,2.830720901489258,1.0,0.15000000596046448,0,0,0,40,1
16,57,2,26.45689582824707,27.842493057250977,2.454549789428711,1.0,0.15000000596046448,1,1,0,38,1
16,57,3,26.45689582824707,27.842493057250977,2.454549789428711,1.0,0.15000000596046448,1,2,0,37,4
16,57,4,26.27320098876953,27.86920166015625,2.4944097995758057,1.0,0.10000000149011612,1,3,0,36,6
16,57,5,26.406646728515625,27.839540481567383,2.4497125148773193,1.0,0.10000000149011612,1,5,0,34,8
16,57,6,26.406646728515625,27.839540481567383,2.4497125148773193,1.0,0.10000000149011612,1,6,0,33,8
16,57,7,26.406646728515625,27.839540481567383,2.4497125148773193,1.0,0.10000000149011612,1,7,0,32,11
16,57,8,26.224485397338867,27.866111755371094,2.4896271228790283,1.0,0.05000000074505806,1,7,0,32,16
16,57,9,26.35731315612793,27.83656883239746,2.4449892044067383,1.0,0.05000000074505806,1,7,0,32,18
16,57,10,26.35731315612793,27.83656883239746,2.4449892044067383,1.0,0.05000000074505806,1,7,0,32,19
16,57,11,26.176746368408203,27.86298942565918,2.4849443435668945,1.0,0.0,1,7,0,32,20
16,57,12,26.30893325805664,27.83357810974121,2.4403908252716064,1.0,0.0,1,7,0,32,20
16,57,13,26.30893325805664,27.83357810974121,2.4403908252716064,1.0,0.0,1,7,0,32,25
16,57,14,26.30893325805664,27.83357810974121,2.4403908252716064,1.0,0.0,2,7,0,31,26
16,57,15,26.30893325805664,27.83357810974121,2.4403908252716064,1.0,0.0,2,7,1,30,27
16,57,16,26.30893325805664,27.83357810974121,2.4403908252716064,1.0,0.0,3,7,1,29,30
16,57,17,26.30893325805664,27.83357810974121,2.4403908252716064,1.0,0.0,3,7,1,29,32
16,57,18,26.30893325805664,27.83357810974121,2.4403908252716064,1.0,0.0,4,8,1,27,36
16,57,19,26.30893325805664,27.83357810974121,2.4403908252716064,1.0,0.0,5,8,1,26,38
16,57,20,26.30893325805664,27.83357810974121,2.4403908252716064,1.0,0.0,5,8,1,26,40
16,57,21,26.30893325805664,27.83357810974121,2.4403908252716064,1.0,0.0,5,8,1,26,43
16,57,22,26.30893325805664,27.83357810974121,2.4403908252716064,1.0,0.0,6,8,1,25,44
16,57,23,26.30893325805664,27.83357810974121,2.4403908252716064,1.0,0.0,6,8,1,25,45
16,57,24,26.30893325805664,27.83357810974121,2.4403908252716064,1.0,0.0,7,8,1,24,48
16,57,25,26.30893325805664,27.83357810974121,2.4403908252716064,1.0,0.0,7,8,1,24,52
16,57,26,26.30893325805664,27.83357810974121,2.4403908252716064,1.0,0.0,7,8,1,24,54
16,57,27,26.30893325805664,27.83357810974121,2.4403908252716064,1.0,0.0,8,8,1,23,57
16,57,28,26.367881774902344,27.72254753112793,2.578826904296875,0.949999988079071,0.0,8,8,1,23,60
16,57,29,26.440563201904297,27.718896865844727,2.5735297203063965,0.8999999761581421,0.0,9,8,1,22,65
16,57,30,26.514728546142578,27.715227127075195,2.5682015419006348,0.8500000238418579,0.0,9,8,1,22,68
16,57,31,26.526960372924805,27.82406997680664,2.4224367141723633,0.8500000238418579,0.0,9,8,2,21,72
16,57,32,26.526960372924805,27.82406997680664,2.4224367141723633,0.8500000238418579,0.0,9,8,2,21,73
16,57,33,26.526960372924805,27.82406997680664,2.4224367141723633,0.8500000238418579,0.0,10,8,2,20,76
16,57,34,26.590312957763672,27.711545944213867,2.5628437995910645,0.800000011920929,0.0,10,8,2,20,81
16,57,35,26.60256576538086,27.8207950592041,2.416477680206299,0.800000011920929,0.0,11,8,2,19,87
16,57,36,26.60256576538086,27.8207950592041,2.416477680206299,0.800000011920929,0.0,11,8,2,19,89
16,57,37,26.60256576538086,27.8207950592041,2.416477680206299,0.800000011920929,0.0,12,8,4,16,94
16,57,38,26.667234420776367,27.707860946655273,2.557457685470581,0.75,0.0,13,8,4,15,101
16,57,39,26.745407104492188,27.704174041748047,2.552044630050659,0.699999988079071,0.0,13,8,5,14,104
16,57,40,26.82472801208496,27.700498580932617,2.5466060638427734,0.6499999761581421,0.0,13,8,5,14,108
16,57,41,26.90509033203125,27.69683837890625,2.5411434173583984,0.6000000238418579,0.0,14,8,6,12,116
16,57,42,26.917455673217773,27.807287216186523,2.3928940296173096,0.6000000238418579,0.0,14,8,6,12,122
16,57,43,26.917455673217773,27.807287216186523,2.3928940296173096,0.6000000238418579,0.0,15,8,6,11,124
16,57,44,26.917455673217773,27.807287216186523,2.3928940296173096,0.6000000238418579,0.0,15,8,6,11,125
16,57,45,26.917455673217773,27.807287216186523,2.3928940296173096,0.6000000238418579,0.0,15,8,6,11,129
16,57,46,26.917455673217773,27.807287216186523,2.3928940296173096,0.6000000238418579,0.0,15,8,6,11,134
16,57,47,26.98637580871582,27.693199157714844,2.5356578826904297,0.550000011920929,0.0,15,8,6,11,140
16,57,48,26.99877166748047,27.803836822509766,2.387082815170288,0.550000011920929,0.0,16,8,8,8,143
16,57,49,27.068456649780273,27.689590454101562,2.5301513671875,0.5,0.0,16,8,8,8,144
16,57,50,27.080883026123047,27.80036735534668,2.3813130855560303,0.5,0.0,16,8,8,8,151
16,57,51,27.080883026123047,27.80036735534668,2.3813130855560303,0.5,0.0,16,8,8,8,155
16,57,52,27.080883026123047,27.80036735534668,2.3813130855560303,0.5,0.0,17,8,8,7,159
16,57,53,27.080883026123047,27.80036735534668,2.3813130855560303,0.5,0.0,17,8,8,7,163
16,57,54,27.080883026123047,27.80036735534668,2.3813130855560303,0.5,0.0,17,8,8,7,165
16,57,55,27.080883026123047,27.80036735534668,2.3813130855560303,0.5,0.0,17,8,8,7,174
16,57,56,27.080883026123047,27.80036735534668,2.3813130855560303,0.5,0.0,18,8,8,6,180
16,57,57,27.080883026123047,27.80036735534668,2.3813130855560303,0.5,0.0,18,8,8,6,182
16,57,58,27.080883026123047,27.80036735534668,2.3813130855560303,0.5,0.0,18,8,8,6,186
16,57,59,27.151201248168945,27.686019897460938,2.524624824523926,0.44999998807907104,0.0,19,8,8,5,189
16,57,60,27.163658142089844,27.796884536743164,2.3755886554718018,0.44999998807907104,0.0,19,8,8,5,194
16,57,61,27.163658142089844,27.796884536743164,2.3755886554718018,0.44999998807907104,0.0,19,8,8,5,200
16,57,62,27.234466552734375,27.682491302490234,2.51908016204834,0.4000000059604645,0.0,19,8,8,5,205
16,57,63,27.24695587158203,27.79339599609375,2.36991286277771,0.4000000059604645,0.0,19,8,8,5,214
16,57,64,27.3181095123291,27.679014205932617,2.513518810272217,0.3499999940395355,0.0,19,8,8,5,218
16,57,65,27.330629348754883,27.789907455444336,2.364288091659546,0.3499999940395355,0.0,20,8,8,4,225
16,57,66,27.330629348754883,27.789907455444336,2.364288091659546,0.3499999940395355,0.0,20,8,8,4,233
16,57,67,27.401979446411133,27.675594329833984,2.5079429149627686,0.30000001192092896,0.0,20,8,8,4,241
16,57,68,27.414533615112305,27.786426544189453,2.358717203140259,0.30000001192092896,0.0,21,8,8,3,250
16,57,69,27.414533615112305,27.786426544189453,2.358717203140259,0.30000001192092896,0.0,21,8,8,3,257
16,57,70,27.414533615112305,27.786426544189453,2.358717203140259,0.30000001192092896,0.0,21,8,8,3,260
16,57,71,27.414533615112305,27.786426544189453,2.358717203140259,0.30000001192092896,0.0,22,8,8,2,265
16,57,72,27.48592758178711,27.672237396240234,2.502354145050049,0.25,0.0,22,8,8,2,276
16,57,73,27.49851417541504,27.782957077026367,2.3532023429870605,0.25,0.0,22,8,8,2,287
16,57,74,27.49851417541504,27.782957077026367,2.3532023429870605,0.25,0.0,22,8,8,2,293
16,57,75,27.49851417541504,27.782957077026367,2.3532023429870605,0.25,0.0,22,8,8,2,301
16,57,76,27.49851417541504,27.782957077026367,2.3532023429870605,0.25,0.0,22,8,8,2,312
16,57,77,27.569801330566406,27.668949127197266,2.4967546463012695,0.20000000298023224,0.0,22,8,8,2,320
16,57,78,27.58242416381836,27.77950668334961,2.347744941711426,0.20000000298023224,0.0,22,8,8,2,326
16,57,79,27.65345001220703,27.665735244750977,2.4911465644836426,0.15000000596046448,0.0,22,8,8,2,333
16,57,80,27.66611099243164,27.776081085205078,2.342346668243408,0.15000000596046448,0.0,22,8,8,2,345
16,57,81,27.66611099243164,27.776081085205078,2.342346668243408,0.15000000596046448,0.0,22,8,8,2,352
16,57,82,27.66611099243164,27.776081085205078,2.342346668243408,0.15000000596046448,0.0,22,8,8,2,358
16,57,83,27.66611099243164,27.776081085205078,2.342346668243408,0.15000000596046448,0.0,22,8,8,2,367
16,57,84,27.66611099243164,27.776081085205078,2.342346668243408,0.15000000596046448,0.0,22,8,8,2,377
16,57,85,27.73672866821289,27.662599563598633,2.485531806945801,0.10000000149011612,0.0,22,8,8,2,387
16,57,86,27.749427795410156,27.772687911987305,2.3370087146759033,0.10000000149011612,0.0,22,8,8,2,394
16,57,87,27.749427795410156,27.772687911987305,2.3370087146759033,0.10000000149011612,0.0,22,8,8,2,403
16,57,88,27.749427795410156,27.772687911987305,2.3370087146759033,0.10000000149011612,0.0,22,8,8,2,409
16,57,89,27.749427795410156,27.772687911987305,2.3370087146759033,0.10000000149011612,0.0,22,8,8,2,422
16,57,90,27.749427795410156,27.772687911987305,2.3370087146759033,0.10000000149011612,0.0,22,8,8,2,427
16,57,91,27.749427795410156,27.772687911987305,2.3370087146759033,0.10000000149011612,0.0,22,8,8,2,440
16,57,92,27.749427795410156,27.772687911987305,2.3370087146759033,0.10000000149011612,0.0,22,8,8,2,447
16,57,93,27.749427795410156,27.772687911987305,2.3370087146759033,0.10000000149011612,0.0,22,8,8,2,455
16,57,94,27.749427795410156,27.772687911987305,2.3370087146759033,0.10000000149011612,0.0,22,8,8,2,463
16,57,95,27.749427795410156,27.772687911987305,2.3370087146759033,0.10000000149011612,0.0,22,8,9,1,471
16,57,96,27.749427795410156,27.772687911987305,2.3370087146759033,0.10000000149011612,0.0,22,8,9,1,477
16,57,97,27.749427795410156,27.772687911987305,2.3370087146759033,0.10000000149011612,0.0,22,8,9,1,481
16,57,98,27.749427795410156,27.772687911987305,2.3370087146759033,0.10000000149011612,0.0,22,8,9,1,489
16,57,99,27.819488525390625,27.659547805786133,2.4799129962921143,0.05000000074505806,0.0,22,8,9,1,497
16,57,100,27.832233428955078,27.769329071044922,2.3317315578460693,0.05000000074505806,0.0,22,8,9,1,505
16,57,101,27.832233428955078,27.769329071044922,2.3317315578460693,0.05000000074505806,0.0,22,8,9,1,513
16,57,102,27.901596069335938,27.656583786010742,2.474292755126953,0.0,0.0,22,8,9,1,521
16,57,103,27.91438865661621,27.766014099121094,2.3265156745910645,0.0,0.0,22,8,9,1,528
16,57,104,27.91438865661621,27.766014099121094,2.3265156745910645,0.0,0.0,22,8,9,1,533
16,57,105,27.91438865661621,27.766014099121094,2.3265156745910645,0.0,0.0,22,8,9,1,537
16,57,106,27.91438865661621,27.766014099121094,2.3265156745910645,0.0,0.0,22,8,9,1,541
16,57,107,27.91438865661621,27.766014099121094,2.3265156745910645,0.0,0.0,22,8,10,0,548
17,58,1,25.971050262451172,28.057424545288086,2.830720901489258,1.0,0.15000000596046448,0,0,0,40,2
17,58,2,26.45689582824707,27.842493057250977,2.454549789428711,1.0,0.15000000596046448,1,0,0,39,3
17,58,3,26.27320098876953,27.86920166015625,2.4944097995758057,1.0,0.10000000149011612,1,0,0,39,5
17,58,4,26.406646728515625,27.839540481567383,2.4497125148773193,1.0,0.10000000149011612,1,0,0,39,5
17,58,5,26.406646728515625,27.839540481567383,2.4497125148773193,1.0,0.10000000149011612,3,1,0,36,6
17,58,6,26.406646728515625,27.839540481567383,2.4497125148773193,1.0,0.10000000149011612,3,2,0,35,7
17,58,7,26.406646728515625,27.839540481567383,2.4497125148773193,1.0,0.10000000149011612,3,2,0,35,7
17,58,8,26.406646728515625,27.839540481567383,2.4497125148773193,1.0,0.10000000149011612,3,2,0,35,8
17,58,9,26.406646728515625,27.839540481567383,2.4497125148773193,1.0,0.10000000149011612,3,2,0,35,11
17,58,10,26.224485397338867,27.866111755371094,2.4896271228790283,1.0,0.05000000074505806,4,3,0,33,14
17,58,11,26.35731315612793,27.83656883239746,2.4449892044067383,1.0,0.05000000074505806,4,3,0,33,15
17,58,12,26.35731315612793,27.83656883239746,2.4449892044067383,1.0,0.05000000074505806,5,5,0,30,16
17,58,13,26.35731315612793,27.83656883239746,2.4449892044067383,1.0,0.05000000074505806,5,5,0,30,18
17,58,14,26.35731315612793,27.83656883239746,2.4449892044067383,1.0,0.05000000074505806,5,5,0,30,19
17,58,15,26.35731315612793,27.83656883239746,2.4449892044067383,1.0,0.05000000074505806,5,5,0,30,22
17,58,16,26.35731315612793,27.83656883239746,2.4449892044067383,1.0,0.05000000074505806,8,5,0,27,22
17,58,17,26.35731315612793,27.83656883239746,2.4449892044067383,1.0,0.05000000074505806,9,6,0,25,24
17,58,18,26.35731315612793,27.83656883239746,2.4449892044067383,1.0,0.05000000074505806,9,6,0,25,25
17,58,19,26.176746368408203,27.86298942565918,2.4849443435668945,1.0,0.0,9,6,0,25,29
17,58,20,26.30893325805664,27.83357810974121,2.4403908252716064,1.0,0.0,9,6,0,25,30
17,58,21,26.30893325805664,27.83357810974121,2.4403908252716064,1.0,0.0,9,6,0,25,32
17,58,22,26.30893325805664,27.83357810974121,2.4403908252716064,1.0,0.0,9,6,0,25,34
17,58,23,26.30893325805664,27.83357810974121,2.4403908252716064,1.0,0.0,9,6,0,25,34
17,58,24,26.30893325805664,27.83357810974121,2.4403908252716064,1.0,0.0,9,6,0,25,35
17,58,25,26.30893325805664,27.83357810974121,2.4403908252716064,1.0,0.0,9,6,0,25,37
17,58,26,26.30893325805664,27.83357810974121,2.4403908252716064,1.0,0.0,10,6,0,24,38
17,58,27,26.30893325805664,27.83357810974121,2.4403908252716064,1.0,0.0,10,6,0,24,39
17,58,28,26.30893325805664,27.83357810974121,2.4403908252716064,1.0,0.0,10,6,1,23,42
17,58,29,26.30893325805664,27.83357810974121,2.4403908252716064,1.0,0.0,12,6,1,21,44
17,58,30,26.30893325805664,27.83357810974121,2.4403908252716064,1.0,0.0,12,6,1,21,46
17,58,31,26.30893325805664,27.83357810974121,2.4403908252716064,1.0,0.0,13,6,1,20,48
17,58,32,26.30893325805664,27.83357810974121,2.4403908252716064,1.0,0.0,13,6,1,20,49
17,58,33,26.367881774902344,27.72254753112793,2.578826904296875,0.949999988079071,0.0,13,6,1,20,50
17,58,34,26.380081176757812,27.830467224121094,2.4343979358673096,0.949999988079071,0.0,14,6,3,17,51
17,58,35,26.380081176757812,27.830467224121094,2.4343979358673096,0.949999988079071,0.0,15,6,3,16,54
17,58,36,26.380081176757812,27.830467224121094,2.4343979358673096,0.949999988079071,0.0,16,6,3,15,59
17,58,37,26.440563201904297,27.718896865844727,2.5735297203063965,0.8999999761581421,0.0,17,6,5,12,61
17,58,38,26.452775955200195,27.827295303344727,2.4284114837646484,0.8999999761581421,0.0,18,6,5,11,63
17,58,39,26.452775955200195,27.827295303344727,2.4284114837646484,0.8999999761581421,0.0,18,6,5,11,67
17,58,40,26.452775955200195,27.827295303344727,2.4284114837646484,0.8999999761581421,0.0,18,6,5,11,67
17,58,41,26.452775955200195,27.827295303344727,2.4284114837646484,0.8999999761581421,0.0,18,6,5,11,71
17,58,42,26.514728546142578,27.715227127075195,2.5682015419006348,0.8500000238418579,0.0,18,6,5,11,75
17,58,43,26.526960372924805,27.82406997680664,2.4224367141723633,0.8500000238418579,0.0,19,6,6,9,78
17,58,44,26.526960372924805,27.82406997680664,2.4224367141723633,0.8500000238418579,0.0,20,6,6,8,82
17,58,45,26.590312957763672,27.711545944213867,2.5628437995910645,0.800000011920929,0.0,20,6,7,7,86
17,58,46,26.667234420776367,27.707860946655273,2.557457685470581,0.75,0.0,20,6,7,7,89
17,58,47,26.679513931274414,27.817474365234375,2.4105396270751953,0.75,0.0,20,6,7,7,94
17,58,48,26.679513931274414,27.817474365234375,2.4105396270751953,0.75,0.0,21,6,7,6,98
17,58,49,26.679513931274414,27.817474365234375,2.4105396270751953,0.75,0.0,23,6,7,4,101
17,58,50,26.679513931274414,27.817474365234375,2.4105396270751953,0.75,0.0,23,6,7,4,105
17,58,51,26.679513931274414,27.817474365234375,2.4105396270751953,0.75,0.0,23,6,7,4,110
17,58,52,26.679513931274414,27.817474365234375,2.4105396270751953,0.75,0.0,23,6,7,4,118
17,58,53,26.679513931274414,27.817474365234375,2.4105396270751953,0.75,0.0,23,6,7,4,121
17,58,54,26.679513931274414,27.817474365234375,2.4105396270751953,0.75,0.0,23,6,7,4,125
17,58,55,26.679513931274414,27.817474365234375,2.4105396270751953,0.75,0.0,23,6,7,4,129
17,58,56,26.679513931274414,27.817474365234375,2.4105396270751953,0.75,0.0,23,6,7,4,134
17,58,57,26.679513931274414,27.817474365234375,2.4105396270751953,0.75,0.0,23,6,7,4,137
17,58,58,26.745407104492188,27.704174041748047,2.552044630050659,0.699999988079071,0.0,24,6,7,3,144
17,58,59,26.75771141052246,27.814111709594727,2.4046266078948975,0.699999988079071,0.0,24,6,7,3,153
17,58,60,26.82472801208496,27.700498580932617,2.5466060638427734,0.6499999761581421,0.0,24,6,7,3,160
17,58,61,26.90509033203125,27.69683837890625,2.5411434173583984,0.6000000238418579,0.0,24,6,7,3,166
17,58,62,26.917455673217773,27.807287216186523,2.3928940296173096,0.6000000238418579,0.0,25,6,7,2,168
17,58,63,26.917455673217773,27.807287216186523,2.3928940296173096,0.6000000238418579,0.0,25,6,7,2,170
17,58,64,26.917455673217773,27.807287216186523,2.3928940296173096,0.6000000238418579,0.0,25,6,7,2,173
17,58,65,26.98637580871582,27.693199157714844,2.5356578826904297,0.550000011920929,0.0,25,6,7,2,180
17,58,66,27.068456649780273,27.689590454101562,2.5301513671875,0.5,0.0,25,6,7,2,190
17,58,67,27.080883026123047,27.80036735534668,2.3813130855560303,0.5,0.0,25,6,7,2,195
17,58,68,27.080883026123047,27.80036735534668,2.3813130855560303,0.5,0.0,25,6,7,2,200
17,58,69,27.151201248168945,27.686019897460938,2.524624824523926,0.44999998807907104,0.0,25,6,7,2,201
17,58,70,27.163658142089844,27.796884536743164,2.3755886554718018,0.44999998807907104,0.0,25,6,7,2,203
17,58,71,27.163658142089844,27.796884536743164,2.3755886554718018,0.44999998807907104,0.0,25,6,7,2,209
17,58,72,27.163658142089844,27.796884536743164,2.3755886554718018,0.44999998807907104,0.0,25,6,7,2,212
17,58,73,27.163658142089844,27.796884536743164,2.3755886554718018,0.44999998807907104,0.0,25,6,7,2,216
17,58,74,27.163658142089844,27.796884536743164,2.3755886554718018,0.44999998807907104,0.0,25,6,7,2,221
17,58,75,27.234466552734375,27.682491302490234,2.51908016204834,0.4000000059604645,0.0,25,6,7,2,229
17,58,76,27.24695587158203,27.79339599609375,2.36991286277771,0.4000000059604645,0.0,26,6,7,1,236
17,58,77,27.24695587158203,27.79339599609375,2.36991286277771,0.4000000059604645,0.0,26,6,7,1,245
17,58,78,27.24695587158203,27.79339599609375,2.36991286277771,0.4000000059604645,0.0,26,6,7,1,252
17,58,79,27.24695587158203,27.79339599609375,2.36991286277771,0.4000000059604645,0.0,26,6,7,1,261
17,58,80,27.24695587158203,27.79339599609375,2.36991286277771,0.4000000059604645,0.0,26,6,7,1,271
17,58,81,27.3181095123291,27.679014205932617,2.513518810272217,0.3499999940395355,0.0,26,6,7,1,286
17,58,82,27.330629348754883,27.789907455444336,2.364288091659546,0.3499999940395355,0.0,26,6,7,1,294
17,58,83,27.330629348754883,27.789907455444336,2.364288091659546,0.3499999940395355,0.0,26,6,7,1,298
17,58,84,27.330629348754883,27.789907455444336,2.364288091659546,0.3499999940395355,0.0,26,6,7,1,304
17,58,85,27.330629348754883,27.789907455444336,2.364288091659546,0.3499999940395355,0.0,26,6,7,1,308
17,58,86,27.330629348754883,27.789907455444336,2.364288091659546,0.3499999940395355,0.0,26,6,7,1,318
17,58,87,27.401979446411133,27.675594329833984,2.5079429149627686,0.30000001192092896,0.0,27,6,7,0,324
18,59,1,25.99367904663086,28.059123992919922,2.8330936431884766,1.0,0.20000000298023224,0,0,0,40,1
18,59,2,26.508018493652344,27.84542465209961,2.459488868713379,1.0,0.20000000298023224,1,0,0,39,3
18,59,3,26.322858810424805,27.87225341796875,2.4992809295654297,1.0,0.15000000596046448,1,0,0,39,4
18,59,4,26.45689582824707,27.842493057250977,2.454549789428711,1.0,0.15000000596046448,1,1,0,38,5
18,59,5,26.45689582824707,27.842493057250977,2.454549789428711,1.0,0.15000000596046448,1,1,0,38,7
18,59,6,26.45689582824707,27.842493057250977,2.454549789428711,1.0,0.15000000596046448,2,3,0,35,10
18,59,7,26.45689582824707,27.842493057250977,2.454549789428711,1.0,0.15000000596046448,2,3,0,35,10
18,59,8,26.45689582824707,27.842493057250977,2.454549789428711,1.0,0.15000000596046448,2,3,0,35,10
18,59,9,26.45689582824707,27.842493057250977,2.454549789428711,1.0,0.15000000596046448,2,4,0,34,12
18,59,10,26.45689582824707,27.842493057250977,2.454549789428711,1.0,0.15000000596046448,2,4,0,34,14
18,59,11,26.27320098876953,27.86920166015625,2.4944097995758057,1.0,0.10000000149011612,2,5,0,33,15
18,59,12,26.406646728515625,27.839540481567383,2.4497125148773193,1.0,0.10000000149011612,2,5,0,33,16
18,59,13,26.406646728515625,27.839540481567383,2.4497125148773193,1.0,0.10000000149011612,2,5,0,33,17
18,59,14,26.406646728515625,27.839540481567383,2.4497125148773193,1.0,0.10000000149011612,2,5,0,33,18
18,59,15,26.406646728515625,27.839540481567383,2.4497125148773193,1.0,0.10000000149011612,2,5,0,33,20
18,59,16,26.406646728515625,27.839540481567383,2.4497125148773193,1.0,0.10000000149011612,2,5,0,33,25
18,59,17,26.406646728515625,27.839540481567383,2.4497125148773193,1.0,0.10000000149011612,3,5,0,32,29
18,59,18,26.46784019470215,27.727996826171875,2.5890400409698486,0.949999988079071,0.10000000149011612,3,5,0,32,30
18,59,19,26.5419864654541,27.724367141723633,2.5837762355804443,0.8999999761581421,0.10000000149011612,4,6,0,30,32
18,59,20,26.55350112915039,27.83329963684082,2.437812089920044,0.8999999761581421,0.10000000149011612,5,7,0,28,36
18,59,21,26.55350112915039,27.83329963684082,2.437812089920044,0.8999999761581421,0.10000000149011612,7,7,0,26,40
18,59,22,26.55350112915039,27.83329963684082,2.437812089920044,0.8999999761581421,0.10000000149011612,8,8,0,24,44
18,59,23,26.61758041381836,27.720714569091797,2.578479290008545,0.8500000238418579,0.10000000149011612,9,9,0,22,50
18,59,24,26.441360473632812,27.85725212097168,2.4722321033477783,0.8500000238418579,0.05000000074505806,9,9,0,22,53
18,59,25,26.577608108520508,27.82708740234375,2.427090644836426,0.8500000238418579,0.05000000074505806,10,9,0,21,54
18,59,26,26.577608108520508,27.82708740234375,2.427090644836426,0.8500000238418579,0.05000000074505806,10,9,0,21,59
18,59,27,26.577608108520508,27.82708740234375,2.427090644836426,0.8500000238418579,0.05000000074505806,10,9,0,21,64
18,59,28,26.577608108520508,27.82708740234375,2.427090644836426,0.8500000238418579,0.05000000074505806,11,10,0,19,69
18,59,29,26.642009735107422,27.71428871154785,2.5679526329040527,0.800000011920929,0.05000000074505806,11,10,0,19,71
18,59,30,26.65393829345703,27.823816299438477,2.4211504459381104,0.800000011920929,0.05000000074505806,12,10,0,18,74
18,59,31,26.465980529785156,27.851003646850586,2.4616386890411377,0.800000011920929,0.0,13,10,1,16,77
18,59,32,26.60256576538086,27.8207950592041,2.416477680206299,0.800000011920929,0.0,13,10,1,16,77
18,59,33,26.60256576538086,27.8207950592041,2.416477680206299,0.800000011920929,0.0,13,10,1,16,85
18,59,34,26.667234420776367,27.707860946655273,2.557457685470581,0.75,0.0,13,10,1,16,91
18,59,35,26.679513931274414,27.817474365234375,2.4105396270751953,0.75,0.0,13,10,2,15,94
18,59,36,26.679513931274414,27.817474365234375,2.4105396270751953,0.75,0.0,13,10,2,15,94
18,59,37,26.679513931274414,27.817474365234375,2.4105396270751953,0.75,0.0,13,10,2,15,96
18,59,38,26.745407104492188,27.704174041748047,2.552044630050659,0.699999988079071,0.0,13,10,2,15,103
18,59,39,26.82472801208496,27.700498580932617,2.5466060638427734,0.6499999761581421,0.0,14,10,2,14,109
18,59,40,26.90509033203125,27.69683837890625,2.5411434173583984,0.6000000238418579,0.0,14,10,2,14,111
18,59,41,26.917455673217773,27.807287216186523,2.3928940296173096,0.6000000238418579,0.0,15,10,4,11,113
18,59,42,26.917455673217773,27.807287216186523,2.3928940296173096,0.6000000238418579,0.0,15,10,4,11,114
18,59,43,26.917455673217773,27.807287216186523,2.3928940296173096,0.6000000238418579,0.0,15,10,5,10,116
18,59,44,26.917455673217773,27.807287216186523,2.3928940296173096,0.6000000238418579,0.0,15,10,6,9,122
18,59,45,26.98637580871582,27.693199157714844,2.5356578826904297,0.550000011920929,0.0,16,10,6,8,128
18,59,46,27.068456649780273,27.689590454101562,2.5301513671875,0.5,0.0,17,10,6,7,132
18,59,47,27.080883026123047,27.80036735534668,2.3813130855560303,0.5,0.0,17,10,6,7,138
18,59,48,27.080883026123047,27.80036735534668,2.3813130855560303,0.5,0.0,18,10,6,6,144
18,59,49,27.080883026123047,27.80036735534668,2.3813130855560303,0.5,0.0,18,10,6,6,151
18,59,50,27.080883026123047,27.80036735534668,2.3813130855560303,0.5,0.0,19,10,6,5,159
18,59,51,27.080883026123047,27.80036735534668,2.3813130855560303,0.5,0.0,19,10,6,5,162
18,59,52,27.080883026123047,27.80036735534668,2.3813130855560303,0.5,0.0,21,10,6,3,170
18,59,53,27.080883026123047,27.80036735534668,2.3813130855560303,0.5,0.0,21,10,6,3,174
18,59,54,27.080883026123047,27.80036735534668,2.3813130855560303,0.5,0.0,21,10,6,3,177
18,59,55,27.080883026123047,27.80036735534668,2.3813130855560303,0.5,0.0,21,10,6,3,179
18,59,56,27.080883026123047,27.80036735534668,2.3813130855560303,0.5,0.0,22,10,6,2,186
18,59,57,27.080883026123047,27.80036735534668,2.3813130855560303,0.5,0.0,22,10,6,2,189
18,59,58,27.080883026123047,27.80036735534668,2.3813130855560303,0.5,0.0,22,10,6,2,193
18,59,59,27.080883026123047,27.80036735534668,2.3813130855560303,0.5,0.0,22,10,6,2,202
18,59,60,27.151201248168945,27.686019897460938,2.524624824523926,0.44999998807907104,0.0,23,10,6,1,207
18,59,61,27.163658142089844,27.796884536743164,2.3755886554718018,0.44999998807907104,0.0,23,10,6,1,212
18,59,62,27.163658142089844,27.796884536743164,2.3755886554718018,0.44999998807907104,0.0,23,10,6,1,219
18,59,63,27.163658142089844,27.796884536743164,2.3755886554718018,0.44999998807907104,0.0,23,10,6,1,222
18,59,64,27.163658142089844,27.796884536743164,2.3755886554718018,0.44999998807907104,0.0,23,10,6,1,227
18,59,65,27.163658142089844,27.796884536743164,2.3755886554718018,0.44999998807907104,0.0,23,10,6,1,233
18,59,66,27.163658142089844,27.796884536743164,2.3755886554718018,0.44999998807907104,0.0,23,10,6,1,238
18,59,67,27.163658142089844,27.796884536743164,2.3755886554718018,0.44999998807907104,0.0,23,10,6,1,248
18,59,68,27.163658142089844,27.796884536743164,2.3755886554718018,0.44999998807907104,0.0,23,10,6,1,257
18,59,69,27.163658142089844,27.796884536743164,2.3755886554718018,0.44999998807907104,0.0,23,10,6,1,265
18,59,70,27.163658142089844,27.796884536743164,2.3755886554718018,0.44999998807907104,0.0,23,10,6,1,271
18,59,71,27.163658142089844,27.796884536743164,2.3755886554718018,0.44999998807907104,0.0,23,10,6,1,279
18,59,72,27.163658142089844,27.796884536743164,2.3755886554718018,0.44999998807907104,0.0,23,10,6,1,288
18,59,73,27.163658142089844,27.796884536743164,2.3755886554718018,0.44999998807907104,0.0,23,10,6,1,295
18,59,74,27.163658142089844,27.796884536743164,2.3755886554718018,0.44999998807907104,0.0,23,10,6,1,306
18,59,75,27.163658142089844,27.796884536743164,2.3755886554718018,0.44999998807907104,0.0,23,10,6,1,309
18,59,76,27.163658142089844,27.796884536743164,2.3755886554718018,0.44999998807907104,0.0,23,10,6,1,319
18,59,77,27.163658142089844,27.796884536743164,2.3755886554718018,0.44999998807907104,0.0,23,10,6,1,327
18,59,78,27.163658142089844,27.796884536743164,2.3755886554718018,0.44999998807907104,0.0,23,10,6,1,333
18,59,79,27.163658142089844,27.796884536743164,2.3755886554718018,0.44999998807907104,0.0,24,10,6,0,341
19,60,1,25.971050262451172,28.057424545288086,2.830720901489258,1.0,0.15000000596046448,0,0,0,40,3
19,60,2,26.27320098876953,27.86920166015625,2.4944097995758057,1.0,0.10000000149011612,0,1,0,39,5
19,60,3,26.406646728515625,27.839540481567383,2.4497125148773193,1.0,0.10000000149011612,0,2,0,38,6
19,60,4,26.406646728515625,27.839540481567383,2.4497125148773193,1.0,0.10000000149011612,0,2,0,38,9
19,60,5,26.406646728515625,27.839540481567383,2.4497125148773193,1.0,0.10000000149011612,1,2,0,37,10
19,60,6,26.406646728515625,27.839540481567383,2.4497125148773193,1.0,0.10000000149011612,2,2,0,36,12
19,60,7,26.406646728515625,27.839540481567383,2.4497125148773193,1.0,0.10000000149011612,4,2,0,34,13
19,60,8,26.406646728515625,27.839540481567383,2.4497125148773193,1.0,0.10000000149011612,4,2,0,34,15
19,60,9,26.406646728515625,27.839540481567383,2.4497125148773193,1.0,0.10000000149011612,5,3,0,32,17
19,60,10,26.224485397338867,27.866111755371094,2.4896271228790283,1.0,0.05000000074505806,5,3,0,32,20
19,60,11,26.35731315612793,27.83656883239746,2.4449892044067383,1.0,0.05000000074505806,6,3,1,30,22
19,60,12,26.35731315612793,27.83656883239746,2.4449892044067383,1.0,0.05000000074505806,6,3,1,30,22
19,60,13,26.35731315612793,27.83656883239746,2.4449892044067383,1.0,0.05000000074505806,6,4,1,29,24
19,60,14,26.35731315612793,27.83656883239746,2.4449892044067383,1.0,0.05000000074505806,7,5,1,27,25
19,60,15,26.35731315612793,27.83656883239746,2.4449892044067383,1.0,0.05000000074505806,7,6,1,26,27
19,60,16,26.35731315612793,27.83656883239746,2.4449892044067383,1.0,0.05000000074505806,10,6,1,23,29
19,60,17,26.35731315612793,27.83656883239746,2.4449892044067383,1.0,0.05000000074505806,10,7,1,22,30
19,60,18,26.35731315612793,27.83656883239746,2.4449892044067383,1.0,0.05000000074505806,10,7,1,22,32
19,60,19,26.35731315612793,27.83656883239746,2.4449892044067383,1.0,0.05000000074505806,10,7,1,22,34
19,60,20,26.35731315612793,27.83656883239746,2.4449892044067383,1.0,0.05000000074505806,10,8,1,21,38
19,60,21,26.35731315612793,27.83656883239746,2.4449892044067383,1.0,0.05000000074505806,10,8,1,21,40
19,60,22,26.35731315612793,27.83656883239746,2.4449892044067383,1.0,0.05000000074505806,10,9,1,20,44
19,60,23,26.35731315612793,27.83656883239746,2.4449892044067383,1.0,0.05000000074505806,11,9,1,19,47
19,60,24,26.35731315612793,27.83656883239746,2.4449892044067383,1.0,0.05000000074505806,11,9,1,19,50
19,60,25,26.176746368408203,27.86298942565918,2.4849443435668945,1.0,0.0,11,9,1,19,53
19,60,26,26.30893325805664,27.83357810974121,2.4403908252716064,1.0,0.0,13,9,1,17,56
19,60,27,26.30893325805664,27.83357810974121,2.4403908252716064,1.0,0.0,13,9,1,17,61
19,60,28,26.30893325805664,27.83357810974121,2.4403908252716064,1.0,0.0,13,9,1,17,65
19,60,29,26.30893325805664,27.83357810974121,2.4403908252716064,1.0,0.0,13,10,1,16,73
19,60,30,26.30893325805664,27.83357810974121,2.4403908252716064,1.0,0.0,13,10,1,16,75
19,60,31,26.30893325805664,27.83357810974121,2.4403908252716064,1.0,0.0,13,10,1,16,76
19,60,32,26.30893325805664,27.83357810974121,2.4403908252716064,1.0,0.0,13,10,1,16,77
19,60,33,26.30893325805664,27.83357810974121,2.4403908252716064,1.0,0.0,14,10,1,15,81
19,60,34,26.30893325805664,27.83357810974121,2.4403908252716064,1.0,0.0,14,10,1,15,87
19,60,35,26.30893325805664,27.83357810974121,2.4403908252716064,1.0,0.0,14,10,1,15,92
19,60,36,26.30893325805664,27.83357810974121,2.4403908252716064,1.0,0.0,16,10,1,13,95
19,60,37,26.30893325805664,27.83357810974121,2.4403908252716064,1.0,0.0,16,10,1,13,97
19,60,38,26.30893325805664,27.83357810974121,2.4403908252716064,1.0,0.0,16,10,1,13,101
19,60,39,26.30893325805664,27.83357810974121,2.4403908252716064,1.0,0.0,17,10,1,12,106
19,60,40,26.30893325805664,27.83357810974121,2.4403908252716064,1.0,0.0,17,10,1,12,109
19,60,41,26.30893325805664,27.83357810974121,2.4403908252716064,1.0,0.0,17,10,1,12,111
19,60,42,26.30893325805664,27.83357810974121,2.4403908252716064,1.0,0.0,18,10,1,11,117
19,60,43,26.30893325805664,27.83357810974121,2.4403908252716064,1.0,0.0,18,10,1,11,119
19,60,44,26.30893325805664,27.83357810974121,2.4403908252716064,1.0,0.0,18,10,1,11,122
19,60,45,26.30893325805664,27.83357810974121,2.4403908252716064,1.0,0.0,19,10,1,10,122
19,60,46,26.30893325805664,27.83357810974121,2.4403908252716064,1.0,0.0,20,10,1,9,127
19,60,47,26.367881774902344,27.72254753112793,2.578826904296875,0.949999988079071,0.0,20,10,1,9,132
19,60,48,26.440563201904297,27.718896865844727,2.5735297203063965,0.8999999761581421,0.0,20,10,1,9,133
19,60,49,26.514728546142578,27.715227127075195,2.5682015419006348,0.8500000238418579,0.0,21,10,1,8,138
19,60,50,26.526960372924805,27.82406997680664,2.4224367141723633,0.8500000238418579,0.0,22,10,1,7,139
19,60,51,26.526960372924805,27.82406997680664,2.4224367141723633,0.8500000238418579,0.0,22,10,1,7,147
19,60,52,26.526960372924805,27.82406997680664,2.4224367141723633,0.8500000238418579,0.0,22,10,1,7,151
19,60,53,26.526960372924805,27.82406997680664,2.4224367141723633,0.8500000238418579,0.0,23,10,1,6,155
19,60,54,26.590312957763672,27.711545944213867,2.5628437995910645,0.800000011920929,0.0,24,10,1,5,160
19,60,55,26.60256576538086,27.8207950592041,2.416477680206299,0.800000011920929,0.0,24,10,1,5,163
19,60,56,26.60256576538086,27.8207950592041,2.416477680206299,0.800000011920929,0.0,24,10,1,5,168
19,60,57,26.60256576538086,27.8207950592041,2.416477680206299,0.800000011920929,0.0,24,10,1,5,177
19,60,58,26.60256576538086,27.8207950592041,2.416477680206299,0.800000011920929,0.0,24,10,1,5,182
19,60,59,26.60256576538086,27.8207950592041,2.416477680206299,0.800000011920929,0.0,24,10,1,5,185
19,60,60,26.60256576538086,27.8207950592041,2.416477680206299,0.800000011920929,0.0,24,10,1,5,187
19,60,61,26.60256576538086,27.8207950592041,2.416477680206299,0.800000011920929,0.0,24,10,1,5,191
19,60,62,26.60256576538086,27.8207950592041,2.416477680206299,0.800000011920929,0.0,25,10,1,4,195
19,60,63,26.60256576538086,27.8207950592041,2.416477680206299,0.800000011920929,0.0,25,10,1,4,200
19,60,64,26.60256576538086,27.8207950592041,2.416477680206299,0.800000011920929,0.0,25,10,1,4,203
19,60,65,26.60256576538086,27.8207950592041,2.416477680206299,0.800000011920929,0.0,25,10,1,4,207
19,60,66,26.60256576538086,27.8207950592041,2.416477680206299,0.800000011920929,0.0,25,10,1,4,210
19,60,67,26.60256576538086,27.8207950592041,2.416477680206299,0.800000011920929,0.0,25,10,1,4,215
19,60,68,26.60256576538086,27.8207950592041,2.416477680206299,0.800000011920929,0.0,25,10,1,4,221
19,60,69,26.60256576538086,27.8207950592041,2.416477680206299,0.800000011920929,0.0,25,10,1,4,224
19,60,70,26.60256576538086,27.8207950592041,2.416477680206299,0.800000011920929,0.0,25,10,1,4,229
19,60,71,26.60256576538086,27.8207950592041,2.416477680206299,0.800000011920929,0.0,25,10,1,4,229
19,60,72,26.60256576538086,27.8207950592041,2.416477680206299,0.800000011920929,0.0,25,10,1,4,231
19,60,73,26.60256576538086,27.8207950592041,2.416477680206299,0.800000011920929,0.0,25,10,1,4,234
19,60,74,26.60256576538086,27.8207950592041,2.416477680206299,0.800000011920929,0.0,25,10,1,4,238
19,60,75,26.60256576538086,27.8207950592041,2.416477680206299,0.800000011920929,0.0,25,10,1,4,245
19,60,76,26.667234420776367,27.707860946655273,2.557457685470581,0.75,0.0,25,10,1,4,250
19,60,77,26.679513931274414,27.817474365234375,2.4105396270751953,0.75,0.0,25,10,1,4,258
19,60,78,26.745407104492188,27.704174041748047,2.552044630050659,0.699999988079071,0.0,25,10,1,4,263
19,60,79,26.82472801208496,27.700498580932617,2.5466060638427734,0.6499999761581421,0.0,25,10,1,4,268
19,60,80,26.83706283569336,27.810714721679688,2.3987433910369873,0.6499999761581421,0.0,25,10,1,4,273
19,60,81,26.83706283569336,27.810714721679688,2.3987433910369873,0.6499999761581421,0.0,25,10,1,4,279
19,60,82,26.90509033203125,27.69683837890625,2.5411434173583984,0.6000000238418579,0.0,25,10,1,4,282
19,60,83,26.917455673217773,27.807287216186523,2.3928940296173096,0.6000000238418579,0.0,25,10,1,4,283
19,60,84,26.917455673217773,27.807287216186523,2.3928940296173096,0.6000000238418579,0.0,25,10,1,4,290
19,60,85,26.917455673217773,27.807287216186523,2.3928940296173096,0.6000000238418579,0.0,25,10,1,4,298
19,60,86,26.917455673217773,27.807287216186523,2.3928940296173096,0.6000000238418579,0.0,25,10,1,4,306
19,60,87,26.917455673217773,27.807287216186523,2.3928940296173096,0.6000000238418579,0.0,25,10,1,4,310
19,60,88,26.917455673217773,27.807287216186523,2.3928940296173096,0.6000000238418579,0.0,25,10,1,4,313
19,60,89,26.917455673217773,27.807287216186523,2.3928940296173096,0.6000000238418579,0.0,26,10,1,3,321
19,60,90,26.917455673217773,27.807287216186523,2.3928940296173096,0.6000000238418579,0.0,26,10,1,3,328
19,60,91,26.917455673217773,27.807287216186523,2.3928940296173096,0.6000000238418579,0.0,26,10,1,3,334
19,60,92,26.917455673217773,27.807287216186523,2.3928940296173096,0.6000000238418579,0.0,26,10,1,3,338
19,60,93,26.917455673217773,27.807287216186523,2.3928940296173096,0.6000000238418579,0.0,26,10,1,3,346
19,60,94,26.917455673217773,27.807287216186523,2.3928940296173096,0.6000000238418579,0.0,26,10,1,3,352
19,60,95,26.917455673217773,27.807287216186523,2.3928940296173096,0.6000000238418579,0.0,26,10,1,3,360
19,60,96,26.917455673217773,27.807287216186523,2.3928940296173096,0.6000000238418579,0.0,26,10,1,3,368
19,60,97,26.917455673217773,27.807287216186523,2.3928940296173096,0.6000000238418579,0.0,26,10,1,3,372
19,60,98,26.917455673217773,27.807287216186523,2.3928940296173096,0.6000000238418579,0.0,26,10,1,3,378
19,60,99,26.98637580871582,27.693199157714844,2.5356578826904297,0.550000011920929,0.0,26,10,1,3,381
19,60,100,27.068456649780273,27.689590454101562,2.5301513671875,0.5,0.0,27,10,1,2,392
19,60,101,27.080883026123047,27.80036735534668,2.3813130855560303,0.5,0.0,27,10,1,2,398
19,60,102,27.151201248168945,27.686019897460938,2.524624824523926,0.44999998807907104,0.0,27,10,1,2,408
19,60,103,27.234466552734375,27.682491302490234,2.51908016204834,0.4000000059604645,0.0,27,10,1,2,413
19,60,104,27.24695587158203,27.79339599609375,2.36991286277771,0.4000000059604645,0.0,27,10,1,2,420
19,60,105,27.24695587158203,27.79339599609375,2.36991286277771,0.4000000059604645,0.0,28,10,1,1,426
19,60,106,27.3181095123291,27.679014205932617,2.513518810272217,0.3499999940395355,0.0,28,10,1,1,431
19,60,107,27.330629348754883,27.789907455444336,2.364288091659546,0.3499999940395355,0.0,28,10,1,1,435
19,60,108,27.401979446411133,27.675594329833984,2.5079429149627686,0.30000001192092896,0.0,28,10,1,1,441
19,60,109,27.414533615112305,27.786426544189453,2.358717203140259,0.30000001192092896,0.0,28,10,1,1,446
19,60,110,27.414533615112305,27.786426544189453,2.358717203140259,0.30000001192092896,0.0,29,10,1,0,452
20,61,1,25.948577880859375,28.055681228637695,2.828331470489502,1.0,0.10000000149011612,0,0,0,40,3
20,61,2,26.406646728515625,27.839540481567383,2.4497125148773193,1.0,0.10000000149011612,0,0,0,40,3
20,61,3,26.406646728515625,27.839540481567383,2.4497125148773193,1.0,0.10000000149011612,0,0,0,40,3
20,61,4,26.406646728515625,27.839540481567383,2.4497125148773193,1.0,0.10000000149011612,0,1,0,39,4
20,61,5,26.406646728515625,27.839540481567383,2.4497125148773193,1.0,0.10000000149011612,0,1,0,39,5
20,61,6,26.406646728515625,27.839540481567383,2.4497125148773193,1.0,0.10000000149011612,0,1,0,39,5
20,61,7,26.406646728515625,27.839540481567383,2.4497125148773193,1.0,0.10000000149011612,0,1,0,39,6
20,61,8,26.406646728515625,27.839540481567383,2.4497125148773193,1.0,0.10000000149011612,1,1,0,38,7
20,61,9,26.406646728515625,27.839540481567383,2.4497125148773193,1.0,0.10000000149011612,2,1,0,37,8
20,61,10,26.406646728515625,27.839540481567383,2.4497125148773193,1.0,0.10000000149011612,2,1,0,37,11
20,61,11,26.224485397338867,27.866111755371094,2.4896271228790283,1.0,0.05000000074505806,3,1,0,36,12
20,61,12,26.35731315612793,27.83656883239746,2.4449892044067383,1.0,0.05000000074505806,3,1,0,36,14
20,61,13,26.35731315612793,27.83656883239746,2.4449892044067383,1.0,0.05000000074505806,3,2,0,35,18
20,61,14,26.176746368408203,27.86298942565918,2.4849443435668945,1.0,0.0,3,3,0,34,19
20,61,15,26.30893325805664,27.83357810974121,2.4403908252716064,1.0,0.0,3,3,0,34,21
20,61,16,26.30893325805664,27.83357810974121,2.4403908252716064,1.0,0.0,3,3,0,34,24
20,61,17,26.30893325805664,27.83357810974121,2.4403908252716064,1.0,0.0,3,3,0,34,28
20,61,18,26.30893325805664,27.83357810974121,2.4403908252716064,1.0,0.0,3,3,1,33,32
20,61,19,26.30893325805664,27.83357810974121,2.4403908252716064,1.0,0.0,4,3,1,32,34
20,61,20,26.30893325805664,27.83357810974121,2.4403908252716064,1.0,0.0,5,3,1,31,36
20,61,21,26.30893325805664,27.83357810974121,2.4403908252716064,1.0,0.0,5,3,2,30,44
20,61,22,26.30893325805664,27.83357810974121,2.4403908252716064,1.0,0.0,6,3,2,29,48
20,61,23,26.30893325805664,27.83357810974121,2.4403908252716064,1.0,0.0,6,3,2,29,49
20,61,24,26.30893325805664,27.83357810974121,2.4403908252716064,1.0,0.0,7,3,2,28,54
20,61,25,26.30893325805664,27.83357810974121,2.4403908252716064,1.0,0.0,8,3,2,27,56
20,61,26,26.30893325805664,27.83357810974121,2.4403908252716064,1.0,0.0,8,3,2,27,58
20,61,27,26.30893325805664,27.83357810974121,2.4403908252716064,1.0,0.0,8,3,2,27,60
20,61,28,26.30893325805664,27.83357810974121,2.4403908252716064,1.0,0.0,8,3,2,27,67
20,61,29,26.30893325805664,27.83357810974121,2.4403908252716064,1.0,0.0,8,3,4,25,73
20,61,30,26.30893325805664,27.83357810974121,2.4403908252716064,1.0,0.0,8,3,4,25,74
20,61,31,26.30893325805664,27.83357810974121,2.4403908252716064,1.0,0.0,10,3,4,23,80
20,61,32,26.367881774902344,27.72254753112793,2.578826904296875,0.949999988079071,0.0,10,3,5,22,83
20,61,33,26.380081176757812,27.830467224121094,2.4343979358673096,0.949999988079071,0.0,10,3,5,22,89
20,61,34,26.440563201904297,27.718896865844727,2.5735297203063965,0.8999999761581421,0.0,10,3,5,22,94
20,61,35,26.452775955200195,27.827295303344727,2.4284114837646484,0.8999999761581421,0.0,10,3,5,22,98
20,61,36,26.452775955200195,27.827295303344727,2.4284114837646484,0.8999999761581421,0.0,10,3,6,21,104
20,61,37,26.452775955200195,27.827295303344727,2.4284114837646484,0.8999999761581421,0.0,10,3,6,21,110
20,61,38,26.452775955200195,27.827295303344727,2.4284114837646484,0.8999999761581421,0.0,10,3,6,21,115
20,61,39,26.452775955200195,27.827295303344727,2.4284114837646484,0.8999999761581421,0.0,10,3,6,21,118
20,61,40,26.514728546142578,27.715227127075195,2.5682015419006348,0.8500000238418579,0.0,10,3,6,21,122
20,61,41,26.526960372924805,27.82406997680664,2.4224367141723633,0.8500000238418579,0.0,10,3,6,21,125
20,61,42,26.526960372924805,27.82406997680664,2.4224367141723633,0.8500000238418579,0.0,12,3,6,19,128
20,61,43,26.526960372924805,27.82406997680664,2.4224367141723633,0.8500000238418579,0.0,12,3,7,18,131
20,61,44,26.526960372924805,27.82406997680664,2.4224367141723633,0.8500000238418579,0.0,12,3,7,18,134
20,61,45,26.526960372924805,27.82406997680664,2.4224367141723633,0.8500000238418579,0.0,12,3,7,18,140
20,61,46,26.590312957763672,27.711545944213867,2.5628437995910645,0.800000011920929,0.0,13,3,7,17,144
20,61,47,26.60256576538086,27.8207950592041,2.416477680206299,0.800000011920929,0.0,13,3,7,17,151
20,61,48,26.667234420776367,27.707860946655273,2.557457685470581,0.75,0.0,13,3,7,17,155
20,61,49,26.745407104492188,27.704174041748047,2.552044630050659,0.699999988079071,0.0,13,3,7,17,159
20,61,50,26.75771141052246,27.814111709594727,2.4046266078948975,0.699999988079071,0.0,14,3,7,16,165
20,61,51,26.75771141052246,27.814111709594727,2.4046266078948975,0.699999988079071,0.0,15,3,7,15,169
20,61,52,26.82472801208496,27.700498580932617,2.5466060638427734,0.6499999761581421,0.0,16,3,7,14,176
20,61,53,26.90509033203125,27.69683837890625,2.5411434173583984,0.6000000238418579,0.0,17,3,7,13,177
20,61,54,26.917455673217773,27.807287216186523,2.3928940296173096,0.6000000238418579,0.0,17,3,7,13,183
20,61,55,26.917455673217773,27.807287216186523,2.3928940296173096,0.6000000238418579,0.0,17,3,7,13,189
20,61,56,26.917455673217773,27.807287216186523,2.3928940296173096,0.6000000238418579,0.0,19,3,7,11,194
20,61,57,26.917455673217773,27.807287216186523,2.3928940296173096,0.6000000238418579,0.0,19,3,7,11,200
20,61,58,26.917455673217773,27.807287216186523,2.3928940296173096,0.6000000238418579,0.0,20,3,7,10,207
20,61,59,26.917455673217773,27.807287216186523,2.3928940296173096,0.6000000238418579,0.0,20,3,7,10,212
20,61,60,26.917455673217773,27.807287216186523,2.3928940296173096,0.6000000238418579,0.0,20,3,7,10,217
20,61,61,26.917455673217773,27.807287216186523,2.3928940296173096,0.6000000238418579,0.0,21,3,7,9,224
20,61,62,26.917455673217773,27.807287216186523,2.3928940296173096,0.6000000238418579,0.0,22,3,7,8,234
20,61,63,26.917455673217773,27.807287216186523,2.3928940296173096,0.6000000238418579,0.0,23,3,7,7,241
20,61,64,26.917455673217773,27.807287216186523,2.3928940296173096,0.6000000238418579,0.0,24,3,7,6,247
20,61,65,26.98637580871582,27.693199157714844,2.5356578826904297,0.550000011920929,0.0,24,3,7,6,256
20,61,66,26.99877166748047,27.803836822509766,2.387082815170288,0.550000011920929,0.0,24,3,7,6,266
20,61,67,26.99877166748047,27.803836822509766,2.387082815170288,0.550000011920929,0.0,24,3,7,6,275
20,61,68,26.99877166748047,27.803836822509766,2.387082815170288,0.550000011920929,0.0,24,3,7,6,284
20,61,69,26.99877166748047,27.803836822509766,2.387082815170288,0.550000011920929,0.0,24,3,7,6,295
20,61,70,27.068456649780273,27.689590454101562,2.5301513671875,0.5,0.0,24,3,7,6,301
20,61,71,27.080883026123047,27.80036735534668,2.3813130855560303,0.5,0.0,24,3,7,6,307
20,61,72,27.080883026123047,27.80036735534668,2.3813130855560303,0.5,0.0,24,3,7,6,315
20,61,73,27.080883026123047,27.80036735534668,2.3813130855560303,0.5,0.0,24,3,7,6,324
20,61,74,27.151201248168945,27.686019897460938,2.524624824523926,0.44999998807907104,0.0,24,3,7,6,333
20,61,75,27.163658142089844,27.796884536743164,2.3755886554718018,0.44999998807907104,0.0,24,3,7,6,340
20,61,76,27.163658142089844,27.796884536743164,2.3755886554718018,0.44999998807907104,0.0,24,3,7,6,346
20,61,77,27.163658142089844,27.796884536743164,2.3755886554718018,0.44999998807907104,0.0,24,3,7,6,352
20,61,78,27.163658142089844,27.796884536743164,2.3755886554718018,0.44999998807907104,0.0,24,3,7,6,354
20,61,79,27.163658142089844,27.796884536743164,2.3755886554718018,0.44999998807907104,0.0,25,3,7,5,358
20,61,80,27.163658142089844,27.796884536743164,2.3755886554718018,0.44999998807907104,0.0,25,3,7,5,365
20,61,81,27.163658142089844,27.796884536743164,2.3755886554718018,0.44999998807907104,0.0,27,3,7,3,373
20,61,82,27.234466552734375,27.682491302490234,2.51908016204834,0.4000000059604645,0.0,27,3,7,3,382
20,61,83,27.3181095123291,27.679014205932617,2.513518810272217,0.3499999940395355,0.0,27,3,7,3,391
20,61,84,27.330629348754883,27.789907455444336,2.364288091659546,0.3499999940395355,0.0,27,3,7,3,396
20,61,85,27.330629348754883,27.789907455444336,2.364288091659546,0.3499999940395355,0.0,28,3,7,2,400
20,61,86,27.401979446411133,27.675594329833984,2.5079429149627686,0.30000001192092896,0.0,28,3,7,2,412
20,61,87,27.414533615112305,27.786426544189453,2.358717203140259,0.30000001192092896,0.0,29,3,7,1,420
20,61,88,27.414533615112305,27.786426544189453,2.358717203140259,0.30000001192092896,0.0,29,3,7,1,435
20,61,89,27.48592758178711,27.672237396240234,2.502354145050049,0.25,0.0,30,3,7,0,441
21,62,1,25.971050262451172,28.057424545288086,2.830720901489258,1.0,0.15000000596046448,0,0,0,40,1
21,62,2,26.45689582824707,27.842493057250977,2.454549789428711,1.0,0.15000000596046448,0,2,0,38,2
21,62,3,26.45689582824707,27.842493057250977,2.454549789428711,1.0,0.15000000596046448,1,2,0,37,3
21,62,4,26.27320098876953,27.86920166015625,2.4944097995758057,1.0,0.10000000149011612,1,2,0,37,5
21,62,5,26.406646728515625,27.839540481567383,2.4497125148773193,1.0,0.10000000149011612,1,2,0,37,5
21,62,6,26.406646728515625,27.839540481567383,2.4497125148773193,1.0,0.10000000149011612,1,4,0,35,6
21,62,7,26.406646728515625,27.839540481567383,2.4497125148773193,1.0,0.10000000149011612,1,4,0,35,7
21,62,8,26.406646728515625,27.839540481567383,2.4497125148773193,1.0,0.10000000149011612,1,4,0,35,9
21,62,9,26.224485397338867,27.866111755371094,2.4896271228790283,1.0,0.05000000074505806,1,4,0,35,13
21,62,10,26.35731315612793,27.83656883239746,2.4449892044067383,1.0,0.05000000074505806,1,4,0,35,14
21,62,11,26.176746368408203,27.86298942565918,2.4849443435668945,1.0,0.0,1,4,0,35,15
21,62,12,26.30893325805664,27.83357810974121,2.4403908252716064,1.0,0.0,1,4,1,34,17
21,62,13,26.30893325805664,27.83357810974121,2.4403908252716064,1.0,0.0,1,4,1,34,20
21,62,14,26.30893325805664,27.83357810974121,2.4403908252716064,1.0,0.0,2,4,1,33,23
21,62,15,26.30893325805664,27.83357810974121,2.4403908252716064,1.0,0.0,3,4,1,32,27
21,62,16,26.30893325805664,27.83357810974121,2.4403908252716064,1.0,0.0,3,4,1,32,31
21,62,17,26.30893325805664,27.83357810974121,2.4403908252716064,1.0,0.0,3,4,1,32,33
21,62,18,26.30893325805664,27.83357810974121,2.4403908252716064,1.0,0.0,4,4,4,28,38
21,62,19,26.30893325805664,27.83357810974121,2.4403908252716064,1.0,0.0,4,4,4,28,40
21,62,20,26.30893325805664,27.83357810974121,2.4403908252716064,1.0,0.0,4,4,4,28,43
21,62,21,26.367881774902344,27.72254753112793,2.578826904296875,0.949999988079071,0.0,5,4,5,26,46
21,62,22,26.440563201904297,27.718896865844727,2.5735297203063965,0.8999999761581421,0.0,5,4,5,26,49
21,62,23,26.514728546142578,27.715227127075195,2.5682015419006348,0.8500000238418579,0.0,5,4,5,26,51
21,62,24,26.526960372924805,27.82406997680664,2.4224367141723633,0.8500000238418579,0.0,5,4,6,25,56
21,62,25,26.526960372924805,27.82406997680664,2.4224367141723633,0.8500000238418579,0.0,5,4,6,25,58
21,62,26,26.526960372924805,27.82406997680664,2.4224367141723633,0.8500000238418579,0.0,5,4,6,25,63
21,62,27,26.590312957763672,27.711545944213867,2.5628437995910645,0.800000011920929,0.0,5,4,6,25,64
21,62,28,26.667234420776367,27.707860946655273,2.557457685470581,0.75,0.0,6,4,6,24,67
21,62,29,26.679513931274414,27.817474365234375,2.4105396270751953,0.75,0.0,8,4,6,22,70
21,62,30,26.679513931274414,27.817474365234375,2.4105396270751953,0.75,0.0,8,4,7,21,74
21,62,31,26.679513931274414,27.817474365234375,2.4105396270751953,0.75,0.0,9,4,7,20,78
21,62,32,26.745407104492188,27.704174041748047,2.552044630050659,0.699999988079071,0.0,10,4,7,19,85
21,62,33,26.75771141052246,27.814111709594727,2.4046266078948975,0.699999988079071,0.0,11,4,7,18,91
21,62,34,26.75771141052246,27.814111709594727,2.4046266078948975,0.699999988079071,0.0,11,4,7,18,97
21,62,35,26.82472801208496,27.700498580932617,2.5466060638427734,0.6499999761581421,0.0,11,4,7,18,106
21,62,36,26.83706283569336,27.810714721679688,2.3987433910369873,0.6499999761581421,0.0,11,4,7,18,111
21,62,37,26.83706283569336,27.810714721679688,2.3987433910369873,0.6499999761581421,0.0,11,4,7,18,115
21,62,38,26.83706283569336,27.810714721679688,2.3987433910369873,0.6499999761581421,0.0,11,4,7,18,116
21,62,39,26.83706283569336,27.810714721679688,2.3987433910369873,0.6499999761581421,0.0,13,4,7,16,120
21,62,40,26.90509033203125,27.69683837890625,2.5411434173583984,0.6000000238418579,0.0,13,4,7,16,125
21,62,41,26.917455673217773,27.807287216186523,2.3928940296173096,0.6000000238418579,0.0,13,4,8,15,130
21,62,42,26.917455673217773,27.807287216186523,2.3928940296173096,0.6000000238418579,0.0,13,4,8,15,135
21,62,43,26.917455673217773,27.807287216186523,2.3928940296173096,0.6000000238418579,0.0,13,4,8,15,140
21,62,44,26.917455673217773,27.807287216186523,2.3928940296173096,0.6000000238418579,0.0,13,4,8,15,141
21,62,45,26.917455673217773,27.807287216186523,2.3928940296173096,0.6000000238418579,0.0,13,4,8,15,147
21,62,46,26.98637580871582,27.693199157714844,2.5356578826904297,0.550000011920929,0.0,14,4,8,14,151
21,62,47,27.068456649780273,27.689590454101562,2.5301513671875,0.5,0.0,15,4,9,12,153
21,62,48,27.080883026123047,27.80036735534668,2.3813130855560303,0.5,0.0,15,4,10,11,158
21,62,49,27.080883026123047,27.80036735534668,2.3813130855560303,0.5,0.0,15,4,10,11,159
21,62,50,27.080883026123047,27.80036735534668,2.3813130855560303,0.5,0.0,15,4,10,11,164
21,62,51,27.151201248168945,27.686019897460938,2.524624824523926,0.44999998807907104,0.0,15,4,10,11,170
21,62,52,27.163658142089844,27.796884536743164,2.3755886554718018,0.44999998807907104,0.0,16,4,10,10,173
21,62,53,27.163658142089844,27.796884536743164,2.3755886554718018,0.44999998807907104,0.0,16,4,10,10,180
21,62,54,27.234466552734375,27.682491302490234,2.51908016204834,0.4000000059604645,0.0,16,4,10,10,183
21,62,55,27.24695587158203,27.79339599609375,2.36991286277771,0.4000000059604645,0.0,17,4,10,9,189
21,62,56,27.3181095123291,27.679014205932617,2.513518810272217,0.3499999940395355,0.0,17,4,10,9,194
21,62,57,27.330629348754883,27.789907455444336,2.364288091659546,0.3499999940395355,0.0,17,4,10,9,204
21,62,58,27.401979446411133,27.675594329833984,2.5079429149627686,0.30000001192092896,0.0,17,4,10,9,215
21,62,59,27.414533615112305,27.786426544189453,2.358717203140259,0.30000001192092896,0.0,17,4,10,9,220
21,62,60,27.414533615112305,27.786426544189453,2.358717203140259,0.30000001192092896,0.0,17,4,10,9,228
21,62,61,27.414533615112305,27.786426544189453,2.358717203140259,0.30000001192092896,0.0,17,4,10,9,238
21,62,62,27.414533615112305,27.786426544189453,2.358717203140259,0.30000001192092896,0.0,17,4,10,9,242
21,62,63,27.414533615112305,27.786426544189453,2.358717203140259,0.30000001192092896,0.0,17,4,10,9,248
21,62,64,27.48592758178711,27.672237396240234,2.502354145050049,0.25,0.0,17,4,10,9,257
21,62,65,27.49851417541504,27.782957077026367,2.3532023429870605,0.25,0.0,17,4,10,9,264
21,62,66,27.49851417541504,27.782957077026367,2.3532023429870605,0.25,0.0,17,4,10,9,268
21,62,67,27.49851417541504,27.782957077026367,2.3532023429870605,0.25,0.0,18,4,10,8,271
21,62,68,27.49851417541504,27.782957077026367,2.3532023429870605,0.25,0.0,19,4,10,7,279
21,62,69,27.569801330566406,27.668949127197266,2.4967546463012695,0.20000000298023224,0.0,19,4,10,7,289
21,62,70,27.58242416381836,27.77950668334961,2.347744941711426,0.20000000298023224,0.0,19,4,10,7,295
21,62,71,27.58242416381836,27.77950668334961,2.347744941711426,0.20000000298023224,0.0,19,4,10,7,299
21,62,72,27.58242416381836,27.77950668334961,2.347744941711426,0.20000000298023224,0.0,20,4,10,6,306
21,62,73,27.65345001220703,27.665735244750977,2.4911465644836426,0.15000000596046448,0.0,20,4,10,6,310
21,62,74,27.66611099243164,27.776081085205078,2.342346668243408,0.15000000596046448,0.0,21,4,10,5,317
21,62,75,27.66611099243164,27.776081085205078,2.342346668243408,0.15000000596046448,0.0,22,4,10,4,330
21,62,76,27.66611099243164,27.776081085205078,2.342346668243408,0.15000000596046448,0.0,22,4,11,3,339
21,62,77,27.66611099243164,27.776081085205078,2.342346668243408,0.15000000596046448,0.0,22,4,11,3,345
21,62,78,27.66611099243164,27.776081085205078,2.342346668243408,0.15000000596046448,0.0,22,4,11,3,356
21,62,79,27.66611099243164,27.776081085205078,2.342346668243408,0.15000000596046448,0.0,22,4,11,3,367
21,62,80,27.66611099243164,27.776081085205078,2.342346668243408,0.15000000596046448,0.0,22,4,11,3,375
21,62,81,27.66611099243164,27.776081085205078,2.342346668243408,0.15000000596046448,0.0,22,4,11,3,388
21,62,82,27.66611099243164,27.776081085205078,2.342346668243408,0.15000000596046448,0.0,22,4,11,3,399
21,62,83,27.66611099243164,27.776081085205078,2.342346668243408,0.15000000596046448,0.0,23,4,11,2,406
21,62,84,27.73672866821289,27.662599563598633,2.485531806945801,0.10000000149011612,0.0,23,4,11,2,413
21,62,85,27.749427795410156,27.772687911987305,2.3370087146759033,0.10000000149011612,0.0,23,4,11,2,422
21,62,86,27.749427795410156,27.772687911987305,2.3370087146759033,0.10000000149011612,0.0,24,4,11,1,425
21,62,87,27.749427795410156,27.772687911987305,2.3370087146759033,0.10000000149011612,0.0,24,4,11,1,430
21,62,88,27.749427795410156,27.772687911987305,2.3370087146759033,0.10000000149011612,0.0,24,4,11,1,438
21,62,89,27.749427795410156,27.772687911987305,2.3370087146759033,0.10000000149011612,0.0,24,4,11,1,441
21,62,90,27.749427795410156,27.772687911987305,2.3370087146759033,0.10000000149011612,0.0,24,4,11,1,446
21,62,91,27.749427795410156,27.772687911987305,2.3370087146759033,0.10000000149011612,0.0,24,4,11,1,452
21,62,92,27.749427795410156,27.772687911987305,2.3370087146759033,0.10000000149011612,0.0,24,4,11,1,456
21,62,93,27.819488525390625,27.659547805786133,2.4799129962921143,0.05000000074505806,0.0,24,4,11,1,466
21,62,94,27.832233428955078,27.769329071044922,2.3317315578460693,0.05000000074505806,0.0,24,4,11,1,472
21,62,95,27.832233428955078,27.769329071044922,2.3317315578460693,0.05000000074505806,0.0,24,4,11,1,481
21,62,96,27.832233428955078,27.769329071044922,2.3317315578460693,0.05000000074505806,0.0,24,4,11,1,484
21,62,97,27.832233428955078,27.769329071044922,2.3317315578460693,0.05000000074505806,0.0,24,4,11,1,493
21,62,98,27.901596069335938,27.656583786010742,2.474292755126953,0.0,0.0,24,4,11,1,497
21,62,99,27.91438865661621,27.766014099121094,2.3265156745910645,0.0,0.0,24,4,12,0,506
22,63,1,25.948577880859375,28.055681228637695,2.828331470489502,1.0,0.10000000149011612,0,0,0,40,2
22,63,2,26.406646728515625,27.839540481567383,2.4497125148773193,1.0,0.10000000149011612,0,0,0,40,2
22,63,3,26.406646728515625,27.839540481567383,2.4497125148773193,1.0,0.10000000149011612,0,0,0,40,2
22,63,4,26.406646728515625,27.839540481567383,2.4497125148773193,1.0,0.10000000149011612,1,0,0,39,3
22,63,5,26.224485397338867,27.866111755371094,2.4896271228790283,1.0,0.05000000074505806,1,0,0,39,4
22,63,6,26.35731315612793,27.83656883239746,2.4449892044067383,1.0,0.05000000074505806,1,0,0,39,5
22,63,7,26.35731315612793,27.83656883239746,2.4449892044067383,1.0,0.05000000074505806,2,0,0,38,6
22,63,8,26.35731315612793,27.83656883239746,2.4449892044067383,1.0,0.05000000074505806,2,0,0,38,6
22,63,9,26.35731315612793,27.83656883239746,2.4449892044067383,1.0,0.05000000074505806,3,0,1,36,7
22,63,10,26.35731315612793,27.83656883239746,2.4449892044067383,1.0,0.05000000074505806,3,0,1,36,9
22,63,11,26.35731315612793,27.83656883239746,2.4449892044067383,1.0,0.05000000074505806,3,0,1,36,12
22,63,12,26.35731315612793,27.83656883239746,2.4449892044067383,1.0,0.05000000074505806,3,0,1,36,12
22,63,13,26.35731315612793,27.83656883239746,2.4449892044067383,1.0,0.05000000074505806,3,1,1,35,13
22,63,14,26.35731315612793,27.83656883239746,2.4449892044067383,1.0,0.05000000074505806,3,1,1,35,14
22,63,15,26.35731315612793,27.83656883239746,2.4449892044067383,1.0,0.05000000074505806,3,1,1,35,15
22,63,16,26.35731315612793,27.83656883239746,2.4449892044067383,1.0,0.05000000074505806,3,1,1,35,17
22,63,17,26.35731315612793,27.83656883239746,2.4449892044067383,1.0,0.05000000074505806,4,1,1,34,18
22,63,18,26.35731315612793,27.83656883239746,2.4449892044067383,1.0,0.05000000074505806,4,1,1,34,19
22,63,19,26.35731315612793,27.83656883239746,2.4449892044067383,1.0,0.05000000074505806,5,1,1,33,20
22,63,20,26.35731315612793,27.83656883239746,2.4449892044067383,1.0,0.05000000074505806,5,1,1,33,24
22,63,21,26.176746368408203,27.86298942565918,2.4849443435668945,1.0,0.0,5,2,1,32,26
22,63,22,26.30893325805664,27.83357810974121,2.4403908252716064,1.0,0.0,6,2,1,31,31
22,63,23,26.30893325805664,27.83357810974121,2.4403908252716064,1.0,0.0,7,3,2,28,33
22,63,24,26.30893325805664,27.83357810974121,2.4403908252716064,1.0,0.0,7,4,3,26,34
22,63,25,26.30893325805664,27.83357810974121,2.4403908252716064,1.0,0.0,8,5,3,24,38
22,63,26,26.30893325805664,27.83357810974121,2.4403908252716064,1.0,0.0,8,5,3,24,42
22,63,27,26.30893325805664,27.83357810974121,2.4403908252716064,1.0,0.0,8,6,3,23,46
22,63,28,26.30893325805664,27.83357810974121,2.4403908252716064,1.0,0.0,8,6,4,22,49
22,63,29,26.30893325805664,27.83357810974121,2.4403908252716064,1.0,0.0,8,6,5,21,54
22,63,30,26.30893325805664,27.83357810974121,2.4403908252716064,1.0,0.0,8,6,5,21,59
22,63,31,26.30893325805664,27.83357810974121,2.4403908252716064,1.0,0.0,8,6,5,21,64
22,63,32,26.30893325805664,27.83357810974121,2.4403908252716064,1.0,0.0,8,6,5,21,70
22,63,33,26.30893325805664,27.83357810974121,2.4403908252716064,1.0,0.0,9,6,5,20,78
22,63,34,26.30893325805664,27.83357810974121,2.4403908252716064,1.0,0.0,10,6,7,17,83
22,63,35,26.30893325805664,27.83357810974121,2.4403908252716064,1.0,0.0,11,6,7,16,86
22,63,36,26.30893325805664,27.83357810974121,2.4403908252716064,1.0,0.0,11,6,7,16,89
22,63,37,26.30893325805664,27.83357810974121,2.4403908252716064,1.0,0.0,11,6,7,16,92
22,63,38,26.30893325805664,27.83357810974121,2.4403908252716064,1.0,0.0,11,6,7,16,98
22,63,39,26.30893325805664,27.83357810974121,2.4403908252716064,1.0,0.0,13,6,7,14,102
22,63,40,26.30893325805664,27.83357810974121,2.4403908252716064,1.0,0.0,14,6,7,13,106
22,63,41,26.30893325805664,27.83357810974121,2.4403908252716064,1.0,0.0,15,6,7,12,109
22,63,42,26.30893325805664,27.83357810974121,2.4403908252716064,1.0,0.0,17,6,7,10,114
22,63,43,26.30893325805664,27.83357810974121,2.4403908252716064,1.0,0.0,17,6,7,10,116
22,63,44,26.30893325805664,27.83357810974121,2.4403908252716064,1.0,0.0,18,6,7,9,119
22,63,45,26.30893325805664,27.83357810974121,2.4403908252716064,1.0,0.0,18,6,7,9,122
22,63,46,26.30893325805664,27.83357810974121,2.4403908252716064,1.0,0.0,18,6,7,9,127
22,63,47,26.30893325805664,27.83357810974121,2.4403908252716064,1.0,0.0,18,6,7,9,132
22,63,48,26.30893325805664,27.83357810974121,2.4403908252716064,1.0,0.0,18,6,7,9,135
22,63,49,26.30893325805664,27.83357810974121,2.4403908252716064,1.0,0.0,18,6,7,9,141
22,63,50,26.30893325805664,27.83357810974121,2.4403908252716064,1.0,0.0,20,6,7,7,148
22,63,51,26.30893325805664,27.83357810974121,2.4403908252716064,1.0,0.0,21,6,7,6,153
22,63,52,26.30893325805664,27.83357810974121,2.4403908252716064,1.0,0.0,21,6,7,6,156
22,63,53,26.30893325805664,27.83357810974121,2.4403908252716064,1.0,0.0,21,6,7,6,162
22,63,54,26.367881774902344,27.72254753112793,2.578826904296875,0.949999988079071,0.0,21,6,7,6,170
22,63,55,26.380081176757812,27.830467224121094,2.4343979358673096,0.949999988079071,0.0,21,6,7,6,176
22,63,56,26.380081176757812,27.830467224121094,2.4343979358673096,0.949999988079071,0.0,21,6,7,6,178
22,63,57,26.380081176757812,27.830467224121094,2.4343979358673096,0.949999988079071,0.0,21,6,7,6,183
22,63,58,26.380081176757812,27.830467224121094,2.4343979358673096,0.949999988079071,0.0,21,6,7,6,188
22,63,59,26.380081176757812,27.830467224121094,2.4343979358673096,0.949999988079071,0.0,21,6,7,6,192
22,63,60,26.380081176757812,27.830467224121094,2.4343979358673096,0.949999988079071,0.0,21,6,7,6,204
22,63,61,26.380081176757812,27.830467224121094,2.4343979358673096,0.949999988079071,0.0,21,6,7,6,209
22,63,62,26.440563201904297,27.718896865844727,2.5735297203063965,0.8999999761581421,0.0,21,6,7,6,214
22,63,63,26.452775955200195,27.827295303344727,2.4284114837646484,0.8999999761581421,0.0,21,6,7,6,219
22,63,64,26.514728546142578,27.715227127075195,2.5682015419006348,0.8500000238418579,0.0,21,6,7,6,223
22,63,65,26.526960372924805,27.82406997680664,2.4224367141723633,0.8500000238418579,0.0,21,6,7,6,225
22,63,66,26.526960372924805,27.82406997680664,2.4224367141723633,0.8500000238418579,0.0,22,6,7,5,229
22,63,67,26.590312957763672,27.711545944213867,2.5628437995910645,0.800000011920929,0.0,22,6,7,5,236
22,63,68,26.667234420776367,27.707860946655273,2.557457685470581,0.75,0.0,22,6,7,5,241
22,63,69,26.745407104492188,27.704174041748047,2.552044630050659,0.699999988079071,0.0,22,6,7,5,242
22,63,70,26.75771141052246,27.814111709594727,2.4046266078948975,0.699999988079071,0.0,22,6,7,5,247
22,63,71,26.75771141052246,27.814111709594727,2.4046266078948975,0.699999988079071,0.0,22,6,7,5,252
22,63,72,26.75771141052246,27.814111709594727,2.4046266078948975,0.699999988079071,0.0,22,6,7,5,259
22,63,73,26.75771141052246,27.814111709594727,2.4046266078948975,0.699999988079071,0.0,22,6,7,5,268
22,63,74,26.75771141052246,27.814111709594727,2.4046266078948975,0.699999988079071,0.0,22,6,7,5,280
22,63,75,26.82472801208496,27.700498580932617,2.5466060638427734,0.6499999761581421,0.0,22,6,7,5,283
22,63,76,26.83706283569336,27.810714721679688,2.3987433910369873,0.6499999761581421,0.0,22,6,7,5,291
22,63,77,26.83706283569336,27.810714721679688,2.3987433910369873,0.6499999761581421,0.0,22,6,7,5,298
22,63,78,26.83706283569336,27.810714721679688,2.3987433910369873,0.6499999761581421,0.0,23,6,7,4,306
22,63,79,26.83706283569336,27.810714721679688,2.3987433910369873,0.6499999761581421,0.0,23,6,7,4,312
22,63,80,26.83706283569336,27.810714721679688,2.3987433910369873,0.6499999761581421,0.0,23,6,7,4,320
22,63,81,26.90509033203125,27.69683837890625,2.5411434173583984,0.6000000238418579,0.0,24,6,7,3,324
22,63,82,26.917455673217773,27.807287216186523,2.3928940296173096,0.6000000238418579,0.0,24,6,7,3,332
22,63,83,26.917455673217773,27.807287216186523,2.3928940296173096,0.6000000238418579,0.0,24,6,7,3,333
22,63,84,26.917455673217773,27.807287216186523,2.3928940296173096,0.6000000238418579,0.0,24,6,7,3,334
22,63,85,26.917455673217773,27.807287216186523,2.3928940296173096,0.6000000238418579,0.0,24,6,7,3,338
22,63,86,26.917455673217773,27.807287216186523,2.3928940296173096,0.6000000238418579,0.0,24,6,7,3,341
22,63,87,26.917455673217773,27.807287216186523,2.3928940296173096,0.6000000238418579,0.0,24,6,7,3,343
22,63,88,26.917455673217773,27.807287216186523,2.3928940296173096,0.6000000238418579,0.0,24,6,7,3,347
22,63,89,26.917455673217773,27.807287216186523,2.3928940296173096,0.6000000238418579,0.0,24,6,7,3,349
22,63,90,26.98637580871582,27.693199157714844,2.5356578826904297,0.550000011920929,0.0,26,6,7,1,349
22,63,91,26.99877166748047,27.803836822509766,2.387082815170288,0.550000011920929,0.0,26,6,7,1,352
22,63,92,26.99877166748047,27.803836822509766,2.387082815170288,0.550000011920929,0.0,26,6,7,1,353
22,63,93,26.99877166748047,27.803836822509766,2.387082815170288,0.550000011920929,0.0,26,6,7,1,355
22,63,94,26.99877166748047,27.803836822509766,2.387082815170288,0.550000011920929,0.0,26,6,7,1,358
22,63,95,26.99877166748047,27.803836822509766,2.387082815170288,0.550000011920929,0.0,26,6,7,1,361
22,63,96,26.99877166748047,27.803836822509766,2.387082815170288,0.550000011920929,0.0,26,6,7,1,364
22,63,97,26.99877166748047,27.803836822509766,2.387082815170288,0.550000011920929,0.0,26,6,7,1,370
22,63,98,26.99877166748047,27.803836822509766,2.387082815170288,0.550000011920929,0.0,26,6,7,1,372
22,63,99,26.99877166748047,27.803836822509766,2.387082815170288,0.550000011920929,0.0,27,6,7,0,374
23,64,1,26.01646614074707,28.060781478881836,2.835448741912842,1.0,0.25,0,0,0,40,3
23,64,2,26.559965133666992,27.84833526611328,2.4645168781280518,1.0,0.25,0,0,0,40,4
23,64,3,26.559965133666992,27.84833526611328,2.4645168781280518,1.0,0.25,0,0,0,40,4
23,64,4,26.559965133666992,27.84833526611328,2.4645168781280518,1.0,0.25,0,0,0,40,4
23,64,5,26.559965133666992,27.84833526611328,2.4645168781280518,1.0,0.25,1,0,0,39,4
23,64,6,26.559965133666992,27.84833526611328,2.4645168781280518,1.0,0.25,2,0,0,38,5
23,64,7,26.559965133666992,27.84833526611328,2.4645168781280518,1.0,0.25,3,2,0,35,8
23,64,8,26.373416900634766,27.875267028808594,2.504228115081787,1.0,0.20000000298023224,5,2,0,33,9
23,64,9,26.508018493652344,27.84542465209961,2.459488868713379,1.0,0.20000000298023224,5,2,0,33,11
23,64,10,26.508018493652344,27.84542465209961,2.459488868713379,1.0,0.20000000298023224,5,2,0,33,16
23,64,11,26.508018493652344,27.84542465209961,2.459488868713379,1.0,0.20000000298023224,5,2,0,33,20
23,64,12,26.322858810424805,27.87225341796875,2.4992809295654297,1.0,0.15000000596046448,5,2,0,33,23
23,64,13,26.51915740966797,27.73073959350586,2.594261407852173,0.949999988079071,0.15000000596046448,7,3,0,30,27
23,64,14,26.530290603637695,27.83941650390625,2.4486196041107178,0.949999988079071,0.15000000596046448,7,3,0,30,29
23,64,15,26.530290603637695,27.83941650390625,2.4486196041107178,0.949999988079071,0.15000000596046448,8,4,0,28,31
23,64,16,26.530290603637695,27.83941650390625,2.4486196041107178,0.949999988079071,0.15000000596046448,9,4,0,27,37
23,64,17,26.344669342041016,27.866331100463867,2.488647937774658,0.949999988079071,0.10000000149011612,9,5,0,26,40
23,64,18,26.479312896728516,27.836450576782227,2.443758964538574,0.949999988079071,0.10000000149011612,9,5,0,26,43
23,64,19,26.479312896728516,27.836450576782227,2.443758964538574,0.949999988079071,0.10000000149011612,9,5,0,26,45
23,64,20,26.479312896728516,27.836450576782227,2.443758964538574,0.949999988079071,0.10000000149011612,10,5,0,25,47
23,64,21,26.479312896728516,27.836450576782227,2.443758964538574,0.949999988079071,0.10000000149011612,10,5,0,25,52
23,64,22,26.5419864654541,27.724367141723633,2.5837762355804443,0.8999999761581421,0.10000000149011612,10,6,0,24,54
23,64,23,26.55350112915039,27.83329963684082,2.437812089920044,0.8999999761581421,0.10000000149011612,10,6,0,24,58
23,64,24,26.61758041381836,27.720714569091797,2.578479290008545,0.8500000238418579,0.10000000149011612,11,6,0,23,62
23,64,25,26.629146575927734,27.830087661743164,2.4318766593933105,0.8500000238418579,0.10000000149011612,11,6,0,23,63
23,64,26,26.629146575927734,27.830087661743164,2.4318766593933105,0.8500000238418579,0.10000000149011612,11,7,0,22,66
23,64,27,26.629146575927734,27.830087661743164,2.4318766593933105,0.8500000238418579,0.10000000149011612,11,7,0,22,67
23,64,28,26.629146575927734,27.830087661743164,2.4318766593933105,0.8500000238418579,0.10000000149011612,12,8,0,20,72
23,64,29,26.441360473632812,27.85725212097168,2.4722321033477783,0.8500000238418579,0.05000000074505806,12,8,0,20,76
23,64,30,26.577608108520508,27.82708740234375,2.427090644836426,0.8500000238418579,0.05000000074505806,12,9,0,19,80
23,64,31,26.577608108520508,27.82708740234375,2.427090644836426,0.8500000238418579,0.05000000074505806,12,9,0,19,82
23,64,32,26.391416549682617,27.854095458984375,2.4674735069274902,0.8500000238418579,0.0,13,10,0,17,87
23,64,33,26.590312957763672,27.711545944213867,2.5628437995910645,0.800000011920929,0.0,13,12,0,15,94
23,64,34,26.667234420776367,27.707860946655273,2.557457685470581,0.75,0.0,13,12,0,15,98
23,64,35,26.679513931274414,27.817474365234375,2.4105396270751953,0.75,0.0,13,12,0,15,101
23,64,36,26.679513931274414,27.817474365234375,2.4105396270751953,0.75,0.0,15,12,0,13,103
23,64,37,26.679513931274414,27.817474365234375,2.4105396270751953,0.75,0.0,15,12,0,13,107
23,64,38,26.679513931274414,27.817474365234375,2.4105396270751953,0.75,0.0,15,12,0,13,113
23,64,39,26.679513931274414,27.817474365234375,2.4105396270751953,0.75,0.0,15,12,0,13,117
23,64,40,26.679513931274414,27.817474365234375,2.4105396270751953,0.75,0.0,15,12,0,13,121
23,64,41,26.679513931274414,27.817474365234375,2.4105396270751953,0.75,0.0,15,12,0,13,126
23,64,42,26.679513931274414,27.817474365234375,2.4105396270751953,0.75,0.0,15,12,0,13,127
23,64,43,26.679513931274414,27.817474365234375,2.4105396270751953,0.75,0.0,15,12,0,13,129
23,64,44,26.679513931274414,27.817474365234375,2.4105396270751953,0.75,0.0,16,12,0,12,131
23,64,45,26.679513931274414,27.817474365234375,2.4105396270751953,0.75,0.0,16,12,0,12,135
23,64,46,26.679513931274414,27.817474365234375,2.4105396270751953,0.75,0.0,16,12,0,12,140
23,64,47,26.679513931274414,27.817474365234375,2.4105396270751953,0.75,0.0,17,12,0,11,148
23,64,48,26.745407104492188,27.704174041748047,2.552044630050659,0.699999988079071,0.0,17,12,0,11,153
23,64,49,26.75771141052246,27.814111709594727,2.4046266078948975,0.699999988079071,0.0,17,12,0,11,154
23,64,50,26.82472801208496,27.700498580932617,2.5466060638427734,0.6499999761581421,0.0,17,12,1,10,159
23,64,51,26.83706283569336,27.810714721679688,2.3987433910369873,0.6499999761581421,0.0,17,12,1,10,165
23,64,52,26.83706283569336,27.810714721679688,2.3987433910369873,0.6499999761581421,0.0,18,12,1,9,168
23,64,53,26.83706283569336,27.810714721679688,2.3987433910369873,0.6499999761581421,0.0,18,12,1,9,172
23,64,54,26.83706283569336,27.810714721679688,2.3987433910369873,0.6499999761581421,0.0,18,12,1,9,178
23,64,55,26.83706283569336,27.810714721679688,2.3987433910369873,0.6499999761581421,0.0,18,12,1,9,183
23,64,56,26.90509033203125,27.69683837890625,2.5411434173583984,0.6000000238418579,0.0,18,12,1,9,189
23,64,57,26.98637580871582,27.693199157714844,2.5356578826904297,0.550000011920929,0.0,18,12,1,9,195
23,64,58,27.068456649780273,27.689590454101562,2.5301513671875,0.5,0.0,18,12,1,9,200
23,64,59,27.080883026123047,27.80036735534668,2.3813130855560303,0.5,0.0,18,12,1,9,209
23,64,60,27.151201248168945,27.686019897460938,2.524624824523926,0.44999998807907104,0.0,18,12,1,9,216
23,64,61,27.163658142089844,27.796884536743164,2.3755886554718018,0.44999998807907104,0.0,18,12,1,9,223
23,64,62,27.163658142089844,27.796884536743164,2.3755886554718018,0.44999998807907104,0.0,18,12,1,9,227
23,64,63,27.234466552734375,27.682491302490234,2.51908016204834,0.4000000059604645,0.0,18,12,1,9,231
23,64,64,27.24695587158203,27.79339599609375,2.36991286277771,0.4000000059604645,0.0,19,12,1,8,238
23,64,65,27.24695587158203,27.79339599609375,2.36991286277771,0.4000000059604645,0.0,19,12,1,8,243
23,64,66,27.24695587158203,27.79339599609375,2.36991286277771,0.4000000059604645,0.0,20,12,1,7,251
23,64,67,27.24695587158203,27.79339599609375,2.36991286277771,0.4000000059604645,0.0,20,12,1,7,257
23,64,68,27.3181095123291,27.679014205932617,2.513518810272217,0.3499999940395355,0.0,21,12,1,6,265
23,64,69,27.330629348754883,27.789907455444336,2.364288091659546,0.3499999940395355,0.0,22,12,1,5,275
23,64,70,27.330629348754883,27.789907455444336,2.364288091659546,0.3499999940395355,0.0,22,12,1,5,281
23,64,71,27.330629348754883,27.789907455444336,2.364288091659546,0.3499999940395355,0.0,22,12,1,5,288
23,64,72,27.330629348754883,27.789907455444336,2.364288091659546,0.3499999940395355,0.0,22,12,1,5,296
23,64,73,27.330629348754883,27.789907455444336,2.364288091659546,0.3499999940395355,0.0,23,12,1,4,303
23,64,74,27.330629348754883,27.789907455444336,2.364288091659546,0.3499999940395355,0.0,24,12,1,3,313
23,64,75,27.401979446411133,27.675594329833984,2.5079429149627686,0.30000001192092896,0.0,25,12,1,2,319
23,64,76,27.48592758178711,27.672237396240234,2.502354145050049,0.25,0.0,25,12,1,2,323
23,64,77,27.49851417541504,27.782957077026367,2.3532023429870605,0.25,0.0,25,12,1,2,328
23,64,78,27.49851417541504,27.782957077026367,2.3532023429870605,0.25,0.0,25,12,1,2,331
23,64,79,27.49851417541504,27.782957077026367,2.3532023429870605,0.25,0.0,25,12,1,2,333
23,64,80,27.49851417541504,27.782957077026367,2.3532023429870605,0.25,0.0,25,12,1,2,338
23,64,81,27.49851417541504,27.782957077026367,2.3532023429870605,0.25,0.0,25,12,1,2,341
23,64,82,27.49851417541504,27.782957077026367,2.3532023429870605,0.25,0.0,26,12,1,1,349
23,64,83,27.569801330566406,27.668949127197266,2.4967546463012695,0.20000000298023224,0.0,27,12,1,0,354
24,65,1,25.971050262451172,28.057424545288086,2.830720901489258,1.0,0.15000000596046448,0,0,0,40,2
24,65,2,26.45689582824707,27.842493057250977,2.454549789428711,1.0,0.15000000596046448,1,0,1,38,3
24,65,3,26.27320098876953,27.86920166015625,2.4944097995758057,1.0,0.10000000149011612,1,0,1,38,4
24,65,4,26.406646728515625,27.839540481567383,2.4497125148773193,1.0,0.10000000149011612,1,0,1,38,6
24,65,5,26.406646728515625,27.839540481567383,2.4497125148773193,1.0,0.10000000149011612,1,0,1,38,7
24,65,6,26.406646728515625,27.839540481567383,2.4497125148773193,1.0,0.10000000149011612,1,1,1,37,7
24,65,7,26.406646728515625,27.839540481567383,2.4497125148773193,1.0,0.10000000149011612,3,1,1,35,8
24,65,8,26.406646728515625,27.839540481567383,2.4497125148773193,1.0,0.10000000149011612,6,1,1,32,13
24,65,9,26.406646728515625,27.839540481567383,2.4497125148773193,1.0,0.10000000149011612,6,2,1,31,15
24,65,10,26.406646728515625,27.839540481567383,2.4497125148773193,1.0,0.10000000149011612,6,3,1,30,18
24,65,11,26.406646728515625,27.839540481567383,2.4497125148773193,1.0,0.10000000149011612,6,4,1,29,21
24,65,12,26.406646728515625,27.839540481567383,2.4497125148773193,1.0,0.10000000149011612,7,4,1,28,23
24,65,13,26.406646728515625,27.839540481567383,2.4497125148773193,1.0,0.10000000149011612,7,4,1,28,26
24,65,14,26.406646728515625,27.839540481567383,2.4497125148773193,1.0,0.10000000149011612,8,6,1,25,29
24,65,15,26.406646728515625,27.839540481567383,2.4497125148773193,1.0,0.10000000149011612,8,6,1,25,32
24,65,16,26.224485397338867,27.866111755371094,2.4896271228790283,1.0,0.05000000074505806,9,6,1,24,36
24,65,17,26.35731315612793,27.83656883239746,2.4449892044067383,1.0,0.05000000074505806,9,8,1,22,41
24,65,18,26.35731315612793,27.83656883239746,2.4449892044067383,1.0,0.05000000074505806,9,8,1,22,46
24,65,19,26.35731315612793,27.83656883239746,2.4449892044067383,1.0,0.05000000074505806,10,9,1,20,52
24,65,20,26.35731315612793,27.83656883239746,2.4449892044067383,1.0,0.05000000074505806,10,9,1,20,54
24,65,21,26.35731315612793,27.83656883239746,2.4449892044067383,1.0,0.05000000074505806,11,9,1,19,59
24,65,22,26.417400360107422,27.725265502929688,2.583890914916992,0.949999988079071,0.05000000074505806,11,9,2,18,63
24,65,23,26.429227828979492,27.833467483520508,2.4390146732330322,0.949999988079071,0.05000000074505806,11,10,2,17,67
24,65,24,26.429227828979492,27.833467483520508,2.4390146732330322,0.949999988079071,0.05000000074505806,11,10,2,17,73
24,65,25,26.306785583496094,27.74992561340332,2.6175594329833984,0.8999999761581421,0.0,12,11,2,15,75
24,65,26,26.452775955200195,27.827295303344727,2.4284114837646484,0.8999999761581421,0.0,12,11,2,15,79
24,65,27,26.452775955200195,27.827295303344727,2.4284114837646484,0.8999999761581421,0.0,12,11,2,15,85
24,65,28,26.514728546142578,27.715227127075195,2.5682015419006348,0.8500000238418579,0.0,13,11,2,14,91
24,65,29,26.526960372924805,27.82406997680664,2.4224367141723633,0.8500000238418579,0.0,13,11,2,14,93
24,65,30,26.526960372924805,27.82406997680664,2.4224367141723633,0.8500000238418579,0.0,13,11,2,14,100
24,65,31,26.590312957763672,27.711545944213867,2.5628437995910645,0.800000011920929,0.0,14,11,2,13,106
24,65,32,26.60256576538086,27.8207950592041,2.416477680206299,0.800000011920929,0.0,14,11,2,13,111
24,65,33,26.60256576538086,27.8207950592041,2.416477680206299,0.800000011920929,0.0,14,11,3,12,115
24,65,34,26.60256576538086,27.8207950592041,2.416477680206299,0.800000011920929,0.0,15,11,4,10,122
24,65,35,26.667234420776367,27.707860946655273,2.557457685470581,0.75,0.0,15,11,4,10,127
24,65,36,26.679513931274414,27.817474365234375,2.4105396270751953,0.75,0.0,15,11,5,9,132
24,65,37,26.679513931274414,27.817474365234375,2.4105396270751953,0.75,0.0,15,11,5,9,140
24,65,38,26.745407104492188,27.704174041748047,2.552044630050659,0.699999988079071,0.0,16,11,5,8,149
24,65,39,26.82472801208496,27.700498580932617,2.5466060638427734,0.6499999761581421,0.0,16,11,5,8,158
24,65,40,26.83706283569336,27.810714721679688,2.3987433910369873,0.6499999761581421,0.0,17,11,5,7,163
24,65,41,26.83706283569336,27.810714721679688,2.3987433910369873,0.6499999761581421,0.0,17,11,5,7,168
24,65,42,26.83706283569336,27.810714721679688,2.3987433910369873,0.6499999761581421,0.0,17,11,5,7,171
24,65,43,26.83706283569336,27.810714721679688,2.3987433910369873,0.6499999761581421,0.0,17,11,5,7,178
24,65,44,26.83706283569336,27.810714721679688,2.3987433910369873,0.6499999761581421,0.0,17,11,5,7,183
24,65,45,26.83706283569336,27.810714721679688,2.3987433910369873,0.6499999761581421,0.0,18,11,5,6,187
24,65,46,26.83706283569336,27.810714721679688,2.3987433910369873,0.6499999761581421,0.0,19,11,5,5,192
24,65,47,26.83706283569336,27.810714721679688,2.3987433910369873,0.6499999761581421,0.0,19,11,5,5,198
24,65,48,26.90509033203125,27.69683837890625,2.5411434173583984,0.6000000238418579,0.0,20,11,5,4,202
24,65,49,26.917455673217773,27.807287216186523,2.3928940296173096,0.6000000238418579,0.0,20,11,5,4,205
24,65,50,26.917455673217773,27.807287216186523,2.3928940296173096,0.6000000238418579,0.0,20,11,5,4,215
24,65,51,26.917455673217773,27.807287216186523,2.3928940296173096,0.6000000238418579,0.0,20,11,5,4,218
24,65,52,26.917455673217773,27.807287216186523,2.3928940296173096,0.6000000238418579,0.0,20,11,5,4,226
24,65,53,26.98637580871582,27.693199157714844,2.5356578826904297,0.550000011920929,0.0,20,11,5,4,232
24,65,54,26.99877166748047,27.803836822509766,2.387082815170288,0.550000011920929,0.0,20,11,5,4,234
24,65,55,26.99877166748047,27.803836822509766,2.387082815170288,0.550000011920929,0.0,20,11,5,4,236
24,65,56,26.99877166748047,27.803836822509766,2.387082815170288,0.550000011920929,0.0,20,11,5,4,241
24,65,57,27.068456649780273,27.689590454101562,2.5301513671875,0.5,0.0,20,11,5,4,243
24,65,58,27.080883026123047,27.80036735534668,2.3813130855560303,0.5,0.0,20,11,5,4,245
24,65,59,27.080883026123047,27.80036735534668,2.3813130855560303,0.5,0.0,20,11,5,4,250
24,65,60,27.080883026123047,27.80036735534668,2.3813130855560303,0.5,0.0,20,11,5,4,258
24,65,61,27.080883026123047,27.80036735534668,2.3813130855560303,0.5,0.0,20,11,5,4,262
24,65,62,27.080883026123047,27.80036735534668,2.3813130855560303,0.5,0.0,20,11,5,4,267
24,65,63,27.080883026123047,27.80036735534668,2.3813130855560303,0.5,0.0,20,11,5,4,268
24,65,64,27.080883026123047,27.80036735534668,2.3813130855560303,0.5,0.0,20,11,5,4,271
24,65,65,27.080883026123047,27.80036735534668,2.3813130855560303,0.5,0.0,20,11,5,4,278
24,65,66,27.080883026123047,27.80036735534668,2.3813130855560303,0.5,0.0,20,11,5,4,286
24,65,67,27.151201248168945,27.686019897460938,2.524624824523926,0.44999998807907104,0.0,20,11,5,4,294
24,65,68,27.163658142089844,27.796884536743164,2.3755886554718018,0.44999998807907104,0.0,20,11,5,4,298
24,65,69,27.163658142089844,27.796884536743164,2.3755886554718018,0.44999998807907104,0.0,20,11,5,4,303
24,65,70,27.163658142089844,27.796884536743164,2.3755886554718018,0.44999998807907104,0.0,20,11,5,4,310
24,65,71,27.163658142089844,27.796884536743164,2.3755886554718018,0.44999998807907104,0.0,20,11,5,4,319
24,65,72,27.163658142089844,27.796884536743164,2.3755886554718018,0.44999998807907104,0.0,20,11,5,4,331
24,65,73,27.163658142089844,27.796884536743164,2.3755886554718018,0.44999998807907104,0.0,20,11,5,4,336
24,65,74,27.163658142089844,27.796884536743164,2.3755886554718018,0.44999998807907104,0.0,20,11,5,4,340
24,65,75,27.163658142089844,27.796884536743164,2.3755886554718018,0.44999998807907104,0.0,20,11,5,4,347
24,65,76,27.234466552734375,27.682491302490234,2.51908016204834,0.4000000059604645,0.0,20,11,5,4,354
24,65,77,27.24695587158203,27.79339599609375,2.36991286277771,0.4000000059604645,0.0,20,11,5,4,361
24,65,78,27.3181095123291,27.679014205932617,2.513518810272217,0.3499999940395355,0.0,21,11,5,3,368
24,65,79,27.330629348754883,27.789907455444336,2.364288091659546,0.3499999940395355,0.0,21,11,5,3,377
24,65,80,27.330629348754883,27.789907455444336,2.364288091659546,0.3499999940395355,0.0,21,11,5,3,382
24,65,81,27.330629348754883,27.789907455444336,2.364288091659546,0.3499999940395355,0.0,21,11,5,3,389
24,65,82,27.330629348754883,27.789907455444336,2.364288091659546,0.3499999940395355,0.0,21,11,5,3,396
24,65,83,27.330629348754883,27.789907455444336,2.364288091659546,0.3499999940395355,0.0,22,11,5,2,404
24,65,84,27.330629348754883,27.789907455444336,2.364288091659546,0.3499999940395355,0.0,22,11,6,1,413
24,65,85,27.401979446411133,27.675594329833984,2.5079429149627686,0.30000001192092896,0.0,22,11,6,1,421
24,65,86,27.414533615112305,27.786426544189453,2.358717203140259,0.30000001192092896,0.0,23,11,6,0,427
25,66,1,25.948577880859375,28.055681228637695,2.828331470489502,1.0,0.10000000149011612,0,0,0,40,1
25,66,2,26.406646728515625,27.839540481567383,2.4497125148773193,1.0,0.10000000149011612,0,0,0,40,2
25,66,3,26.224485397338867,27.866111755371094,2.4896271228790283,1.0,0.05000000074505806,0,0,0,40,3
25,66,4,26.35731315612793,27.83656883239746,2.4449892044067383,1.0,0.05000000074505806,0,0,0,40,3
25,66,5,26.35731315612793,27.83656883239746,2.4449892044067383,1.0,0.05000000074505806,0,1,0,39,5
25,66,6,26.35731315612793,27.83656883239746,2.4449892044067383,1.0,0.05000000074505806,2,1,0,37,9
25,66,7,26.176746368408203,27.86298942565918,2.4849443435668945,1.0,0.0,2,1,0,37,11
25,66,8,26.30893325805664,27.83357810974121,2.4403908252716064,1.0,0.0,2,1,0,37,14
25,66,9,26.30893325805664,27.83357810974121,2.4403908252716064,1.0,0.0,3,1,0,36,16
25,66,10,26.30893325805664,27.83357810974121,2.4403908252716064,1.0,0.0,4,1,0,35,17
25,66,11,26.30893325805664,27.83357810974121,2.4403908252716064,1.0,0.0,5,1,0,34,18
25,66,12,26.30893325805664,27.83357810974121,2.4403908252716064,1.0,0.0,5,1,0,34,20
25,66,13,26.30893325805664,27.83357810974121,2.4403908252716064,1.0,0.0,5,1,1,33,21
25,66,14,26.30893325805664,27.83357810974121,2.4403908252716064,1.0,0.0,6,1,1,32,24
25,66,15,26.30893325805664,27.83357810974121,2.4403908252716064,1.0,0.0,6,1,2,31,29
25,66,16,26.30893325805664,27.83357810974121,2.4403908252716064,1.0,0.0,6,1,2,31,32
25,66,17,26.30893325805664,27.83357810974121,2.4403908252716064,1.0,0.0,6,1,4,29,35
25,66,18,26.30893325805664,27.83357810974121,2.4403908252716064,1.0,0.0,6,1,6,27,40
25,66,19,26.30893325805664,27.83357810974121,2.4403908252716064,1.0,0.0,7,1,6,26,43
25,66,20,26.30893325805664,27.83357810974121,2.4403908252716064,1.0,0.0,7,1,6,26,46
25,66,21,26.30893325805664,27.83357810974121,2.4403908252716064,1.0,0.0,7,1,6,26,50
25,66,22,26.30893325805664,27.83357810974121,2.4403908252716064,1.0,0.0,7,1,6,26,53
25,66,23,26.30893325805664,27.83357810974121,2.4403908252716064,1.0,0.0,8,1,7,24,57
25,66,24,26.30893325805664,27.83357810974121,2.4403908252716064,1.0,0.0,8,1,8,23,62
25,66,25,26.30893325805664,27.83357810974121,2.4403908252716064,1.0,0.0,8,1,8,23,68
25,66,26,26.30893325805664,27.83357810974121,2.4403908252716064,1.0,0.0,8,1,8,23,70
25,66,27,26.30893325805664,27.83357810974121,2.4403908252716064,1.0,0.0,8,1,8,23,71
25,66,28,26.30893325805664,27.83357810974121,2.4403908252716064,1.0,0.0,9,1,11,19,77
25,66,29,26.30893325805664,27.83357810974121,2.4403908252716064,1.0,0.0,10,1,11,18,80
25,66,30,26.30893325805664,27.83357810974121,2.4403908252716064,1.0,0.0,10,1,11,18,83
25,66,31,26.30893325805664,27.83357810974121,2.4403908252716064,1.0,0.0,10,1,11,18,88
25,66,32,26.30893325805664,27.83357810974121,2.4403908252716064,1.0,0.0,11,1,11,17,93
25,66,33,26.30893325805664,27.83357810974121,2.4403908252716064,1.0,0.0,11,1,11,17,97
25,66,34,26.30893325805664,27.83357810974121,2.4403908252716064,1.0,0.0,12,1,11,16,100
25,66,35,26.30893325805664,27.83357810974121,2.4403908252716064,1.0,0.0,14,1,11,14,103
25,66,36,26.30893325805664,27.83357810974121,2.4403908252716064,1.0,0.0,15,1,11,13,104
25,66,37,26.30893325805664,27.83357810974121,2.4403908252716064,1.0,0.0,15,1,11,13,110
25,66,38,26.30893325805664,27.83357810974121,2.4403908252716064,1.0,0.0,15,1,11,13,112
25,66,39,26.30893325805664,27.83357810974121,2.4403908252716064,1.0,0.0,15,1,11,13,114
25,66,40,26.30893325805664,27.83357810974121,2.4403908252716064,1.0,0.0,15,1,11,13,121
25,66,41,26.30893325805664,27.83357810974121,2.4403908252716064,1.0,0.0,15,1,11,13,130
25,66,42,26.30893325805664,27.83357810974121,2.4403908252716064,1.0,0.0,17,1,11,11,135
25,66,43,26.30893325805664,27.83357810974121,2.4403908252716064,1.0,0.0,17,1,11,11,140
25,66,44,26.30893325805664,27.83357810974121,2.4403908252716064,1.0,0.0,17,1,11,11,146
25,66,45,26.367881774902344,27.72254753112793,2.578826904296875,0.949999988079071,0.0,18,1,11,10,154
25,66,46,26.440563201904297,27.718896865844727,2.5735297203063965,0.8999999761581421,0.0,19,1,11,9,157
25,66,47,26.452775955200195,27.827295303344727,2.4284114837646484,0.8999999761581421,0.0,19,1,11,9,163
25,66,48,26.452775955200195,27.827295303344727,2.4284114837646484,0.8999999761581421,0.0,19,1,11,9,166
25,66,49,26.452775955200195,27.827295303344727,2.4284114837646484,0.8999999761581421,0.0,20,1,11,8,169
25,66,50,26.452775955200195,27.827295303344727,2.4284114837646484,0.8999999761581421,0.0,20,1,11,8,173
25,66,51,26.452775955200195,27.827295303344727,2.4284114837646484,0.8999999761581421,0.0,20,1,11,8,181
25,66,52,26.452775955200195,27.827295303344727,2.4284114837646484,0.8999999761581421,0.0,20,1,11,8,186
25,66,53,26.514728546142578,27.715227127075195,2.5682015419006348,0.8500000238418579,0.0,20,1,11,8,194
25,66,54,26.590312957763672,27.711545944213867,2.5628437995910645,0.800000011920929,0.0,20,1,11,8,202
25,66,55,26.60256576538086,27.8207950592041,2.416477680206299,0.800000011920929,0.0,20,1,11,8,209
25,66,56,26.60256576538086,27.8207950592041,2.416477680206299,0.800000011920929,0.0,23,1,11,5,214
25,66,57,26.60256576538086,27.8207950592041,2.416477680206299,0.800000011920929,0.0,23,1,11,5,222
25,66,58,26.60256576538086,27.8207950592041,2.416477680206299,0.800000011920929,0.0,23,1,11,5,228
25,66,59,26.60256576538086,27.8207950592041,2.416477680206299,0.800000011920929,0.0,23,1,11,5,234
25,66,60,26.60256576538086,27.8207950592041,2.416477680206299,0.800000011920929,0.0,23,1,11,5,239
25,66,61,26.60256576538086,27.8207950592041,2.416477680206299,0.800000011920929,0.0,24,1,11,4,247
25,66,62,26.60256576538086,27.8207950592041,2.416477680206299,0.800000011920929,0.0,25,1,11,3,250
25,66,63,26.60256576538086,27.8207950592041,2.416477680206299,0.800000011920929,0.0,25,1,11,3,260
25,66,64,26.60256576538086,27.8207950592041,2.416477680206299,0.800000011920929,0.0,25,1,11,3,265
25,66,65,26.60256576538086,27.8207950592041,2.416477680206299,0.800000011920929,0.0,25,1,11,3,275
25,66,66,26.667234420776367,27.707860946655273,2.557457685470581,0.75,0.0,25,1,11,3,279
25,66,67,26.679513931274414,27.817474365234375,2.4105396270751953,0.75,0.0,25,1,11,3,285
25,66,68,26.745407104492188,27.704174041748047,2.552044630050659,0.699999988079071,0.0,25,1,11,3,289
25,66,69,26.75771141052246,27.814111709594727,2.4046266078948975,0.699999988079071,0.0,26,1,11,2,293
25,66,70,26.75771141052246,27.814111709594727,2.4046266078948975,0.699999988079071,0.0,26,1,11,2,298
25,66,71,26.82472801208496,27.700498580932617,2.5466060638427734,0.6499999761581421,0.0,26,1,11,2,304
25,66,72,26.83706283569336,27.810714721679688,2.3987433910369873,0.6499999761581421,0.0,27,1,11,1,308
25,66,73,26.83706283569336,27.810714721679688,2.3987433910369873,0.6499999761581421,0.0,27,1,11,1,313
25,66,74,26.83706283569336,27.810714721679688,2.3987433910369873,0.6499999761581421,0.0,28,1,11,0,318
26,67,1,26.039859771728516,28.060558319091797,2.8343966007232666,1.0,0.30000001192092896,0,0,0,40,2
26,67,2,26.42483139038086,27.87824058532715,2.5092380046844482,1.0,0.25,0,0,0,40,3
26,67,3,26.559965133666992,27.84833526611328,2.4645168781280518,1.0,0.25,0,0,0,40,3
26,67,4,26.559965133666992,27.84833526611328,2.4645168781280518,1.0,0.25,2,0,0,38,5
26,67,5,26.373416900634766,27.875267028808594,2.504228115081787,1.0,0.20000000298023224,2,0,0,38,8
26,67,6,26.322858810424805,27.87225341796875,2.4992809295654297,1.0,0.15000000596046448,2,0,0,38,10
26,67,7,26.27320098876953,27.86920166015625,2.4944097995758057,1.0,0.10000000149011612,2,1,1,36,11
26,67,8,26.224485397338867,27.866111755371094,2.4896271228790283,1.0,0.05000000074505806,3,1,1,35,12
26,67,9,26.35731315612793,27.83656883239746,2.4449892044067383,1.0,0.05000000074505806,3,1,1,35,14
26,67,10,26.35731315612793,27.83656883239746,2.4449892044067383,1.0,0.05000000074505806,4,2,1,33,16
26,67,11,26.35731315612793,27.83656883239746,2.4449892044067383,1.0,0.05000000074505806,5,3,1,31,16
26,67,12,26.35731315612793,27.83656883239746,2.4449892044067383,1.0,0.05000000074505806,5,3,1,31,16
26,67,13,26.35731315612793,27.83656883239746,2.4449892044067383,1.0,0.05000000074505806,5,4,1,30,18
26,67,14,26.35731315612793,27.83656883239746,2.4449892044067383,1.0,0.05000000074505806,5,4,1,30,18
26,67,15,26.35731315612793,27.83656883239746,2.4449892044067383,1.0,0.05000000074505806,5,4,1,30,18
26,67,16,26.35731315612793,27.83656883239746,2.4449892044067383,1.0,0.05000000074505806,5,4,1,30,19
26,67,17,26.35731315612793,27.83656883239746,2.4449892044067383,1.0,0.05000000074505806,5,4,1,30,19
26,67,18,26.35731315612793,27.83656883239746,2.4449892044067383,1.0,0.05000000074505806,5,4,1,30,19
26,67,19,26.35731315612793,27.83656883239746,2.4449892044067383,1.0,0.05000000074505806,5,5,1,29,22
26,67,20,26.35731315612793,27.83656883239746,2.4449892044067383,1.0,0.05000000074505806,5,5,1,29,23
26,67,21,26.417400360107422,27.725265502929688,2.583890914916992,0.949999988079071,0.05000000074505806,5,5,1,29,26
26,67,22,26.246740341186523,27.860090255737305,2.479130506515503,0.949999988079071,0.0,5,6,1,28,27
26,67,23,26.380081176757812,27.830467224121094,2.4343979358673096,0.949999988079071,0.0,6,6,1,27,31
26,67,24,26.380081176757812,27.830467224121094,2.4343979358673096,0.949999988079071,0.0,6,6,1,27,35
26,67,25,26.380081176757812,27.830467224121094,2.4343979358673096,0.949999988079071,0.0,6,6,3,25,40
26,67,26,26.380081176757812,27.830467224121094,2.4343979358673096,0.949999988079071,0.0,7,6,3,24,43
26,67,27,26.380081176757812,27.830467224121094,2.4343979358673096,0.949999988079071,0.0,8,6,3,23,45
26,67,28,26.380081176757812,27.830467224121094,2.4343979358673096,0.949999988079071,0.0,8,6,5,21,50
26,67,29,26.440563201904297,27.718896865844727,2.5735297203063965,0.8999999761581421,0.0,8,6,5,21,55
26,67,30,26.452775955200195,27.827295303344727,2.4284114837646484,0.8999999761581421,0.0,9,6,6,19,63
26,67,31,26.452775955200195,27.827295303344727,2.4284114837646484,0.8999999761581421,0.0,9,6,6,19,65
26,67,32,26.452775955200195,27.827295303344727,2.4284114837646484,0.8999999761581421,0.0,10,6,7,17,69
26,67,33,26.452775955200195,27.827295303344727,2.4284114837646484,0.8999999761581421,0.0,11,6,7,16,75
26,67,34,26.514728546142578,27.715227127075195,2.5682015419006348,0.8500000238418579,0.0,11,6,8,15,82
26,67,35,26.590312957763672,27.711545944213867,2.5628437995910645,0.800000011920929,0.0,11,6,8,15,88
26,67,36,26.60256576538086,27.8207950592041,2.416477680206299,0.800000011920929,0.0,11,6,8,15,94
26,67,37,26.60256576538086,27.8207950592041,2.416477680206299,0.800000011920929,0.0,12,6,8,14,97
26,67,38,26.60256576538086,27.8207950592041,2.416477680206299,0.800000011920929,0.0,12,6,8,14,97
26,67,39,26.60256576538086,27.8207950592041,2.416477680206299,0.800000011920929,0.0,13,6,10,11,105
26,67,40,26.667234420776367,27.707860946655273,2.557457685470581,0.75,0.0,13,6,10,11,108
26,67,41,26.679513931274414,27.817474365234375,2.4105396270751953,0.75,0.0,14,6,10,10,114
26,67,42,26.679513931274414,27.817474365234375,2.4105396270751953,0.75,0.0,15,6,10,9,121
26,67,43,26.745407104492188,27.704174041748047,2.552044630050659,0.699999988079071,0.0,16,6,11,7,127
26,67,44,26.82472801208496,27.700498580932617,2.5466060638427734,0.6499999761581421,0.0,17,6,11,6,134
26,67,45,26.83706283569336,27.810714721679688,2.3987433910369873,0.6499999761581421,0.0,17,6,11,6,139
26,67,46,26.83706283569336,27.810714721679688,2.3987433910369873,0.6499999761581421,0.0,17,6,11,6,143
26,67,47,26.83706283569336,27.810714721679688,2.3987433910369873,0.6499999761581421,0.0,17,6,11,6,146
26,67,48,26.83706283569336,27.810714721679688,2.3987433910369873,0.6499999761581421,0.0,17,6,11,6,148
26,67,49,26.83706283569336,27.810714721679688,2.3987433910369873,0.6499999761581421,0.0,17,6,11,6,154
26,67,50,26.83706283569336,27.810714721679688,2.3987433910369873,0.6499999761581421,0.0,18,6,11,5,163
26,67,51,26.83706283569336,27.810714721679688,2.3987433910369873,0.6499999761581421,0.0,20,6,11,3,166
26,67,52,26.83706283569336,27.810714721679688,2.3987433910369873,0.6499999761581421,0.0,20,6,11,3,172
26,67,53,26.83706283569336,27.810714721679688,2.3987433910369873,0.6499999761581421,0.0,21,6,11,2,175
26,67,54,26.90509033203125,27.69683837890625,2.5411434173583984,0.6000000238418579,0.0,21,6,11,2,177
26,67,55,26.917455673217773,27.807287216186523,2.3928940296173096,0.6000000238418579,0.0,21,6,11,2,179
26,67,56,26.917455673217773,27.807287216186523,2.3928940296173096,0.6000000238418579,0.0,21,6,11,2,182
26,67,57,26.917455673217773,27.807287216186523,2.3928940296173096,0.6000000238418579,0.0,21,6,11,2,185
26,67,58,26.917455673217773,27.807287216186523,2.3928940296173096,0.6000000238418579,0.0,22,6,11,1,191
26,67,59,26.917455673217773,27.807287216186523,2.3928940296173096,0.6000000238418579,0.0,22,6,11,1,196
26,67,60,26.98637580871582,27.693199157714844,2.5356578826904297,0.550000011920929,0.0,22,6,11,1,200
26,67,61,27.068456649780273,27.689590454101562,2.5301513671875,0.5,0.0,22,6,11,1,205
26,67,62,27.080883026123047,27.80036735534668,2.3813130855560303,0.5,0.0,22,6,11,1,211
26,67,63,27.080883026123047,27.80036735534668,2.3813130855560303,0.5,0.0,22,6,11,1,218
26,67,64,27.080883026123047,27.80036735534668,2.3813130855560303,0.5,0.0,22,6,11,1,222
26,67,65,27.080883026123047,27.80036735534668,2.3813130855560303,0.5,0.0,22,6,11,1,227
26,67,66,27.080883026123047,27.80036735534668,2.3813130855560303,0.5,0.0,22,6,11,1,232
26,67,67,27.151201248168945,27.686019897460938,2.524624824523926,0.44999998807907104,0.0,22,6,11,1,240
26,67,68,27.163658142089844,27.796884536743164,2.3755886554718018,0.44999998807907104,0.0,22,6,11,1,244
26,67,69,27.163658142089844,27.796884536743164,2.3755886554718018,0.44999998807907104,0.0,22,6,11,1,249
26,67,70,27.234466552734375,27.682491302490234,2.51908016204834,0.4000000059604645,0.0,22,6,11,1,250
26,67,71,27.24695587158203,27.79339599609375,2.36991286277771,0.4000000059604645,0.0,22,6,11,1,254
26,67,72,27.24695587158203,27.79339599609375,2.36991286277771,0.4000000059604645,0.0,22,6,11,1,259
26,67,73,27.24695587158203,27.79339599609375,2.36991286277771,0.4000000059604645,0.0,22,6,11,1,262
26,67,74,27.24695587158203,27.79339599609375,2.36991286277771,0.4000000059604645,0.0,22,6,11,1,269
26,67,75,27.3181095123291,27.679014205932617,2.513518810272217,0.3499999940395355,0.0,22,6,11,1,273
26,67,76,27.330629348754883,27.789907455444336,2.364288091659546,0.3499999940395355,0.0,22,6,11,1,278
26,67,77,27.330629348754883,27.789907455444336,2.364288091659546,0.3499999940395355,0.0,22,6,11,1,283
26,67,78,27.330629348754883,27.789907455444336,2.364288091659546,0.3499999940395355,0.0,22,6,11,1,289
26,67,79,27.330629348754883,27.789907455444336,2.364288091659546,0.3499999940395355,0.0,22,6,11,1,290
26,67,80,27.330629348754883,27.789907455444336,2.364288091659546,0.3499999940395355,0.0,22,6,11,1,295
26,67,81,27.330629348754883,27.789907455444336,2.364288091659546,0.3499999940395355,0.0,22,6,11,1,300
26,67,82,27.401979446411133,27.675594329833984,2.5079429149627686,0.30000001192092896,0.0,22,6,11,1,307
26,67,83,27.414533615112305,27.786426544189453,2.358717203140259,0.30000001192092896,0.0,22,6,11,1,313
26,67,84,27.414533615112305,27.786426544189453,2.358717203140259,0.30000001192092896,0.0,22,6,11,1,317
26,67,85,27.414533615112305,27.786426544189453,2.358717203140259,0.30000001192092896,0.0,22,6,11,1,320
26,67,86,27.414533615112305,27.786426544189453,2.358717203140259,0.30000001192092896,0.0,22,6,11,1,322
26,67,87,27.414533615112305,27.786426544189453,2.358717203140259,0.30000001192092896,0.0,22,6,11,1,326
26,67,88,27.414533615112305,27.786426544189453,2.358717203140259,0.30000001192092896,0.0,22,6,11,1,331
26,67,89,27.414533615112305,27.786426544189453,2.358717203140259,0.30000001192092896,0.0,22,6,11,1,334
26,67,90,27.48592758178711,27.672237396240234,2.502354145050049,0.25,0.0,22,6,11,1,338
26,67,91,27.49851417541504,27.782957077026367,2.3532023429870605,0.25,0.0,22,6,11,1,346
26,67,92,27.49851417541504,27.782957077026367,2.3532023429870605,0.25,0.0,22,6,11,1,355
26,67,93,27.49851417541504,27.782957077026367,2.3532023429870605,0.25,0.0,22,6,11,1,359
26,67,94,27.49851417541504,27.782957077026367,2.3532023429870605,0.25,0.0,22,6,11,1,362
26,67,95,27.49851417541504,27.782957077026367,2.3532023429870605,0.25,0.0,22,6,11,1,369
26,67,96,27.49851417541504,27.782957077026367,2.3532023429870605,0.25,0.0,22,6,11,1,372
26,67,97,27.49851417541504,27.782957077026367,2.3532023429870605,0.25,0.0,22,6,11,1,377
26,67,98,27.49851417541504,27.782957077026367,2.3532023429870605,0.25,0.0,22,6,11,1,381
26,67,99,27.49851417541504,27.782957077026367,2.3532023429870605,0.25,0.0,22,6,11,1,386
26,67,100,27.49851417541504,27.782957077026367,2.3532023429870605,0.25,0.0,22,6,11,1,391
26,67,101,27.569801330566406,27.668949127197266,2.4967546463012695,0.20000000298023224,0.0,22,6,11,1,396
26,67,102,27.58242416381836,27.77950668334961,2.347744941711426,0.20000000298023224,0.0,22,6,11,1,400
26,67,103,27.58242416381836,27.77950668334961,2.347744941711426,0.20000000298023224,0.0,22,6,11,1,403
26,67,104,27.58242416381836,27.77950668334961,2.347744941711426,0.20000000298023224,0.0,22,6,11,1,408
26,67,105,27.58242416381836,27.77950668334961,2.347744941711426,0.20000000298023224,0.0,22,6,11,1,412
26,67,106,27.58242416381836,27.77950668334961,2.347744941711426,0.20000000298023224,0.0,22,6,11,1,415
26,67,107,27.58242416381836,27.77950668334961,2.347744941711426,0.20000000298023224,0.0,22,6,11,1,421
26,67,108,27.58242416381836,27.77950668334961,2.347744941711426,0.20000000298023224,0.0,22,6,11,1,424
26,67,109,27.58242416381836,27.77950668334961,2.347744941711426,0.20000000298023224,0.0,22,6,11,1,427
26,67,110,27.58242416381836,27.77950668334961,2.347744941711426,0.20000000298023224,0.0,22,6,11,1,429
26,67,111,27.58242416381836,27.77950668334961,2.347744941711426,0.20000000298023224,0.0,23,6,11,0,440
27,68,1,25.971050262451172,28.057424545288086,2.830720901489258,1.0,0.15000000596046448,0,0,0,40,2
27,68,2,26.45689582824707,27.842493057250977,2.454549789428711,1.0,0.15000000596046448,1,1,0,38,2
27,68,3,26.45689582824707,27.842493057250977,2.454549789428711,1.0,0.15000000596046448,1,1,0,38,3
27,68,4,26.45689582824707,27.842493057250977,2.454549789428711,1.0,0.15000000596046448,2,2,0,36,5
27,68,5,26.45689582824707,27.842493057250977,2.454549789428711,1.0,0.15000000596046448,3,2,0,35,5
27,68,6,26.45689582824707,27.842493057250977,2.454549789428711,1.0,0.15000000596046448,3,3,0,34,7
27,68,7,26.45689582824707,27.842493057250977,2.454549789428711,1.0,0.15000000596046448,3,3,0,34,11
27,68,8,26.45689582824707,27.842493057250977,2.454549789428711,1.0,0.15000000596046448,4,3,0,33,12
27,68,9,26.45689582824707,27.842493057250977,2.454549789428711,1.0,0.15000000596046448,4,3,0,33,14
27,68,10,26.27320098876953,27.86920166015625,2.4944097995758057,1.0,0.10000000149011612,5,3,0,32,15
27,68,11,26.406646728515625,27.839540481567383,2.4497125148773193,1.0,0.10000000149011612,5,3,2,30,17
27,68,12,26.406646728515625,27.839540481567383,2.4497125148773193,1.0,0.10000000149011612,5,4,3,28,21
27,68,13,26.406646728515625,27.839540481567383,2.4497125148773193,1.0,0.10000000149011612,5,4,3,28,23
27,68,14,26.224485397338867,27.866111755371094,2.4896271228790283,1.0,0.05000000074505806,5,4,3,28,28
27,68,15,26.35731315612793,27.83656883239746,2.4449892044067383,1.0,0.05000000074505806,5,4,3,28,35
27,68,16,26.176746368408203,27.86298942565918,2.4849443435668945,1.0,0.0,5,5,3,27,39
27,68,17,26.30893325805664,27.83357810974121,2.4403908252716064,1.0,0.0,5,6,3,26,45
27,68,18,26.30893325805664,27.83357810974121,2.4403908252716064,1.0,0.0,5,6,3,26,51
27,68,19,26.30893325805664,27.83357810974121,2.4403908252716064,1.0,0.0,6,6,4,24,58
27,68,20,26.30893325805664,27.83357810974121,2.4403908252716064,1.0,0.0,6,6,4,24,61
27,68,21,26.367881774902344,27.72254753112793,2.578826904296875,0.949999988079071,0.0,6,6,4,24,65
27,68,22,26.440563201904297,27.718896865844727,2.5735297203063965,0.8999999761581421,0.0,6,6,4,24,69
27,68,23,26.452775955200195,27.827295303344727,2.4284114837646484,0.8999999761581421,0.0,7,6,5,22,72
27,68,24,26.452775955200195,27.827295303344727,2.4284114837646484,0.8999999761581421,0.0,8,6,5,21,75
27,68,25,26.514728546142578,27.715227127075195,2.5682015419006348,0.8500000238418579,0.0,9,6,5,20,76
27,68,26,26.526960372924805,27.82406997680664,2.4224367141723633,0.8500000238418579,0.0,9,6,6,19,81
27,68,27,26.526960372924805,27.82406997680664,2.4224367141723633,0.8500000238418579,0.0,10,6,6,18,84
27,68,28,26.526960372924805,27.82406997680664,2.4224367141723633,0.8500000238418579,0.0,10,6,6,18,85
27,68,29,26.526960372924805,27.82406997680664,2.4224367141723633,0.8500000238418579,0.0,11,6,6,17,86
27,68,30,26.526960372924805,27.82406997680664,2.4224367141723633,0.8500000238418579,0.0,11,6,6,17,90
27,68,31,26.526960372924805,27.82406997680664,2.4224367141723633,0.8500000238418579,0.0,12,6,8,14,94
27,68,32,26.526960372924805,27.82406997680664,2.4224367141723633,0.8500000238418579,0.0,12,6,8,14,97
27,68,33,26.526960372924805,27.82406997680664,2.4224367141723633,0.8500000238418579,0.0,12,6,8,14,103
27,68,34,26.590312957763672,27.711545944213867,2.5628437995910645,0.800000011920929,0.0,12,6,8,14,109
27,68,35,26.667234420776367,27.707860946655273,2.557457685470581,0.75,0.0,12,6,8,14,115
27,68,36,26.745407104492188,27.704174041748047,2.552044630050659,0.699999988079071,0.0,12,6,8,14,118
27,68,37,26.75771141052246,27.814111709594727,2.4046266078948975,0.699999988079071,0.0,12,6,8,14,119
27,68,38,26.75771141052246,27.814111709594727,2.4046266078948975,0.699999988079071,0.0,12,6,8,14,126
27,68,39,26.75771141052246,27.814111709594727,2.4046266078948975,0.699999988079071,0.0,13,6,9,12,129
27,68,40,26.75771141052246,27.814111709594727,2.4046266078948975,0.699999988079071,0.0,13,6,9,12,135
27,68,41,26.75771141052246,27.814111709594727,2.4046266078948975,0.699999988079071,0.0,13,6,9,12,139
27,68,42,26.75771141052246,27.814111709594727,2.4046266078948975,0.699999988079071,0.0,13,6,9,12,145
27,68,43,26.75771141052246,27.814111709594727,2.4046266078948975,0.699999988079071,0.0,15,6,9,10,152
27,68,44,26.75771141052246,27.814111709594727,2.4046266078948975,0.699999988079071,0.0,16,6,9,9,159
27,68,45,26.82472801208496,27.700498580932617,2.5466060638427734,0.6499999761581421,0.0,16,6,9,9,166
27,68,46,26.83706283569336,27.810714721679688,2.3987433910369873,0.6499999761581421,0.0,16,6,9,9,175
27,68,47,26.83706283569336,27.810714721679688,2.3987433910369873,0.6499999761581421,0.0,16,6,9,9,179
27,68,48,26.83706283569336,27.810714721679688,2.3987433910369873,0.6499999761581421,0.0,17,6,9,8,184
27,68,49,26.83706283569336,27.810714721679688,2.3987433910369873,0.6499999761581421,0.0,17,6,9,8,192
27,68,50,26.83706283569336,27.810714721679688,2.3987433910369873,0.6499999761581421,0.0,17,6,9,8,201
27,68,51,26.83706283569336,27.810714721679688,2.3987433910369873,0.6499999761581421,0.0,17,6,9,8,207
27,68,52,26.90509033203125,27.69683837890625,2.5411434173583984,0.6000000238418579,0.0,17,6,9,8,217
27,68,53,26.917455673217773,27.807287216186523,2.3928940296173096,0.6000000238418579,0.0,17,6,9,8,221
27,68,54,26.917455673217773,27.807287216186523,2.3928940296173096,0.6000000238418579,0.0,17,6,9,8,227
27,68,55,26.917455673217773,27.807287216186523,2.3928940296173096,0.6000000238418579,0.0,17,6,9,8,233
27,68,56,26.917455673217773,27.807287216186523,2.3928940296173096,0.6000000238418579,0.0,17,6,9,8,239
27,68,57,26.917455673217773,27.807287216186523,2.3928940296173096,0.6000000238418579,0.0,18,6,9,7,248
27,68,58,26.917455673217773,27.807287216186523,2.3928940296173096,0.6000000238418579,0.0,18,6,9,7,253
27,68,59,26.98637580871582,27.693199157714844,2.5356578826904297,0.550000011920929,0.0,18,6,9,7,261
27,68,60,26.99877166748047,27.803836822509766,2.387082815170288,0.550000011920929,0.0,18,6,9,7,264
27,68,61,26.99877166748047,27.803836822509766,2.387082815170288,0.550000011920929,0.0,18,6,9,7,269
27,68,62,26.99877166748047,27.803836822509766,2.387082815170288,0.550000011920929,0.0,18,6,9,7,274
27,68,63,26.99877166748047,27.803836822509766,2.387082815170288,0.550000011920929,0.0,19,6,9,6,277
27,68,64,26.99877166748047,27.803836822509766,2.387082815170288,0.550000011920929,0.0,21,6,9,4,281
27,68,65,27.068456649780273,27.689590454101562,2.5301513671875,0.5,0.0,21,6,9,4,285
27,68,66,27.151201248168945,27.686019897460938,2.524624824523926,0.44999998807907104,0.0,21,6,9,4,287
27,68,67,27.234466552734375,27.682491302490234,2.51908016204834,0.4000000059604645,0.0,22,6,9,3,292
27,68,68,27.24695587158203,27.79339599609375,2.36991286277771,0.4000000059604645,0.0,22,6,9,3,298
27,68,69,27.24695587158203,27.79339599609375,2.36991286277771,0.4000000059604645,0.0,23,6,9,2,305
27,68,70,27.24695587158203,27.79339599609375,2.36991286277771,0.4000000059604645,0.0,23,6,9,2,307
27,68,71,27.24695587158203,27.79339599609375,2.36991286277771,0.4000000059604645,0.0,23,6,9,2,312
27,68,72,27.24695587158203,27.79339599609375,2.36991286277771,0.4000000059604645,0.0,23,6,9,2,316
27,68,73,27.24695587158203,27.79339599609375,2.36991286277771,0.4000000059604645,0.0,23,6,9,2,320
27,68,74,27.24695587158203,27.79339599609375,2.36991286277771,0.4000000059604645,0.0,23,6,9,2,326
27,68,75,27.3181095123291,27.679014205932617,2.513518810272217,0.3499999940395355,0.0,23,6,9,2,330
27,68,76,27.330629348754883,27.789907455444336,2.364288091659546,0.3499999940395355,0.0,24,6,9,1,336
27,68,77,27.330629348754883,27.789907455444336,2.364288091659546,0.3499999940395355,0.0,24,6,9,1,342
27,68,78,27.330629348754883,27.789907455444336,2.364288091659546,0.3499999940395355,0.0,24,6,9,1,346
27,68,79,27.330629348754883,27.789907455444336,2.364288091659546,0.3499999940395355,0.0,24,6,9,1,349
27,68,80,27.330629348754883,27.789907455444336,2.364288091659546,0.3499999940395355,0.0,24,6,9,1,355
27,68,81,27.330629348754883,27.789907455444336,2.364288091659546,0.3499999940395355,0.0,24,6,9,1,358
27,68,82,27.401979446411133,27.675594329833984,2.5079429149627686,0.30000001192092896,0.0,24,6,9,1,360
27,68,83,27.414533615112305,27.786426544189453,2.358717203140259,0.30000001192092896,0.0,24,6,9,1,366
27,68,84,27.414533615112305,27.786426544189453,2.358717203140259,0.30000001192092896,0.0,24,6,9,1,370
27,68,85,27.414533615112305,27.786426544189453,2.358717203140259,0.30000001192092896,0.0,24,6,9,1,376
27,68,86,27.414533615112305,27.786426544189453,2.358717203140259,0.30000001192092896,0.0,24,6,9,1,382
27,68,87,27.414533615112305,27.786426544189453,2.358717203140259,0.30000001192092896,0.0,24,6,9,1,384
27,68,88,27.414533615112305,27.786426544189453,2.358717203140259,0.30000001192092896,0.0,24,6,9,1,386
27,68,89,27.48592758178711,27.672237396240234,2.502354145050049,0.25,0.0,24,6,9,1,393
27,68,90,27.569801330566406,27.668949127197266,2.4967546463012695,0.20000000298023224,0.0,24,6,9,1,398
27,68,91,27.65345001220703,27.665735244750977,2.4911465644836426,0.15000000596046448,0.0,24,6,9,1,404
27,68,92,27.66611099243164,27.776081085205078,2.342346668243408,0.15000000596046448,0.0,24,6,9,1,406
27,68,93,27.66611099243164,27.776081085205078,2.342346668243408,0.15000000596046448,0.0,24,6,9,1,409
27,68,94,27.66611099243164,27.776081085205078,2.342346668243408,0.15000000596046448,0.0,24,6,9,1,414
27,68,95,27.66611099243164,27.776081085205078,2.342346668243408,0.15000000596046448,0.0,24,6,9,1,425
27,68,96,27.73672866821289,27.662599563598633,2.485531806945801,0.10000000149011612,0.0,24,6,9,1,433
27,68,97,27.749427795410156,27.772687911987305,2.3370087146759033,0.10000000149011612,0.0,24,6,9,1,438
27,68,98,27.749427795410156,27.772687911987305,2.3370087146759033,0.10000000149011612,0.0,24,6,9,1,448
27,68,99,27.819488525390625,27.659547805786133,2.4799129962921143,0.05000000074505806,0.0,24,6,9,1,456
27,68,100,27.832233428955078,27.769329071044922,2.3317315578460693,0.05000000074505806,0.0,24,6,9,1,461
27,68,101,27.832233428955078,27.769329071044922,2.3317315578460693,0.05000000074505806,0.0,24,6,9,1,463
27,68,102,27.832233428955078,27.769329071044922,2.3317315578460693,0.05000000074505806,0.0,24,6,9,1,469
27,68,103,27.832233428955078,27.769329071044922,2.3317315578460693,0.05000000074505806,0.0,24,6,9,1,474
27,68,104,27.832233428955078,27.769329071044922,2.3317315578460693,0.05000000074505806,0.0,24,6,9,1,483
27,68,105,27.901596069335938,27.656583786010742,2.474292755126953,0.0,0.0,24,6,9,1,489
27,68,106,27.91438865661621,27.766014099121094,2.3265156745910645,0.0,0.0,24,6,9,1,497
27,68,107,27.91438865661621,27.766014099121094,2.3265156745910645,0.0,0.0,24,6,9,1,502
27,68,108,27.91438865661621,27.766014099121094,2.3265156745910645,0.0,0.0,24,6,9,1,507
27,68,109,27.91438865661621,27.766014099121094,2.3265156745910645,0.0,0.0,24,6,10,0,513
28,69,1,26.01646614074707,28.060781478881836,2.835448741912842,1.0,0.25,0,0,0,40,3
28,69,2,26.373416900634766,27.875267028808594,2.504228115081787,1.0,0.20000000298023224,0,0,0,40,3
28,69,3,26.508018493652344,27.84542465209961,2.459488868713379,1.0,0.20000000298023224,0,0,0,40,6
28,69,4,26.322858810424805,27.87225341796875,2.4992809295654297,1.0,0.15000000596046448,2,0,1,37,7
28,69,5,26.27320098876953,27.86920166015625,2.4944097995758057,1.0,0.10000000149011612,2,0,1,37,9
28,69,6,26.406646728515625,27.839540481567383,2.4497125148773193,1.0,0.10000000149011612,2,0,1,37,10
28,69,7,26.406646728515625,27.839540481567383,2.4497125148773193,1.0,0.10000000149011612,2,0,1,37,13
28,69,8,26.224485397338867,27.866111755371094,2.4896271228790283,1.0,0.05000000074505806,2,0,1,37,18
28,69,9,26.417400360107422,27.725265502929688,2.583890914916992,0.949999988079071,0.05000000074505806,2,1,1,36,20
28,69,10,26.490825653076172,27.72162437438965,2.5786099433898926,0.8999999761581421,0.05000000074505806,2,1,1,36,22
28,69,11,26.318315505981445,27.85712432861328,2.4733054637908936,0.8999999761581421,0.0,3,2,1,34,24
28,69,12,26.452775955200195,27.827295303344727,2.4284114837646484,0.8999999761581421,0.0,3,2,1,34,26
28,69,13,26.452775955200195,27.827295303344727,2.4284114837646484,0.8999999761581421,0.0,3,2,1,34,29
28,69,14,26.452775955200195,27.827295303344727,2.4284114837646484,0.8999999761581421,0.0,4,2,1,33,32
28,69,15,26.452775955200195,27.827295303344727,2.4284114837646484,0.8999999761581421,0.0,4,2,3,31,37
28,69,16,26.452775955200195,27.827295303344727,2.4284114837646484,0.8999999761581421,0.0,4,2,3,31,40
28,69,17,26.452775955200195,27.827295303344727,2.4284114837646484,0.8999999761581421,0.0,5,2,3,30,43
28,69,18,26.452775955200195,27.827295303344727,2.4284114837646484,0.8999999761581421,0.0,5,2,3,30,47
28,69,19,26.452775955200195,27.827295303344727,2.4284114837646484,0.8999999761581421,0.0,5,2,3,30,49
28,69,20,26.452775955200195,27.827295303344727,2.4284114837646484,0.8999999761581421,0.0,5,2,4,29,51
28,69,21,26.452775955200195,27.827295303344727,2.4284114837646484,0.8999999761581421,0.0,5,2,5,28,57
28,69,22,26.452775955200195,27.827295303344727,2.4284114837646484,0.8999999761581421,0.0,5,2,7,26,60
28,69,23,26.452775955200195,27.827295303344727,2.4284114837646484,0.8999999761581421,0.0,6,2,7,25,61
28,69,24,26.452775955200195,27.827295303344727,2.4284114837646484,0.8999999761581421,0.0,6,2,7,25,65
28,69,25,26.452775955200195,27.827295303344727,2.4284114837646484,0.8999999761581421,0.0,6,2,7,25,68
28,69,26,26.452775955200195,27.827295303344727,2.4284114837646484,0.8999999761581421,0.0,6,2,8,24,72
28,69,27,26.452775955200195,27.827295303344727,2.4284114837646484,0.8999999761581421,0.0,6,2,8,24,79
28,69,28,26.514728546142578,27.715227127075195,2.5682015419006348,0.8500000238418579,0.0,8,2,10,20,85
28,69,29,26.526960372924805,27.82406997680664,2.4224367141723633,0.8500000238418579,0.0,8,2,10,20,89
28,69,30,26.526960372924805,27.82406997680664,2.4224367141723633,0.8500000238418579,0.0,8,2,11,19,94
28,69,31,26.526960372924805,27.82406997680664,2.4224367141723633,0.8500000238418579,0.0,8,2,12,18,99
28,69,32,26.526960372924805,27.82406997680664,2.4224367141723633,0.8500000238418579,0.0,8,2,12,18,101
28,69,33,26.590312957763672,27.711545944213867,2.5628437995910645,0.800000011920929,0.0,8,2,13,17,103
28,69,34,26.60256576538086,27.8207950592041,2.416477680206299,0.800000011920929,0.0,9,2,13,16,104
28,69,35,26.60256576538086,27.8207950592041,2.416477680206299,0.800000011920929,0.0,10,2,13,15,107
28,69,36,26.60256576538086,27.8207950592041,2.416477680206299,0.800000011920929,0.0,10,2,13,15,113
28,69,37,26.667234420776367,27.707860946655273,2.557457685470581,0.75,0.0,12,2,13,13,114
28,69,38,26.679513931274414,27.817474365234375,2.4105396270751953,0.75,0.0,13,2,13,12,118
28,69,39,26.679513931274414,27.817474365234375,2.4105396270751953,0.75,0.0,13,2,13,12,126
28,69,40,26.679513931274414,27.817474365234375,2.4105396270751953,0.75,0.0,13,2,13,12,127
28,69,41,26.679513931274414,27.817474365234375,2.4105396270751953,0.75,0.0,13,2,13,12,131
28,69,42,26.679513931274414,27.817474365234375,2.4105396270751953,0.75,0.0,14,2,13,11,134
28,69,43,26.679513931274414,27.817474365234375,2.4105396270751953,0.75,0.0,14,2,14,10,138
28,69,44,26.679513931274414,27.817474365234375,2.4105396270751953,0.75,0.0,15,2,14,9,140
28,69,45,26.679513931274414,27.817474365234375,2.4105396270751953,0.75,0.0,16,2,14,8,147
28,69,46,26.745407104492188,27.704174041748047,2.552044630050659,0.699999988079071,0.0,16,2,14,8,152
28,69,47,26.75771141052246,27.814111709594727,2.4046266078948975,0.699999988079071,0.0,16,2,14,8,153
28,69,48,26.75771141052246,27.814111709594727,2.4046266078948975,0.699999988079071,0.0,16,2,14,8,157
28,69,49,26.75771141052246,27.814111709594727,2.4046266078948975,0.699999988079071,0.0,16,2,14,8,161
28,69,50,26.75771141052246,27.814111709594727,2.4046266078948975,0.699999988079071,0.0,16,2,14,8,164
28,69,51,26.82472801208496,27.700498580932617,2.5466060638427734,0.6499999761581421,0.0,17,2,14,7,169
28,69,52,26.83706283569336,27.810714721679688,2.3987433910369873,0.6499999761581421,0.0,17,2,14,7,171
28,69,53,26.83706283569336,27.810714721679688,2.3987433910369873,0.6499999761581421,0.0,17,2,14,7,177
28,69,54,26.83706283569336,27.810714721679688,2.3987433910369873,0.6499999761581421,0.0,17,2,14,7,180
28,69,55,26.90509033203125,27.69683837890625,2.5411434173583984,0.6000000238418579,0.0,17,2,14,7,186
28,69,56,26.917455673217773,27.807287216186523,2.3928940296173096,0.6000000238418579,0.0,19,2,14,5,190
28,69,57,26.917455673217773,27.807287216186523,2.3928940296173096,0.6000000238418579,0.0,19,2,14,5,194
28,69,58,26.917455673217773,27.807287216186523,2.3928940296173096,0.6000000238418579,0.0,19,2,14,5,201
28,69,59,26.917455673217773,27.807287216186523,2.3928940296173096,0.6000000238418579,0.0,19,2,14,5,204
28,69,60,26.917455673217773,27.807287216186523,2.3928940296173096,0.6000000238418579,0.0,19,2,14,5,209
28,69,61,26.917455673217773,27.807287216186523,2.3928940296173096,0.6000000238418579,0.0,19,2,14,5,211
28,69,62,26.917455673217773,27.807287216186523,2.3928940296173096,0.6000000238418579,0.0,19,2,14,5,215
28,69,63,26.917455673217773,27.807287216186523,2.3928940296173096,0.6000000238418579,0.0,19,2,14,5,218
28,69,64,26.917455673217773,27.807287216186523,2.3928940296173096,0.6000000238418579,0.0,19,2,14,5,221
28,69,65,26.98637580871582,27.693199157714844,2.5356578826904297,0.550000011920929,0.0,19,2,14,5,229
28,69,66,26.99877166748047,27.803836822509766,2.387082815170288,0.550000011920929,0.0,19,2,14,5,236
28,69,67,27.068456649780273,27.689590454101562,2.5301513671875,0.5,0.0,19,2,14,5,239
28,69,68,27.080883026123047,27.80036735534668,2.3813130855560303,0.5,0.0,19,2,14,5,243
28,69,69,27.080883026123047,27.80036735534668,2.3813130855560303,0.5,0.0,19,2,14,5,249
28,69,70,27.080883026123047,27.80036735534668,2.3813130855560303,0.5,0.0,19,2,14,5,256
28,69,71,27.080883026123047,27.80036735534668,2.3813130855560303,0.5,0.0,19,2,14,5,259
28,69,72,27.151201248168945,27.686019897460938,2.524624824523926,0.44999998807907104,0.0,19,2,14,5,268
28,69,73,27.234466552734375,27.682491302490234,2.51908016204834,0.4000000059604645,0.0,20,2,14,4,278
28,69,74,27.24695587158203,27.79339599609375,2.36991286277771,0.4000000059604645,0.0,20,2,14,4,284
28,69,75,27.24695587158203,27.79339599609375,2.36991286277771,0.4000000059604645,0.0,20,2,14,4,288
28,69,76,27.24695587158203,27.79339599609375,2.36991286277771,0.4000000059604645,0.0,20,2,14,4,294
28,69,77,27.3181095123291,27.679014205932617,2.513518810272217,0.3499999940395355,0.0,20,2,14,4,301
28,69,78,27.330629348754883,27.789907455444336,2.364288091659546,0.3499999940395355,0.0,20,2,14,4,309
28,69,79,27.330629348754883,27.789907455444336,2.364288091659546,0.3499999940395355,0.0,20,2,14,4,318
28,69,80,27.401979446411133,27.675594329833984,2.5079429149627686,0.30000001192092896,0.0,20,2,14,4,321
28,69,81,27.414533615112305,27.786426544189453,2.358717203140259,0.30000001192092896,0.0,20,2,14,4,332
28,69,82,27.414533615112305,27.786426544189453,2.358717203140259,0.30000001192092896,0.0,20,2,14,4,337
28,69,83,27.414533615112305,27.786426544189453,2.358717203140259,0.30000001192092896,0.0,20,2,14,4,342
28,69,84,27.414533615112305,27.786426544189453,2.358717203140259,0.30000001192092896,0.0,21,2,14,3,347
28,69,85,27.414533615112305,27.786426544189453,2.358717203140259,0.30000001192092896,0.0,21,2,14,3,355
28,69,86,27.414533615112305,27.786426544189453,2.358717203140259,0.30000001192092896,0.0,21,2,14,3,365
28,69,87,27.48592758178711,27.672237396240234,2.502354145050049,0.25,0.0,21,2,14,3,373
28,69,88,27.49851417541504,27.782957077026367,2.3532023429870605,0.25,0.0,21,2,14,3,384
28,69,89,27.49851417541504,27.782957077026367,2.3532023429870605,0.25,0.0,21,2,14,3,392
28,69,90,27.49851417541504,27.782957077026367,2.3532023429870605,0.25,0.0,21,2,15,2,400
28,69,91,27.569801330566406,27.668949127197266,2.4967546463012695,0.20000000298023224,0.0,21,2,16,1,405
28,69,92,27.65345001220703,27.665735244750977,2.4911465644836426,0.15000000596046448,0.0,21,2,16,1,417
28,69,93,27.66611099243164,27.776081085205078,2.342346668243408,0.15000000596046448,0.0,21,2,16,1,423
28,69,94,27.66611099243164,27.776081085205078,2.342346668243408,0.15000000596046448,0.0,21,2,16,1,425
28,69,95,27.66611099243164,27.776081085205078,2.342346668243408,0.15000000596046448,0.0,21,2,16,1,428
28,69,96,27.66611099243164,27.776081085205078,2.342346668243408,0.15000000596046448,0.0,22,2,16,0,439
29,70,1,25.971050262451172,28.057424545288086,2.830720901489258,1.0,0.15000000596046448,0,0,0,40,2
29,70,2,26.45689582824707,27.842493057250977,2.454549789428711,1.0,0.15000000596046448,0,0,0,40,3
29,70,3,26.27320098876953,27.86920166015625,2.4944097995758057,1.0,0.10000000149011612,0,0,0,40,4
29,70,4,26.406646728515625,27.839540481567383,2.4497125148773193,1.0,0.10000000149011612,0,0,0,40,5
29,70,5,26.406646728515625,27.839540481567383,2.4497125148773193,1.0,0.10000000149011612,1,0,0,39,6
29,70,6,26.406646728515625,27.839540481567383,2.4497125148773193,1.0,0.10000000149011612,1,0,0,39,6
29,70,7,26.406646728515625,27.839540481567383,2.4497125148773193,1.0,0.10000000149011612,3,0,0,37,7
29,70,8,26.406646728515625,27.839540481567383,2.4497125148773193,1.0,0.10000000149011612,3,0,0,37,7
29,70,9,26.406646728515625,27.839540481567383,2.4497125148773193,1.0,0.10000000149011612,3,0,1,36,8
29,70,10,26.406646728515625,27.839540481567383,2.4497125148773193,1.0,0.10000000149011612,3,0,1,36,9
29,70,11,26.406646728515625,27.839540481567383,2.4497125148773193,1.0,0.10000000149011612,3,0,1,36,10
29,70,12,26.406646728515625,27.839540481567383,2.4497125148773193,1.0,0.10000000149011612,3,1,1,35,12
29,70,13,26.406646728515625,27.839540481567383,2.4497125148773193,1.0,0.10000000149011612,3,2,1,34,13
29,70,14,26.224485397338867,27.866111755371094,2.4896271228790283,1.0,0.05000000074505806,4,3,2,31,17
29,70,15,26.35731315612793,27.83656883239746,2.4449892044067383,1.0,0.05000000074505806,5,3,2,30,24
29,70,16,26.35731315612793,27.83656883239746,2.4449892044067383,1.0,0.05000000074505806,6,3,3,28,27
29,70,17,26.35731315612793,27.83656883239746,2.4449892044067383,1.0,0.05000000074505806,6,3,3,28,32
29,70,18,26.35731315612793,27.83656883239746,2.4449892044067383,1.0,0.05000000074505806,6,3,3,28,32
29,70,19,26.35731315612793,27.83656883239746,2.4449892044067383,1.0,0.05000000074505806,7,4,3,26,33
29,70,20,26.35731315612793,27.83656883239746,2.4449892044067383,1.0,0.05000000074505806,7,5,3,25,35
29,70,21,26.35731315612793,27.83656883239746,2.4449892044067383,1.0,0.05000000074505806,8,5,3,24,37
29,70,22,26.35731315612793,27.83656883239746,2.4449892044067383,1.0,0.05000000074505806,9,5,3,23,38
29,70,23,26.35731315612793,27.83656883239746,2.4449892044067383,1.0,0.05000000074505806,9,5,4,22,44
29,70,24,26.176746368408203,27.86298942565918,2.4849443435668945,1.0,0.0,10,6,4,20,50
29,70,25,26.30893325805664,27.83357810974121,2.4403908252716064,1.0,0.0,11,6,4,19,58
29,70,26,26.30893325805664,27.83357810974121,2.4403908252716064,1.0,0.0,11,6,5,18,61
29,70,27,26.30893325805664,27.83357810974121,2.4403908252716064,1.0,0.0,12,6,6,16,65
29,70,28,26.30893325805664,27.83357810974121,2.4403908252716064,1.0,0.0,12,6,6,16,73
29,70,29,26.30893325805664,27.83357810974121,2.4403908252716064,1.0,0.0,12,6,6,16,75
29,70,30,26.30893325805664,27.83357810974121,2.4403908252716064,1.0,0.0,12,6,6,16,77
29,70,31,26.30893325805664,27.83357810974121,2.4403908252716064,1.0,0.0,12,6,6,16,81
29,70,32,26.30893325805664,27.83357810974121,2.4403908252716064,1.0,0.0,12,6,7,15,84
29,70,33,26.30893325805664,27.83357810974121,2.4403908252716064,1.0,0.0,12,6,7,15,85
29,70,34,26.30893325805664,27.83357810974121,2.4403908252716064,1.0,0.0,12,6,7,15,86
29,70,35,26.367881774902344,27.72254753112793,2.578826904296875,0.949999988079071,0.0,12,6,7,15,89
29,70,36,26.380081176757812,27.830467224121094,2.4343979358673096,0.949999988079071,0.0,13,6,7,14,92
29,70,37,26.380081176757812,27.830467224121094,2.4343979358673096,0.949999988079071,0.0,13,6,7,14,95
29,70,38,26.440563201904297,27.718896865844727,2.5735297203063965,0.8999999761581421,0.0,15,6,7,12,98
29,70,39,26.514728546142578,27.715227127075195,2.5682015419006348,0.8500000238418579,0.0,17,6,7,10,102
29,70,40,26.526960372924805,27.82406997680664,2.4224367141723633,0.8500000238418579,0.0,17,6,7,10,107
29,70,41,26.590312957763672,27.711545944213867,2.5628437995910645,0.800000011920929,0.0,18,6,7,9,112
29,70,42,26.60256576538086,27.8207950592041,2.416477680206299,0.800000011920929,0.0,18,6,7,9,117
29,70,43,26.60256576538086,27.8207950592041,2.416477680206299,0.800000011920929,0.0,18,6,7,9,121
29,70,44,26.60256576538086,27.8207950592041,2.416477680206299,0.800000011920929,0.0,19,6,7,8,127
29,70,45,26.60256576538086,27.8207950592041,2.416477680206299,0.800000011920929,0.0,20,6,7,7,129
29,70,46,26.60256576538086,27.8207950592041,2.416477680206299,0.800000011920929,0.0,20,6,7,7,131
29,70,47,26.60256576538086,27.8207950592041,2.416477680206299,0.800000011920929,0.0,22,6,7,5,135
29,70,48,26.60256576538086,27.8207950592041,2.416477680206299,0.800000011920929,0.0,22,6,7,5,139
29,70,49,26.60256576538086,27.8207950592041,2.416477680206299,0.800000011920929,0.0,22,6,7,5,141
29,70,50,26.60256576538086,27.8207950592041,2.416477680206299,0.800000011920929,0.0,22,6,7,5,146
29,70,51,26.667234420776367,27.707860946655273,2.557457685470581,0.75,0.0,22,6,7,5,149
29,70,52,26.679513931274414,27.817474365234375,2.4105396270751953,0.75,0.0,23,6,7,4,153
29,70,53,26.679513931274414,27.817474365234375,2.4105396270751953,0.75,0.0,23,6,7,4,154
29,70,54,26.679513931274414,27.817474365234375,2.4105396270751953,0.75,0.0,23,6,7,4,159
29,70,55,26.679513931274414,27.817474365234375,2.4105396270751953,0.75,0.0,23,6,7,4,163
29,70,56,26.679513931274414,27.817474365234375,2.4105396270751953,0.75,0.0,23,6,7,4,165
29,70,57,26.679513931274414,27.817474365234375,2.4105396270751953,0.75,0.0,23,6,7,4,170
29,70,58,26.745407104492188,27.704174041748047,2.552044630050659,0.699999988079071,0.0,23,6,7,4,173
29,70,59,26.75771141052246,27.814111709594727,2.4046266078948975,0.699999988079071,0.0,23,6,7,4,179
29,70,60,26.82472801208496,27.700498580932617,2.5466060638427734,0.6499999761581421,0.0,23,6,7,4,185
29,70,61,26.83706283569336,27.810714721679688,2.3987433910369873,0.6499999761581421,0.0,24,6,7,3,190
29,70,62,26.83706283569336,27.810714721679688,2.3987433910369873,0.6499999761581421,0.0,25,6,7,2,195
29,70,63,26.83706283569336,27.810714721679688,2.3987433910369873,0.6499999761581421,0.0,25,6,7,2,202
29,70,64,26.83706283569336,27.810714721679688,2.3987433910369873,0.6499999761581421,0.0,25,6,7,2,208
29,70,65,26.83706283569336,27.810714721679688,2.3987433910369873,0.6499999761581421,0.0,25,6,7,2,213
29,70,66,26.83706283569336,27.810714721679688,2.3987433910369873,0.6499999761581421,0.0,25,6,7,2,216
29,70,67,26.83706283569336,27.810714721679688,2.3987433910369873,0.6499999761581421,0.0,25,6,7,2,218
29,70,68,26.83706283569336,27.810714721679688,2.3987433910369873,0.6499999761581421,0.0,25,6,7,2,226
29,70,69,26.83706283569336,27.810714721679688,2.3987433910369873,0.6499999761581421,0.0,25,6,7,2,229
29,70,70,26.83706283569336,27.810714721679688,2.3987433910369873,0.6499999761581421,0.0,26,6,7,1,233
29,70,71,26.83706283569336,27.810714721679688,2.3987433910369873,0.6499999761581421,0.0,26,6,7,1,238
29,70,72,26.83706283569336,27.810714721679688,2.3987433910369873,0.6499999761581421,0.0,26,6,7,1,248
29,70,73,26.90509033203125,27.69683837890625,2.5411434173583984,0.6000000238418579,0.0,26,6,7,1,251
29,70,74,26.917455673217773,27.807287216186523,2.3928940296173096,0.6000000238418579,0.0,26,6,7,1,259
29,70,75,26.917455673217773,27.807287216186523,2.3928940296173096,0.6000000238418579,0.0,26,6,7,1,262
29,70,76,26.917455673217773,27.807287216186523,2.3928940296173096,0.6000000238418579,0.0,26,6,7,1,267
29,70,77,26.917455673217773,27.807287216186523,2.3928940296173096,0.6000000238418579,0.0,26,6,7,1,271
29,70,78,26.917455673217773,27.807287216186523,2.3928940296173096,0.6000000238418579,0.0,26,6,7,1,278
29,70,79,26.917455673217773,27.807287216186523,2.3928940296173096,0.6000000238418579,0.0,26,6,7,1,285
29,70,80,26.98637580871582,27.693199157714844,2.5356578826904297,0.550000011920929,0.0,26,6,7,1,292
29,70,81,26.99877166748047,27.803836822509766,2.387082815170288,0.550000011920929,0.0,26,6,7,1,296
29,70,82,26.99877166748047,27.803836822509766,2.387082815170288,0.550000011920929,0.0,26,6,7,1,299
29,70,83,27.068456649780273,27.689590454101562,2.5301513671875,0.5,0.0,26,6,7,1,307
29,70,84,27.080883026123047,27.80036735534668,2.3813130855560303,0.5,0.0,26,6,7,1,313
29,70,85,27.080883026123047,27.80036735534668,2.3813130855560303,0.5,0.0,26,6,7,1,321
29,70,86,27.151201248168945,27.686019897460938,2.524624824523926,0.44999998807907104,0.0,26,6,7,1,325
29,70,87,27.234466552734375,27.682491302490234,2.51908016204834,0.4000000059604645,0.0,26,6,7,1,336
29,70,88,27.3181095123291,27.679014205932617,2.513518810272217,0.3499999940395355,0.0,26,6,7,1,342
29,70,89,27.330629348754883,27.789907455444336,2.364288091659546,0.3499999940395355,0.0,26,6,7,1,351
29,70,90,27.401979446411133,27.675594329833984,2.5079429149627686,0.30000001192092896,0.0,26,6,7,1,355
29,70,91,27.414533615112305,27.786426544189453,2.358717203140259,0.30000001192092896,0.0,26,6,7,1,364
29,70,92,27.414533615112305,27.786426544189453,2.358717203140259,0.30000001192092896,0.0,27,6,7,0,374
30,71,1,25.971050262451172,28.057424545288086,2.830720901489258,1.0,0.15000000596046448,0,0,0,40,4
30,71,2,26.27320098876953,27.86920166015625,2.4944097995758057,1.0,0.10000000149011612,1,0,0,39,5
30,71,3,26.406646728515625,27.839540481567383,2.4497125148773193,1.0,0.10000000149011612,1,1,0,38,6
30,71,4,26.406646728515625,27.839540481567383,2.4497125148773193,1.0,0.10000000149011612,1,3,0,36,9
30,71,5,26.224485397338867,27.866111755371094,2.4896271228790283,1.0,0.05000000074505806,2,3,0,35,12
30,71,6,26.176746368408203,27.86298942565918,2.4849443435668945,1.0,0.0,2,3,0,35,12
30,71,7,26.30893325805664,27.83357810974121,2.4403908252716064,1.0,0.0,3,3,0,34,14
30,71,8,26.30893325805664,27.83357810974121,2.4403908252716064,1.0,0.0,4,3,0,33,18
30,71,9,26.30893325805664,27.83357810974121,2.4403908252716064,1.0,0.0,4,3,0,33,21
30,71,10,26.30893325805664,27.83357810974121,2.4403908252716064,1.0,0.0,5,3,0,32,24
30,71,11,26.30893325805664,27.83357810974121,2.4403908252716064,1.0,0.0,5,3,0,32,30
30,71,12,26.30893325805664,27.83357810974121,2.4403908252716064,1.0,0.0,5,3,0,32,36
30,71,13,26.30893325805664,27.83357810974121,2.4403908252716064,1.0,0.0,6,3,0,31,37
30,71,14,26.30893325805664,27.83357810974121,2.4403908252716064,1.0,0.0,7,3,0,30,41
30,71,15,26.30893325805664,27.83357810974121,2.4403908252716064,1.0,0.0,7,3,1,29,43
30,71,16,26.30893325805664,27.83357810974121,2.4403908252716064,1.0,0.0,8,3,1,28,47
30,71,17,26.30893325805664,27.83357810974121,2.4403908252716064,1.0,0.0,8,3,1,28,51
30,71,18,26.30893325805664,27.83357810974121,2.4403908252716064,1.0,0.0,8,3,1,28,55
30,71,19,26.367881774902344,27.72254753112793,2.578826904296875,0.949999988079071,0.0,9,3,2,26,60
30,71,20,26.380081176757812,27.830467224121094,2.4343979358673096,0.949999988079071,0.0,9,3,2,26,62
30,71,21,26.380081176757812,27.830467224121094,2.4343979358673096,0.949999988079071,0.0,10,3,4,23,69
30,71,22,26.380081176757812,27.830467224121094,2.4343979358673096,0.949999988079071,0.0,11,3,4,22,80
30,71,23,26.440563201904297,27.718896865844727,2.5735297203063965,0.8999999761581421,0.0,11,3,4,22,83
30,71,24,26.514728546142578,27.715227127075195,2.5682015419006348,0.8500000238418579,0.0,12,3,4,21,88
30,71,25,26.526960372924805,27.82406997680664,2.4224367141723633,0.8500000238418579,0.0,14,3,4,19,89
30,71,26,26.526960372924805,27.82406997680664,2.4224367141723633,0.8500000238418579,0.0,14,3,4,19,91
30,71,27,26.526960372924805,27.82406997680664,2.4224367141723633,0.8500000238418579,0.0,16,3,4,17,94
30,71,28,26.526960372924805,27.82406997680664,2.4224367141723633,0.8500000238418579,0.0,16,3,5,16,101
30,71,29,26.590312957763672,27.711545944213867,2.5628437995910645,0.800000011920929,0.0,16,3,5,16,105
30,71,30,26.60256576538086,27.8207950592041,2.416477680206299,0.800000011920929,0.0,19,3,5,13,111
30,71,31,26.667234420776367,27.707860946655273,2.557457685470581,0.75,0.0,19,3,6,12,118
30,71,32,26.679513931274414,27.817474365234375,2.4105396270751953,0.75,0.0,20,3,6,11,123
30,71,33,26.679513931274414,27.817474365234375,2.4105396270751953,0.75,0.0,20,3,6,11,127
30,71,34,26.679513931274414,27.817474365234375,2.4105396270751953,0.75,0.0,20,3,7,10,134
30,71,35,26.679513931274414,27.817474365234375,2.4105396270751953,0.75,0.0,20,3,7,10,136
30,71,36,26.679513931274414,27.817474365234375,2.4105396270751953,0.75,0.0,20,3,7,10,137
30,71,37,26.679513931274414,27.817474365234375,2.4105396270751953,0.75,0.0,20,3,7,10,141
30,71,38,26.679513931274414,27.817474365234375,2.4105396270751953,0.75,0.0,20,3,7,10,145
30,71,39,26.679513931274414,27.817474365234375,2.4105396270751953,0.75,0.0,20,3,7,10,148
30,71,40,26.679513931274414,27.817474365234375,2.4105396270751953,0.75,0.0,20,3,7,10,150
30,71,41,26.679513931274414,27.817474365234375,2.4105396270751953,0.75,0.0,20,3,7,10,154
30,71,42,26.679513931274414,27.817474365234375,2.4105396270751953,0.75,0.0,20,3,7,10,158
30,71,43,26.745407104492188,27.704174041748047,2.552044630050659,0.699999988079071,0.0,21,3,7,9,164
30,71,44,26.75771141052246,27.814111709594727,2.4046266078948975,0.699999988079071,0.0,22,3,7,8,170
30,71,45,26.82472801208496,27.700498580932617,2.5466060638427734,0.6499999761581421,0.0,22,3,7,8,174
30,71,46,26.83706283569336,27.810714721679688,2.3987433910369873,0.6499999761581421,0.0,23,3,7,7,181
30,71,47,26.83706283569336,27.810714721679688,2.3987433910369873,0.6499999761581421,0.0,24,3,7,6,184
30,71,48,26.83706283569336,27.810714721679688,2.3987433910369873,0.6499999761581421,0.0,24,3,7,6,187
30,71,49,26.83706283569336,27.810714721679688,2.3987433910369873,0.6499999761581421,0.0,24,3,7,6,195
30,71,50,26.90509033203125,27.69683837890625,2.5411434173583984,0.6000000238418579,0.0,25,3,7,5,197
30,71,51,26.98637580871582,27.693199157714844,2.5356578826904297,0.550000011920929,0.0,25,3,7,5,201
30,71,52,27.068456649780273,27.689590454101562,2.5301513671875,0.5,0.0,26,3,7,4,209
30,71,53,27.080883026123047,27.80036735534668,2.3813130855560303,0.5,0.0,26,3,7,4,215
30,71,54,27.151201248168945,27.686019897460938,2.524624824523926,0.44999998807907104,0.0,26,3,7,4,223
30,71,55,27.163658142089844,27.796884536743164,2.3755886554718018,0.44999998807907104,0.0,26,3,7,4,234
30,71,56,27.234466552734375,27.682491302490234,2.51908016204834,0.4000000059604645,0.0,27,3,7,3,240
30,71,57,27.24695587158203,27.79339599609375,2.36991286277771,0.4000000059604645,0.0,27,3,7,3,247
30,71,58,27.24695587158203,27.79339599609375,2.36991286277771,0.4000000059604645,0.0,27,3,7,3,255
30,71,59,27.24695587158203,27.79339599609375,2.36991286277771,0.4000000059604645,0.0,27,3,7,3,260
30,71,60,27.24695587158203,27.79339599609375,2.36991286277771,0.4000000059604645,0.0,27,3,7,3,267
30,71,61,27.24695587158203,27.79339599609375,2.36991286277771,0.4000000059604645,0.0,27,3,7,3,278
30,71,62,27.24695587158203,27.79339599609375,2.36991286277771,0.4000000059604645,0.0,27,3,7,3,288
30,71,63,27.24695587158203,27.79339599609375,2.36991286277771,0.4000000059604645,0.0,28,3,7,2,293
30,71,64,27.24695587158203,27.79339599609375,2.36991286277771,0.4000000059604645,0.0,28,3,7,2,301
30,71,65,27.24695587158203,27.79339599609375,2.36991286277771,0.4000000059604645,0.0,28,3,7,2,312
30,71,66,27.3181095123291,27.679014205932617,2.513518810272217,0.3499999940395355,0.0,28,3,7,2,319
30,71,67,27.330629348754883,27.789907455444336,2.364288091659546,0.3499999940395355,0.0,28,3,7,2,324
30,71,68,27.401979446411133,27.675594329833984,2.5079429149627686,0.30000001192092896,0.0,28,3,7,2,333
30,71,69,27.414533615112305,27.786426544189453,2.358717203140259,0.30000001192092896,0.0,28,3,7,2,337
30,71,70,27.414533615112305,27.786426544189453,2.358717203140259,0.30000001192092896,0.0,28,3,7,2,347
30,71,71,27.48592758178711,27.672237396240234,2.502354145050049,0.25,0.0,29,3,7,1,353
30,71,72,27.49851417541504,27.782957077026367,2.3532023429870605,0.25,0.0,29,3,7,1,357
30,71,73,27.49851417541504,27.782957077026367,2.3532023429870605,0.25,0.0,29,3,7,1,365
30,71,74,27.49851417541504,27.782957077026367,2.3532023429870605,0.25,0.0,29,3,7,1,373
30,71,75,27.49851417541504,27.782957077026367,2.3532023429870605,0.25,0.0,29,3,7,1,379
30,71,76,27.49851417541504,27.782957077026367,2.3532023429870605,0.25,0.0,29,3,7,1,385
30,71,77,27.569801330566406,27.668949127197266,2.4967546463012695,0.20000000298023224,0.0,29,3,7,1,390
30,71,78,27.58242416381836,27.77950668334961,2.347744941711426,0.20000000298023224,0.0,30,3,7,0,396
