episode,seed,step,cA,cB,wc,F1_exitA_threat,F2_exitB_threat,escaped_A,escaped_B,dead,remaining,fire_cells
1,42,1,28.051334381103516,27.116588592529297,3.4470646381378174,0.25,1.0,0,0,0,40,1
1,42,2,28.606657028198242,27.84087371826172,2.4564614295959473,0.25,1.0,0,1,0,39,2
1,42,3,28.663463592529297,27.72933006286621,2.5956015586853027,0.20000000298023224,1.0,0,1,0,39,2
1,42,4,28.683456420898438,27.83733367919922,2.450861692428589,0.20000000298023224,1.0,2,2,0,36,4
1,42,5,28.683456420898438,27.83733367919922,2.450861692428589,0.20000000298023224,1.0,2,2,0,36,6
1,42,6,28.683456420898438,27.83733367919922,2.450861692428589,0.20000000298023224,1.0,2,3,0,35,9
1,42,7,28.683456420898438,27.83733367919922,2.450861692428589,0.20000000298023224,1.0,2,4,0,34,10
1,42,8,28.683456420898438,27.83733367919922,2.450861692428589,0.20000000298023224,1.0,2,5,0,33,12
1,42,9,28.683456420898438,27.83733367919922,2.450861692428589,0.20000000298023224,1.0,2,5,0,33,14
1,42,10,28.683456420898438,27.83733367919922,2.450861692428589,0.20000000298023224,1.0,3,5,0,32,14
1,42,11,28.683456420898438,27.83733367919922,2.450861692428589,0.20000000298023224,1.0,4,5,0,31,16
1,42,12,28.73859405517578,27.726102828979492,2.5895774364471436,0.15000000596046448,1.0,4,5,0,31,19
1,42,13,28.75908851623535,27.833782196044922,2.4452786445617676,0.15000000596046448,1.0,4,6,0,30,24
1,42,14,28.75908851623535,27.833782196044922,2.4452786445617676,0.15000000596046448,1.0,4,6,0,30,28
1,42,15,28.812503814697266,27.722909927368164,2.583522319793701,0.10000000149011612,1.0,4,6,0,30,32
1,42,16,28.693571090698242,27.746238708496094,2.61757755279541,0.05000000074505806,0.949999988079071,4,6,0,30,34
1,42,17,28.665937423706055,27.851137161254883,2.4694716930389404,0.05000000074505806,0.8999999761581421,4,7,0,29,36
1,42,18,28.86530876159668,27.710098266601562,2.5634613037109375,0.0,0.8999999761581421,4,7,0,29,38
1,42,19,28.886016845703125,27.81742286682129,2.4194657802581787,0.0,0.8999999761581421,4,8,0,28,40
1,42,20,28.886016845703125,27.81742286682129,2.4194657802581787,0.0,0.8999999761581421,4,8,0,28,45
1,42,21,28.886016845703125,27.81742286682129,2.4194657802581787,0.0,0.8999999761581421,4,9,0,27,52
1,42,22,28.886016845703125,27.81742286682129,2.4194657802581787,0.0,0.8999999761581421,4,9,0,27,55
1,42,23,28.886016845703125,27.81742286682129,2.4194657802581787,0.0,0.8999999761581421,4,9,0,27,60
1,42,24,28.886016845703125,27.81742286682129,2.4194657802581787,0.0,0.8999999761581421,4,9,0,27,64
1,42,25,28.886016845703125,27.81742286682129,2.4194657802581787,0.0,0.8999999761581421,4,10,0,26,66
1,42,26,28.886016845703125,27.81742286682129,2.4194657802581787,0.0,0.8999999761581421,4,11,1,24,74
1,42,27,28.886016845703125,27.81742286682129,2.4194657802581787,0.0,0.8999999761581421,4,12,1,23,80
1,42,28,28.691627502441406,27.84486961364746,2.459322929382324,0.0,0.8500000238418579,4,12,1,23,83
1,42,29,28.64263153076172,27.842212677001953,2.454598903656006,0.0,0.800000011920929,4,15,1,20,88
1,42,30,28.789737701416016,27.811689376831055,2.409769058227539,0.0,0.800000011920929,4,15,1,20,95
1,42,31,28.789737701416016,27.811689376831055,2.409769058227539,0.0,0.800000011920929,4,16,1,19,98
1,42,32,28.789737701416016,27.811689376831055,2.409769058227539,0.0,0.800000011920929,4,16,1,19,104
1,42,33,28.789737701416016,27.811689376831055,2.409769058227539,0.0,0.800000011920929,4,17,1,18,117
1,42,34,28.592710494995117,27.83953285217285,2.449747085571289,0.0,0.75,4,17,1,18,127
1,42,35,28.74009895324707,27.80881690979004,2.404754877090454,0.0,0.75,4,18,1,17,133
1,42,36,28.74009895324707,27.80881690979004,2.404754877090454,0.0,0.75,4,19,1,16,144
1,42,37,28.74009895324707,27.80881690979004,2.404754877090454,0.0,0.75,4,20,1,15,152
1,42,38,28.74009895324707,27.80881690979004,2.404754877090454,0.0,0.75,4,20,1,15,166
1,42,39,28.541898727416992,27.836833953857422,2.4447779655456543,0.0,0.699999988079071,4,20,1,15,178
1,42,40,28.490245819091797,27.83411407470703,2.4397029876708984,0.0,0.6499999761581421,4,20,1,15,186
1,42,41,28.638017654418945,27.803062438964844,2.394451856613159,0.0,0.6499999761581421,4,22,1,13,198
1,42,42,28.638017654418945,27.803062438964844,2.394451856613159,0.0,0.6499999761581421,4,22,1,13,209
1,42,43,28.43779754638672,27.831375122070312,2.434535264968872,0.0,0.6000000238418579,4,22,1,13,226
1,42,44,28.384611129760742,27.82861328125,2.429287910461426,0.0,0.550000011920929,4,23,1,12,240
1,42,45,28.532506942749023,27.797306060791016,2.3838725090026855,0.0,0.550000011920929,4,23,1,12,247
1,42,46,28.532506942749023,27.797306060791016,2.3838725090026855,0.0,0.550000011920929,4,24,1,11,258
1,42,47,28.532506942749023,27.797306060791016,2.3838725090026855,0.0,0.550000011920929,4,25,1,10,267
1,42,48,28.532506942749023,27.797306060791016,2.3838725090026855,0.0,0.550000011920929,4,26,1,9,272
1,42,49,28.532506942749023,27.797306060791016,2.3838725090026855,0.0,0.550000011920929,4,26,1,9,284
1,42,50,28.532506942749023,27.797306060791016,2.3838725090026855,0.0,0.550000011920929,4,27,1,8,290
1,42,51,28.532506942749023,27.797306060791016,2.3838725090026855,0.0,0.550000011920929,4,27,1,8,298
1,42,52,28.330745697021484,27.825834274291992,2.423976421356201,0.0,0.5,4,27,1,8,307
1,42,53,28.478605270385742,27.794431686401367,2.378516674041748,0.0,0.5,4,28,1,7,317
1,42,54,28.276264190673828,27.823036193847656,2.4186158180236816,0.0,0.44999998807907104,4,28,1,7,324
1,42,55,28.221233367919922,27.820219039916992,2.4132227897644043,0.0,0.4000000059604645,4,29,1,6,331
1,42,56,28.368824005126953,27.7886905670166,2.3677542209625244,0.0,0.4000000059604645,4,29,1,6,336
1,42,57,28.368824005126953,27.7886905670166,2.3677542209625244,0.0,0.4000000059604645,4,29,1,6,348
1,42,58,28.368824005126953,27.7886905670166,2.3677542209625244,0.0,0.4000000059604645,4,29,1,6,355
1,42,59,28.165727615356445,27.8173828125,2.4078140258789062,0.0,0.3499999940395355,4,30,1,5,364
1,42,60,28.313085556030273,27.785829544067383,2.3623814582824707,0.0,0.3499999940395355,4,30,1,5,370
1,42,61,28.313085556030273,27.785829544067383,2.3623814582824707,0.0,0.3499999940395355,4,30,1,5,385
1,42,62,28.313085556030273,27.785829544067383,2.3623814582824707,0.0,0.3499999940395355,4,31,1,4,396
1,42,63,28.109819412231445,27.814531326293945,2.4024062156677246,0.0,0.30000001192092896,4,31,1,4,404
1,42,64,28.256881713867188,27.78297233581543,2.3570375442504883,0.0,0.30000001192092896,4,32,1,3,414
1,42,65,28.053585052490234,27.811662673950195,2.397017002105713,0.0,0.25,4,32,1,3,426
1,42,66,27.997106552124023,27.808778762817383,2.3916635513305664,0.0,0.20000000298023224,4,32,1,3,428
1,42,67,28.14339256286621,27.777280807495117,2.3465049266815186,0.0,0.20000000298023224,4,32,1,3,438
1,42,68,27.940460205078125,27.80588150024414,2.3863627910614014,0.0,0.15000000596046448,4,32,1,3,445
1,42,69,28.086271286010742,27.77444839477539,2.3413496017456055,0.0,0.15000000596046448,4,32,1,3,453
1,42,70,28.086271286010742,27.77444839477539,2.3413496017456055,0.0,0.15000000596046448,4,33,1,2,460
1,42,71,28.086271286010742,27.77444839477539,2.3413496017456055,0.0,0.15000000596046448,4,33,1,2,466
1,42,72,28.086271286010742,27.77444839477539,2.3413496017456055,0.0,0.15000000596046448,4,33,1,2,480
1,42,73,27.883729934692383,27.80297088623047,2.3811309337615967,0.0,0.10000000149011612,4,33,1,2,489
1,42,74,28.029006958007812,27.77162742614746,2.336289644241333,0.0,0.10000000149011612,4,33,1,2,496
1,42,75,27.826995849609375,27.800048828125,2.375983953475952,0.0,0.05000000074505806,4,33,1,2,503
1,42,76,27.9716854095459,27.768814086914062,2.3313403129577637,0.0,0.05000000074505806,4,33,1,2,506
1,42,77,27.9716854095459,27.768814086914062,2.3313403129577637,0.0,0.05000000074505806,4,33,1,2,512
1,42,78,27.9716854095459,27.768814086914062,2.3313403129577637,0.0,0.05000000074505806,4,33,1,2,518
1,42,79,27.9716854095459,27.768814086914062,2.3313403129577637,0.0,0.05000000074505806,4,33,1,2,526
1,42,80,27.9716854095459,27.768814086914062,2.3313403129577637,0.0,0.05000000074505806,4,33,1,2,535
1,42,81,27.9716854095459,27.768814086914062,2.3313403129577637,0.0,0.05000000074505806,4,33,1,2,543
1,42,82,27.9716854095459,27.768814086914062,2.3313403129577637,0.0,0.05000000074505806,4,33,1,2,552
1,42,83,27.770336151123047,27.797117233276367,2.3709373474121094,0.0,0.0,4,33,1,2,557
1,42,84,27.91438865661621,27.766014099121094,2.3265156745910645,0.0,0.0,4,33,1,2,561
1,42,85,27.91438865661621,27.766014099121094,2.3265156745910645,0.0,0.0,4,33,1,2,567
1,42,86,27.91438865661621,27.766014099121094,2.3265156745910645,0.0,0.0,4,33,1,2,573
1,42,87,27.91438865661621,27.766014099121094,2.3265156745910645,0.0,0.0,4,33,1,2,581
1,42,88,27.91438865661621,27.766014099121094,2.3265156745910645,0.0,0.0,4,33,1,2,587
1,42,89,27.91438865661621,27.766014099121094,2.3265156745910645,0.0,0.0,4,33,1,2,593
1,42,90,27.91438865661621,27.766014099121094,2.3265156745910645,0.0,0.0,4,33,2,1,598
1,42,91,27.91438865661621,27.766014099121094,2.3265156745910645,0.0,0.0,4,33,3,0,602
2,43,1,28.03417205810547,27.12654685974121,3.4387741088867188,0.30000001192092896,1.0,0,0,0,40,1
2,43,2,28.528785705566406,27.844396591186523,2.4620747566223145,0.30000001192092896,1.0,0,0,0,40,1
2,43,3,28.528785705566406,27.844396591186523,2.4620747566223145,0.30000001192092896,1.0,0,0,0,40,1
2,43,4,28.528785705566406,27.844396591186523,2.4620747566223145,0.30000001192092896,1.0,0,0,0,40,2
2,43,5,28.528785705566406,27.844396591186523,2.4620747566223145,0.30000001192092896,1.0,0,0,0,40,3
2,43,6,28.587200164794922,27.732587814331055,2.6015894412994385,0.25,1.0,0,0,0,40,3
2,43,7,28.606657028198242,27.84087371826172,2.4564614295959473,0.25,1.0,0,1,0,39,4
2,43,8,28.606657028198242,27.84087371826172,2.4564614295959473,0.25,1.0,1,1,0,38,5
2,43,9,28.663463592529297,27.72933006286621,2.5956015586853027,0.20000000298023224,1.0,1,3,0,36,5
2,43,10,28.683456420898438,27.83733367919922,2.450861692428589,0.20000000298023224,1.0,1,4,0,35,6
2,43,11,28.683456420898438,27.83733367919922,2.450861692428589,0.20000000298023224,1.0,1,4,0,35,9
2,43,12,28.683456420898438,27.83733367919922,2.450861692428589,0.20000000298023224,1.0,1,4,0,35,9
2,43,13,28.683456420898438,27.83733367919922,2.450861692428589,0.20000000298023224,1.0,1,4,0,35,11
2,43,14,28.73859405517578,27.726102828979492,2.5895774364471436,0.15000000596046448,1.0,1,5,0,34,11
2,43,15,28.75908851623535,27.833782196044922,2.4452786445617676,0.15000000596046448,1.0,1,5,0,34,12
2,43,16,28.75908851623535,27.833782196044922,2.4452786445617676,0.15000000596046448,1.0,1,6,0,33,14
2,43,17,28.75908851623535,27.833782196044922,2.4452786445617676,0.15000000596046448,1.0,1,7,0,32,15
2,43,18,28.75908851623535,27.833782196044922,2.4452786445617676,0.15000000596046448,1.0,1,7,0,32,20
2,43,19,28.812503814697266,27.722909927368164,2.583522319793701,0.10000000149011612,1.0,1,7,0,32,21
2,43,20,28.83346176147461,27.83022689819336,2.4397149085998535,0.10000000149011612,1.0,1,7,0,32,23
2,43,21,28.83346176147461,27.83022689819336,2.4397149085998535,0.10000000149011612,1.0,1,9,0,30,27
2,43,22,28.83346176147461,27.83022689819336,2.4397149085998535,0.10000000149011612,1.0,1,9,0,30,30
2,43,23,28.885112762451172,27.719757080078125,2.577442169189453,0.05000000074505806,1.0,1,10,0,29,36
2,43,24,28.906494140625,27.82667350769043,2.434173822402954,0.05000000074505806,1.0,3,11,0,26,42
2,43,25,28.71380043029785,27.85374641418457,2.473919153213501,0.05000000074505806,0.949999988079071,3,11,0,26,45
2,43,26,28.86014175415039,27.823827743530273,2.429635524749756,0.05000000074505806,0.949999988079071,3,13,0,24,48
2,43,27,28.665937423706055,27.851137161254883,2.4694716930389404,0.05000000074505806,0.8999999761581421,3,13,0,24,54
2,43,28,28.617103576660156,27.84850311279297,2.4648780822753906,0.05000000074505806,0.8500000238418579,3,14,0,23,60
2,43,29,28.818218231201172,27.706851959228516,2.559274911880493,0.0,0.8500000238418579,3,14,0,23,63
2,43,30,28.83838653564453,27.814558029174805,2.4146761894226074,0.0,0.8500000238418579,3,15,0,22,69
2,43,31,28.64263153076172,27.842212677001953,2.454598903656006,0.0,0.800000011920929,3,17,0,20,79
2,43,32,28.789737701416016,27.811689376831055,2.409769058227539,0.0,0.800000011920929,3,17,0,20,88
2,43,33,28.789737701416016,27.811689376831055,2.409769058227539,0.0,0.800000011920929,3,19,0,18,98
2,43,34,28.789737701416016,27.811689376831055,2.409769058227539,0.0,0.800000011920929,3,19,0,18,111
2,43,35,28.592710494995117,27.83953285217285,2.449747085571289,0.0,0.75,3,19,0,18,119
2,43,36,28.541898727416992,27.836833953857422,2.4447779655456543,0.0,0.699999988079071,3,21,0,16,127
2,43,37,28.689512252807617,27.805940628051758,2.3996448516845703,0.0,0.699999988079071,3,22,0,15,133
2,43,38,28.689512252807617,27.805940628051758,2.3996448516845703,0.0,0.699999988079071,3,23,0,14,142
2,43,39,28.689512252807617,27.805940628051758,2.3996448516845703,0.0,0.699999988079071,3,23,0,14,150
2,43,40,28.689512252807617,27.805940628051758,2.3996448516845703,0.0,0.699999988079071,3,23,0,14,158
2,43,41,28.689512252807617,27.805940628051758,2.3996448516845703,0.0,0.699999988079071,3,23,0,14,164
2,43,42,28.689512252807617,27.805940628051758,2.3996448516845703,0.0,0.699999988079071,3,23,0,14,173
2,43,43,28.490245819091797,27.83411407470703,2.4397029876708984,0.0,0.6499999761581421,3,24,0,13,179
2,43,44,28.638017654418945,27.803062438964844,2.394451856613159,0.0,0.6499999761581421,3,25,0,12,191
2,43,45,28.638017654418945,27.803062438964844,2.394451856613159,0.0,0.6499999761581421,3,25,1,11,197
2,43,46,28.638017654418945,27.803062438964844,2.394451856613159,0.0,0.6499999761581421,3,26,1,10,206
2,43,47,28.638017654418945,27.803062438964844,2.394451856613159,0.0,0.6499999761581421,3,27,1,9,215
2,43,48,28.638017654418945,27.803062438964844,2.394451856613159,0.0,0.6499999761581421,3,28,1,8,228
2,43,49,28.43779754638672,27.831375122070312,2.434535264968872,0.0,0.6000000238418579,3,28,1,8,239
2,43,50,28.384611129760742,27.82861328125,2.429287910461426,0.0,0.550000011920929,3,28,1,8,247
2,43,51,28.532506942749023,27.797306060791016,2.3838725090026855,0.0,0.550000011920929,3,28,1,8,253
2,43,52,28.532506942749023,27.797306060791016,2.3838725090026855,0.0,0.550000011920929,3,28,1,8,263
2,43,53,28.532506942749023,27.797306060791016,2.3838725090026855,0.0,0.550000011920929,3,28,1,8,277
2,43,54,28.330745697021484,27.825834274291992,2.423976421356201,0.0,0.5,3,28,1,8,282
2,43,55,28.478605270385742,27.794431686401367,2.378516674041748,0.0,0.5,3,28,1,8,295
2,43,56,28.276264190673828,27.823036193847656,2.4186158180236816,0.0,0.44999998807907104,3,28,1,8,309
2,43,57,28.221233367919922,27.820219039916992,2.4132227897644043,0.0,0.4000000059604645,3,28,1,8,319
2,43,58,28.368824005126953,27.7886905670166,2.3677542209625244,0.0,0.4000000059604645,3,28,1,8,330
2,43,59,28.368824005126953,27.7886905670166,2.3677542209625244,0.0,0.4000000059604645,3,28,1,8,346
2,43,60,28.165727615356445,27.8173828125,2.4078140258789062,0.0,0.3499999940395355,3,30,1,6,356
2,43,61,28.313085556030273,27.785829544067383,2.3623814582824707,0.0,0.3499999940395355,3,31,1,5,370
2,43,62,28.313085556030273,27.785829544067383,2.3623814582824707,0.0,0.3499999940395355,3,32,1,4,377
2,43,63,28.313085556030273,27.785829544067383,2.3623814582824707,0.0,0.3499999940395355,3,32,1,4,384
2,43,64,28.313085556030273,27.785829544067383,2.3623814582824707,0.0,0.3499999940395355,3,32,1,4,393
2,43,65,28.313085556030273,27.785829544067383,2.3623814582824707,0.0,0.3499999940395355,3,32,1,4,402
2,43,66,28.109819412231445,27.814531326293945,2.4024062156677246,0.0,0.30000001192092896,3,32,1,4,408
2,43,67,28.053585052490234,27.811662673950195,2.397017002105713,0.0,0.25,3,32,1,4,411
2,43,68,28.20029067993164,27.780122756958008,2.3517396450042725,0.0,0.25,3,33,1,3,417
2,43,69,28.20029067993164,27.780122756958008,2.3517396450042725,0.0,0.25,3,33,1,3,425
2,43,70,28.20029067993164,27.780122756958008,2.3517396450042725,0.0,0.25,3,33,1,3,430
2,43,71,28.20029067993164,27.780122756958008,2.3517396450042725,0.0,0.25,3,33,1,3,437
2,43,72,27.997106552124023,27.808778762817383,2.3916635513305664,0.0,0.20000000298023224,3,33,1,3,447
2,43,73,28.14339256286621,27.777280807495117,2.3465049266815186,0.0,0.20000000298023224,3,33,1,3,456
2,43,74,27.940460205078125,27.80588150024414,2.3863627910614014,0.0,0.15000000596046448,3,33,1,3,464
2,43,75,28.086271286010742,27.77444839477539,2.3413496017456055,0.0,0.15000000596046448,3,33,1,3,474
2,43,76,28.086271286010742,27.77444839477539,2.3413496017456055,0.0,0.15000000596046448,3,34,1,2,485
2,43,77,28.086271286010742,27.77444839477539,2.3413496017456055,0.0,0.15000000596046448,3,35,1,1,494
2,43,78,28.086271286010742,27.77444839477539,2.3413496017456055,0.0,0.15000000596046448,3,35,1,1,505
2,43,79,27.883729934692383,27.80297088623047,2.3811309337615967,0.0,0.10000000149011612,3,35,1,1,511
2,43,80,27.826995849609375,27.800048828125,2.375983953475952,0.0,0.05000000074505806,3,35,1,1,515
2,43,81,27.9716854095459,27.768814086914062,2.3313403129577637,0.0,0.05000000074505806,3,35,1,1,523
2,43,82,27.9716854095459,27.768814086914062,2.3313403129577637,0.0,0.05000000074505806,3,35,1,1,532
2,43,83,27.770336151123047,27.797117233276367,2.3709373474121094,0.0,0.0,3,35,1,1,538
2,43,84,27.91438865661621,27.766014099121094,2.3265156745910645,0.0,0.0,3,35,1,1,544
2,43,85,27.91438865661621,27.766014099121094,2.3265156745910645,0.0,0.0,3,35,1,1,551
2,43,86,27.91438865661621,27.766014099121094,2.3265156745910645,0.0,0.0,3,35,1,1,555
2,43,87,27.91438865661621,27.766014099121094,2.3265156745910645,0.0,0.0,3,35,1,1,562
2,43,88,27.91438865661621,27.766014099121094,2.3265156745910645,0.0,0.0,3,36,1,0,569
3,44,1,28.066585540771484,27.108444213867188,3.4532198905944824,0.20000000298023224,1.0,0,0,0,40,3
3,44,2,28.683456420898438,27.83733367919922,2.450861692428589,0.20000000298023224,1.0,0,0,0,40,5
3,44,3,28.73859405517578,27.726102828979492,2.5895774364471436,0.15000000596046448,1.0,1,0,0,39,7
3,44,4,28.75908851623535,27.833782196044922,2.4452786445617676,0.15000000596046448,1.0,1,0,0,39,11
3,44,5,28.75908851623535,27.833782196044922,2.4452786445617676,0.15000000596046448,1.0,1,0,0,39,13
3,44,6,28.75908851623535,27.833782196044922,2.4452786445617676,0.15000000596046448,1.0,1,1,0,38,21
3,44,7,28.61972999572754,27.74949836730957,2.6236586570739746,0.10000000149011612,0.949999988079071,1,1,0,38,23
3,44,8,28.786277770996094,27.8273868560791,2.4351675510406494,0.10000000149011612,0.949999988079071,1,1,0,38,26
3,44,9,28.786277770996094,27.8273868560791,2.4351675510406494,0.10000000149011612,0.949999988079071,1,1,0,38,28
3,44,10,28.786277770996094,27.8273868560791,2.4351675510406494,0.10000000149011612,0.949999988079071,1,1,0,38,32
3,44,11,28.590896606445312,27.854766845703125,2.475038766860962,0.10000000149011612,0.8999999761581421,3,1,1,35,39
3,44,12,28.598073959350586,27.740270614624023,2.609722375869751,0.05000000074505806,0.8500000238418579,4,1,1,34,44
3,44,13,28.764301300048828,27.8181095123291,2.420158624649048,0.05000000074505806,0.8500000238418579,5,2,1,32,49
3,44,14,28.764301300048828,27.8181095123291,2.420158624649048,0.05000000074505806,0.8500000238418579,5,3,1,31,52
3,44,15,28.764301300048828,27.8181095123291,2.420158624649048,0.05000000074505806,0.8500000238418579,5,3,1,31,59
3,44,16,28.62384605407715,27.73406219482422,2.5994303226470947,0.0,0.800000011920929,5,4,2,29,66
3,44,17,28.592710494995117,27.83953285217285,2.449747085571289,0.0,0.75,5,4,2,29,75
3,44,18,28.74009895324707,27.80881690979004,2.404754877090454,0.0,0.75,5,4,2,29,81
3,44,19,28.541898727416992,27.836833953857422,2.4447779655456543,0.0,0.699999988079071,5,7,2,26,90
3,44,20,28.490245819091797,27.83411407470703,2.4397029876708984,0.0,0.6499999761581421,5,8,2,25,93
3,44,21,28.638017654418945,27.803062438964844,2.394451856613159,0.0,0.6499999761581421,5,9,2,24,98
3,44,22,28.638017654418945,27.803062438964844,2.394451856613159,0.0,0.6499999761581421,5,9,2,24,103
3,44,23,28.638017654418945,27.803062438964844,2.394451856613159,0.0,0.6499999761581421,5,9,2,24,113
3,44,24,28.638017654418945,27.803062438964844,2.394451856613159,0.0,0.6499999761581421,5,10,2,23,122
3,44,25,28.43779754638672,27.831375122070312,2.434535264968872,0.0,0.6000000238418579,5,10,2,23,131
3,44,26,28.585664749145508,27.80018424987793,2.3891892433166504,0.0,0.6000000238418579,5,11,2,22,140
3,44,27,28.384611129760742,27.82861328125,2.429287910461426,0.0,0.550000011920929,5,13,2,20,152
3,44,28,28.330745697021484,27.825834274291992,2.423976421356201,0.0,0.5,5,13,2,20,163
3,44,29,28.478605270385742,27.794431686401367,2.378516674041748,0.0,0.5,5,13,2,20,173
3,44,30,28.478605270385742,27.794431686401367,2.378516674041748,0.0,0.5,5,15,2,18,185
3,44,31,28.478605270385742,27.794431686401367,2.378516674041748,0.0,0.5,5,15,2,18,193
3,44,32,28.478605270385742,27.794431686401367,2.378516674041748,0.0,0.5,5,16,2,17,203
3,44,33,28.478605270385742,27.794431686401367,2.378516674041748,0.0,0.5,5,17,2,16,212
3,44,34,28.478605270385742,27.794431686401367,2.378516674041748,0.0,0.5,5,17,2,16,220
3,44,35,28.478605270385742,27.794431686401367,2.378516674041748,0.0,0.5,5,17,2,16,225
3,44,36,28.478605270385742,27.794431686401367,2.378516674041748,0.0,0.5,5,18,2,15,231
3,44,37,28.478605270385742,27.794431686401367,2.378516674041748,0.0,0.5,5,19,2,14,240
3,44,38,28.276264190673828,27.823036193847656,2.4186158180236816,0.0,0.44999998807907104,5,19,2,14,249
3,44,39,28.424020767211914,27.79155921936035,2.373138189315796,0.0,0.44999998807907104,5,19,2,14,261
3,44,40,28.221233367919922,27.820219039916992,2.4132227897644043,0.0,0.4000000059604645,5,19,2,14,271
3,44,41,28.368824005126953,27.7886905670166,2.3677542209625244,0.0,0.4000000059604645,5,20,2,13,276
3,44,42,28.368824005126953,27.7886905670166,2.3677542209625244,0.0,0.4000000059604645,5,21,2,12,286
3,44,43,28.368824005126953,27.7886905670166,2.3677542209625244,0.0,0.4000000059604645,5,21,2,12,296
3,44,44,28.165727615356445,27.8173828125,2.4078140258789062,0.0,0.3499999940395355,5,23,2,10,303
3,44,45,28.313085556030273,27.785829544067383,2.3623814582824707,0.0,0.3499999940395355,5,23,2,10,313
3,44,46,28.313085556030273,27.785829544067383,2.3623814582824707,0.0,0.3499999940395355,5,23,2,10,318
3,44,47,28.109819412231445,27.814531326293945,2.4024062156677246,0.0,0.30000001192092896,5,23,2,10,326
3,44,48,28.256881713867188,27.78297233581543,2.3570375442504883,0.0,0.30000001192092896,5,25,2,8,335
3,44,49,28.256881713867188,27.78297233581543,2.3570375442504883,0.0,0.30000001192092896,5,25,3,7,347
3,44,50,28.256881713867188,27.78297233581543,2.3570375442504883,0.0,0.30000001192092896,5,25,3,7,357
3,44,51,28.053585052490234,27.811662673950195,2.397017002105713,0.0,0.25,5,27,3,5,365
3,44,52,28.20029067993164,27.780122756958008,2.3517396450042725,0.0,0.25,5,28,4,3,378
3,44,53,28.20029067993164,27.780122756958008,2.3517396450042725,0.0,0.25,5,28,4,3,381
3,44,54,28.20029067993164,27.780122756958008,2.3517396450042725,0.0,0.25,5,28,4,3,390
3,44,55,28.20029067993164,27.780122756958008,2.3517396450042725,0.0,0.25,5,28,4,3,395
3,44,56,27.997106552124023,27.808778762817383,2.3916635513305664,0.0,0.20000000298023224,5,28,4,3,400
3,44,57,28.14339256286621,27.777280807495117,2.3465049266815186,0.0,0.20000000298023224,5,28,4,3,409
3,44,58,27.940460205078125,27.80588150024414,2.3863627910614014,0.0,0.15000000596046448,5,28,4,3,413
3,44,59,28.086271286010742,27.77444839477539,2.3413496017456055,0.0,0.15000000596046448,5,28,4,3,417
3,44,60,28.086271286010742,27.77444839477539,2.3413496017456055,0.0,0.15000000596046448,5,28,4,3,424
3,44,61,28.086271286010742,27.77444839477539,2.3413496017456055,0.0,0.15000000596046448,5,28,4,3,427
3,44,62,28.086271286010742,27.77444839477539,2.3413496017456055,0.0,0.15000000596046448,5,29,4,2,431
3,44,63,28.086271286010742,27.77444839477539,2.3413496017456055,0.0,0.15000000596046448,5,29,4,2,437
3,44,64,28.086271286010742,27.77444839477539,2.3413496017456055,0.0,0.15000000596046448,5,29,4,2,445
3,44,65,28.086271286010742,27.77444839477539,2.3413496017456055,0.0,0.15000000596046448,5,29,4,2,451
3,44,66,27.883729934692383,27.80297088623047,2.3811309337615967,0.0,0.10000000149011612,5,29,4,2,461
3,44,67,28.029006958007812,27.77162742614746,2.336289644241333,0.0,0.10000000149011612,5,29,4,2,468
3,44,68,28.029006958007812,27.77162742614746,2.336289644241333,0.0,0.10000000149011612,5,30,4,1,477
3,44,69,27.826995849609375,27.800048828125,2.375983953475952,0.0,0.05000000074505806,5,30,4,1,487
3,44,70,27.9716854095459,27.768814086914062,2.3313403129577637,0.0,0.05000000074505806,5,30,4,1,495
3,44,71,27.9716854095459,27.768814086914062,2.3313403129577637,0.0,0.05000000074505806,5,30,4,1,509
3,44,72,27.9716854095459,27.768814086914062,2.3313403129577637,0.0,0.05000000074505806,5,30,4,1,519
3,44,73,27.9716854095459,27.768814086914062,2.3313403129577637,0.0,0.05000000074505806,5,30,4,1,533
3,44,74,27.770336151123047,27.797117233276367,2.3709373474121094,0.0,0.0,5,30,4,1,542
3,44,75,27.91438865661621,27.766014099121094,2.3265156745910645,0.0,0.0,5,30,4,1,554
3,44,76,27.91438865661621,27.766014099121094,2.3265156745910645,0.0,0.0,5,30,4,1,564
3,44,77,27.91438865661621,27.766014099121094,2.3265156745910645,0.0,0.0,5,30,4,1,572
3,44,78,27.91438865661621,27.766014099121094,2.3265156745910645,0.0,0.0,5,30,4,1,586
3,44,79,27.91438865661621,27.766014099121094,2.3265156745910645,0.0,0.0,5,30,4,1,599
3,44,80,27.91438865661621,27.766014099121094,2.3265156745910645,0.0,0.0,5,30,4,1,611
3,44,81,27.91438865661621,27.766014099121094,2.3265156745910645,0.0,0.0,5,30,5,0,620
4,45,1,28.09886932373047,27.106313705444336,3.451124668121338,0.15000000596046448,1.0,0,0,0,40,3
4,45,2,28.812503814697266,27.722909927368164,2.583522319793701,0.10000000149011612,1.0,0,0,0,40,4
4,45,3,28.83346176147461,27.83022689819336,2.4397149085998535,0.10000000149011612,1.0,0,0,0,40,5
4,45,4,28.885112762451172,27.719757080078125,2.577442169189453,0.05000000074505806,1.0,0,0,0,40,8
4,45,5,28.906494140625,27.82667350769043,2.434173822402954,0.05000000074505806,1.0,0,0,0,40,9
4,45,6,28.906494140625,27.82667350769043,2.434173822402954,0.05000000074505806,1.0,0,0,0,40,12
4,45,7,28.95634651184082,27.716646194458008,2.5713422298431396,0.0,1.0,0,0,0,40,12
4,45,8,28.978116989135742,27.8231258392334,2.4286580085754395,0.0,1.0,1,0,0,39,14
4,45,9,28.978116989135742,27.8231258392334,2.4286580085754395,0.0,1.0,2,0,0,38,14
4,45,10,28.978116989135742,27.8231258392334,2.4286580085754395,0.0,1.0,3,0,0,37,16
4,45,11,28.978116989135742,27.8231258392334,2.4286580085754395,0.0,1.0,3,1,0,36,18
4,45,12,28.978116989135742,27.8231258392334,2.4286580085754395,0.0,1.0,3,1,0,36,22
4,45,13,28.978116989135742,27.8231258392334,2.4286580085754395,0.0,1.0,4,1,1,34,25
4,45,14,28.978116989135742,27.8231258392334,2.4286580085754395,0.0,1.0,4,1,1,34,28
4,45,15,28.978116989135742,27.8231258392334,2.4286580085754395,0.0,1.0,4,2,1,33,32
4,45,16,28.78670310974121,27.85011863708496,2.468353509902954,0.0,0.949999988079071,4,2,1,33,34
4,45,17,28.932601928710938,27.82027816772461,2.424129009246826,0.0,0.949999988079071,5,2,1,32,36
4,45,18,28.932601928710938,27.82027816772461,2.424129009246826,0.0,0.949999988079071,5,2,1,32,43
4,45,19,28.739660263061523,27.847503662109375,2.4639103412628174,0.0,0.8999999761581421,5,3,3,29,51
4,45,20,28.886016845703125,27.81742286682129,2.4194657802581787,0.0,0.8999999761581421,5,4,3,28,53
4,45,21,28.886016845703125,27.81742286682129,2.4194657802581787,0.0,0.8999999761581421,5,4,3,28,57
4,45,22,28.886016845703125,27.81742286682129,2.4194657802581787,0.0,0.8999999761581421,5,4,3,28,67
4,45,23,28.886016845703125,27.81742286682129,2.4194657802581787,0.0,0.8999999761581421,5,5,3,27,73
4,45,24,28.691627502441406,27.84486961364746,2.459322929382324,0.0,0.8500000238418579,5,5,3,27,80
4,45,25,28.64263153076172,27.842212677001953,2.454598903656006,0.0,0.800000011920929,5,6,4,25,87
4,45,26,28.592710494995117,27.83953285217285,2.449747085571289,0.0,0.75,5,7,4,24,95
4,45,27,28.74009895324707,27.80881690979004,2.404754877090454,0.0,0.75,5,7,4,24,101
4,45,28,28.74009895324707,27.80881690979004,2.404754877090454,0.0,0.75,5,8,4,23,111
4,45,29,28.541898727416992,27.836833953857422,2.4447779655456543,0.0,0.699999988079071,5,8,4,23,114
4,45,30,28.689512252807617,27.805940628051758,2.3996448516845703,0.0,0.699999988079071,5,8,4,23,120
4,45,31,28.689512252807617,27.805940628051758,2.3996448516845703,0.0,0.699999988079071,5,8,4,23,127
4,45,32,28.689512252807617,27.805940628051758,2.3996448516845703,0.0,0.699999988079071,5,9,4,22,134
4,45,33,28.689512252807617,27.805940628051758,2.3996448516845703,0.0,0.699999988079071,5,9,4,22,145
4,45,34,28.689512252807617,27.805940628051758,2.3996448516845703,0.0,0.699999988079071,5,10,4,21,154
4,45,35,28.689512252807617,27.805940628051758,2.3996448516845703,0.0,0.699999988079071,5,10,5,20,163
4,45,36,28.490245819091797,27.83411407470703,2.4397029876708984,0.0,0.6499999761581421,5,11,5,19,175
4,45,37,28.638017654418945,27.803062438964844,2.394451856613159,0.0,0.6499999761581421,5,11,5,19,183
4,45,38,28.43779754638672,27.831375122070312,2.434535264968872,0.0,0.6000000238418579,5,11,5,19,194
4,45,39,28.384611129760742,27.82861328125,2.429287910461426,0.0,0.550000011920929,5,12,5,18,202
4,45,40,28.532506942749023,27.797306060791016,2.3838725090026855,0.0,0.550000011920929,5,13,5,17,213
4,45,41,28.532506942749023,27.797306060791016,2.3838725090026855,0.0,0.550000011920929,5,14,5,16,223
4,45,42,28.330745697021484,27.825834274291992,2.423976421356201,0.0,0.5,5,15,5,15,233
4,45,43,28.276264190673828,27.823036193847656,2.4186158180236816,0.0,0.44999998807907104,5,16,5,14,244
4,45,44,28.424020767211914,27.79155921936035,2.373138189315796,0.0,0.44999998807907104,5,16,5,14,254
4,45,45,28.424020767211914,27.79155921936035,2.373138189315796,0.0,0.44999998807907104,5,18,5,12,267
4,45,46,28.424020767211914,27.79155921936035,2.373138189315796,0.0,0.44999998807907104,5,18,5,12,276
4,45,47,28.424020767211914,27.79155921936035,2.373138189315796,0.0,0.44999998807907104,5,20,5,10,282
4,45,48,28.221233367919922,27.820219039916992,2.4132227897644043,0.0,0.4000000059604645,5,22,5,8,294
4,45,49,28.368824005126953,27.7886905670166,2.3677542209625244,0.0,0.4000000059604645,5,23,5,7,296
4,45,50,28.165727615356445,27.8173828125,2.4078140258789062,0.0,0.3499999940395355,5,23,5,7,303
4,45,51,28.109819412231445,27.814531326293945,2.4024062156677246,0.0,0.30000001192092896,5,24,5,6,311
4,45,52,28.256881713867188,27.78297233581543,2.3570375442504883,0.0,0.30000001192092896,5,24,5,6,314
4,45,53,28.053585052490234,27.811662673950195,2.397017002105713,0.0,0.25,5,25,5,5,319
4,45,54,28.20029067993164,27.780122756958008,2.3517396450042725,0.0,0.25,5,25,5,5,331
4,45,55,28.20029067993164,27.780122756958008,2.3517396450042725,0.0,0.25,5,25,5,5,337
4,45,56,28.20029067993164,27.780122756958008,2.3517396450042725,0.0,0.25,5,25,5,5,341
4,45,57,28.20029067993164,27.780122756958008,2.3517396450042725,0.0,0.25,5,25,5,5,347
4,45,58,28.20029067993164,27.780122756958008,2.3517396450042725,0.0,0.25,5,25,5,5,353
4,45,59,28.20029067993164,27.780122756958008,2.3517396450042725,0.0,0.25,5,27,5,3,363
4,45,60,28.20029067993164,27.780122756958008,2.3517396450042725,0.0,0.25,5,27,5,3,369
4,45,61,28.20029067993164,27.780122756958008,2.3517396450042725,0.0,0.25,5,27,5,3,373
4,45,62,28.20029067993164,27.780122756958008,2.3517396450042725,0.0,0.25,5,27,5,3,380
4,45,63,27.997106552124023,27.808778762817383,2.3916635513305664,0.0,0.20000000298023224,5,27,5,3,383
4,45,64,28.14339256286621,27.777280807495117,2.3465049266815186,0.0,0.20000000298023224,5,27,5,3,388
4,45,65,28.14339256286621,27.777280807495117,2.3465049266815186,0.0,0.20000000298023224,5,27,5,3,393
4,45,66,28.14339256286621,27.777280807495117,2.3465049266815186,0.0,0.20000000298023224,5,27,5,3,401
4,45,67,28.14339256286621,27.777280807495117,2.3465049266815186,0.0,0.20000000298023224,5,28,5,2,410
4,45,68,28.14339256286621,27.777280807495117,2.3465049266815186,0.0,0.20000000298023224,5,28,5,2,414
4,45,69,27.940460205078125,27.80588150024414,2.3863627910614014,0.0,0.15000000596046448,5,28,5,2,420
4,45,70,28.086271286010742,27.77444839477539,2.3413496017456055,0.0,0.15000000596046448,5,28,5,2,432
4,45,71,28.086271286010742,27.77444839477539,2.3413496017456055,0.0,0.15000000596046448,5,29,5,1,441
4,45,72,27.883729934692383,27.80297088623047,2.3811309337615967,0.0,0.10000000149011612,5,29,5,1,450
4,45,73,28.029006958007812,27.77162742614746,2.336289644241333,0.0,0.10000000149011612,5,30,5,0,460
5,46,1,28.066585540771484,27.108444213867188,3.4532198905944824,0.20000000298023224,1.0,0,0,0,40,2
5,46,2,28.73859405517578,27.726102828979492,2.5895774364471436,0.15000000596046448,1.0,1,1,0,38,3
5,46,3,28.75908851623535,27.833782196044922,2.4452786445617676,0.15000000596046448,1.0,1,2,0,37,5
5,46,4,28.812503814697266,27.722909927368164,2.583522319793701,0.10000000149011612,1.0,1,3,0,36,7
5,46,5,28.83346176147461,27.83022689819336,2.4397149085998535,0.10000000149011612,1.0,1,4,0,35,7
5,46,6,28.83346176147461,27.83022689819336,2.4397149085998535,0.10000000149011612,1.0,1,4,0,35,7
5,46,7,28.83346176147461,27.83022689819336,2.4397149085998535,0.10000000149011612,1.0,1,4,0,35,8
5,46,8,28.83346176147461,27.83022689819336,2.4397149085998535,0.10000000149011612,1.0,1,4,0,35,8
5,46,9,28.83346176147461,27.83022689819336,2.4397149085998535,0.10000000149011612,1.0,2,4,0,34,9
5,46,10,28.83346176147461,27.83022689819336,2.4397149085998535,0.10000000149011612,1.0,2,4,0,34,9
5,46,11,28.83346176147461,27.83022689819336,2.4397149085998535,0.10000000149011612,1.0,2,4,0,34,11
5,46,12,28.83346176147461,27.83022689819336,2.4397149085998535,0.10000000149011612,1.0,3,4,0,33,16
5,46,13,28.885112762451172,27.719757080078125,2.577442169189453,0.05000000074505806,1.0,3,5,0,32,20
5,46,14,28.906494140625,27.82667350769043,2.434173822402954,0.05000000074505806,1.0,3,5,0,32,24
5,46,15,28.906494140625,27.82667350769043,2.434173822402954,0.05000000074505806,1.0,3,5,0,32,26
5,46,16,28.906494140625,27.82667350769043,2.434173822402954,0.05000000074505806,1.0,3,5,0,32,30
5,46,17,28.95634651184082,27.716646194458008,2.5713422298431396,0.0,1.0,3,6,0,31,37
5,46,18,28.78670310974121,27.85011863708496,2.468353509902954,0.0,0.949999988079071,3,8,0,29,39
5,46,19,28.932601928710938,27.82027816772461,2.424129009246826,0.0,0.949999988079071,3,9,0,28,40
5,46,20,28.932601928710938,27.82027816772461,2.424129009246826,0.0,0.949999988079071,3,10,0,27,44
5,46,21,28.739660263061523,27.847503662109375,2.4639103412628174,0.0,0.8999999761581421,4,11,0,25,50
5,46,22,28.691627502441406,27.84486961364746,2.459322929382324,0.0,0.8500000238418579,4,11,0,25,58
5,46,23,28.83838653564453,27.814558029174805,2.4146761894226074,0.0,0.8500000238418579,5,12,0,23,64
5,46,24,28.83838653564453,27.814558029174805,2.4146761894226074,0.0,0.8500000238418579,5,12,0,23,71
5,46,25,28.83838653564453,27.814558029174805,2.4146761894226074,0.0,0.8500000238418579,5,12,0,23,77
5,46,26,28.64263153076172,27.842212677001953,2.454598903656006,0.0,0.800000011920929,5,12,0,23,82
5,46,27,28.789737701416016,27.811689376831055,2.409769058227539,0.0,0.800000011920929,5,13,0,22,90
5,46,28,28.592710494995117,27.83953285217285,2.449747085571289,0.0,0.75,5,15,0,20,97
5,46,29,28.74009895324707,27.80881690979004,2.404754877090454,0.0,0.75,5,15,1,19,102
5,46,30,28.541898727416992,27.836833953857422,2.4447779655456543,0.0,0.699999988079071,5,15,1,19,109
5,46,31,28.689512252807617,27.805940628051758,2.3996448516845703,0.0,0.699999988079071,5,16,1,18,116
5,46,32,28.689512252807617,27.805940628051758,2.3996448516845703,0.0,0.699999988079071,5,17,1,17,124
5,46,33,28.689512252807617,27.805940628051758,2.3996448516845703,0.0,0.699999988079071,5,17,1,17,130
5,46,34,28.689512252807617,27.805940628051758,2.3996448516845703,0.0,0.699999988079071,5,17,1,17,137
5,46,35,28.689512252807617,27.805940628051758,2.3996448516845703,0.0,0.699999988079071,5,17,1,17,145
5,46,36,28.689512252807617,27.805940628051758,2.3996448516845703,0.0,0.699999988079071,5,17,1,17,152
5,46,37,28.490245819091797,27.83411407470703,2.4397029876708984,0.0,0.6499999761581421,5,18,1,16,167
5,46,38,28.43779754638672,27.831375122070312,2.434535264968872,0.0,0.6000000238418579,5,19,1,15,175
5,46,39,28.585664749145508,27.80018424987793,2.3891892433166504,0.0,0.6000000238418579,5,19,1,15,187
5,46,40,28.585664749145508,27.80018424987793,2.3891892433166504,0.0,0.6000000238418579,5,19,1,15,192
5,46,41,28.585664749145508,27.80018424987793,2.3891892433166504,0.0,0.6000000238418579,5,20,1,14,202
5,46,42,28.585664749145508,27.80018424987793,2.3891892433166504,0.0,0.6000000238418579,5,21,1,13,209
5,46,43,28.585664749145508,27.80018424987793,2.3891892433166504,0.0,0.6000000238418579,5,22,1,12,219
5,46,44,28.384611129760742,27.82861328125,2.429287910461426,0.0,0.550000011920929,5,22,1,12,228
5,46,45,28.532506942749023,27.797306060791016,2.3838725090026855,0.0,0.550000011920929,5,22,1,12,236
5,46,46,28.532506942749023,27.797306060791016,2.3838725090026855,0.0,0.550000011920929,5,22,1,12,238
5,46,47,28.532506942749023,27.797306060791016,2.3838725090026855,0.0,0.550000011920929,5,23,1,11,242
5,46,48,28.532506942749023,27.797306060791016,2.3838725090026855,0.0,0.550000011920929,5,23,1,11,249
5,46,49,28.532506942749023,27.797306060791016,2.3838725090026855,0.0,0.550000011920929,5,23,1,11,251
5,46,50,28.532506942749023,27.797306060791016,2.3838725090026855,0.0,0.550000011920929,5,23,1,11,257
5,46,51,28.532506942749023,27.797306060791016,2.3838725090026855,0.0,0.550000011920929,5,24,2,9,262
5,46,52,28.330745697021484,27.825834274291992,2.423976421356201,0.0,0.5,5,24,2,9,272
5,46,53,28.478605270385742,27.794431686401367,2.378516674041748,0.0,0.5,5,25,2,8,283
5,46,54,28.276264190673828,27.823036193847656,2.4186158180236816,0.0,0.44999998807907104,5,26,2,7,291
5,46,55,28.221233367919922,27.820219039916992,2.4132227897644043,0.0,0.4000000059604645,5,26,2,7,299
5,46,56,28.368824005126953,27.7886905670166,2.3677542209625244,0.0,0.4000000059604645,5,26,2,7,310
5,46,57,28.368824005126953,27.7886905670166,2.3677542209625244,0.0,0.4000000059604645,5,27,2,6,319
5,46,58,28.368824005126953,27.7886905670166,2.3677542209625244,0.0,0.4000000059604645,5,27,2,6,332
5,46,59,28.165727615356445,27.8173828125,2.4078140258789062,0.0,0.3499999940395355,5,27,2,6,343
5,46,60,28.313085556030273,27.785829544067383,2.3623814582824707,0.0,0.3499999940395355,5,28,2,5,354
5,46,61,28.109819412231445,27.814531326293945,2.4024062156677246,0.0,0.30000001192092896,5,28,2,5,361
5,46,62,28.053585052490234,27.811662673950195,2.397017002105713,0.0,0.25,5,28,2,5,368
5,46,63,28.20029067993164,27.780122756958008,2.3517396450042725,0.0,0.25,5,29,2,4,380
5,46,64,28.20029067993164,27.780122756958008,2.3517396450042725,0.0,0.25,5,29,2,4,391
5,46,65,28.20029067993164,27.780122756958008,2.3517396450042725,0.0,0.25,5,29,2,4,403
5,46,66,28.20029067993164,27.780122756958008,2.3517396450042725,0.0,0.25,5,29,2,4,410
5,46,67,27.997106552124023,27.808778762817383,2.3916635513305664,0.0,0.20000000298023224,5,29,2,4,425
5,46,68,28.14339256286621,27.777280807495117,2.3465049266815186,0.0,0.20000000298023224,5,30,2,3,437
5,46,69,27.940460205078125,27.80588150024414,2.3863627910614014,0.0,0.15000000596046448,5,30,2,3,444
5,46,70,28.086271286010742,27.77444839477539,2.3413496017456055,0.0,0.15000000596046448,5,31,2,2,451
5,46,71,27.883729934692383,27.80297088623047,2.3811309337615967,0.0,0.10000000149011612,5,31,2,2,457
5,46,72,28.029006958007812,27.77162742614746,2.336289644241333,0.0,0.10000000149011612,5,31,2,2,466
5,46,73,28.029006958007812,27.77162742614746,2.336289644241333,0.0,0.10000000149011612,5,31,2,2,477
5,46,74,27.826995849609375,27.800048828125,2.375983953475952,0.0,0.05000000074505806,5,31,2,2,484
5,46,75,27.9716854095459,27.768814086914062,2.3313403129577637,0.0,0.05000000074505806,5,31,2,2,492
5,46,76,27.9716854095459,27.768814086914062,2.3313403129577637,0.0,0.05000000074505806,5,31,2,2,501
5,46,77,27.9716854095459,27.768814086914062,2.3313403129577637,0.0,0.05000000074505806,5,31,2,2,506
5,46,78,27.9716854095459,27.768814086914062,2.3313403129577637,0.0,0.05000000074505806,5,31,2,2,518
5,46,79,27.9716854095459,27.768814086914062,2.3313403129577637,0.0,0.05000000074505806,5,31,2,2,527
5,46,80,27.9716854095459,27.768814086914062,2.3313403129577637,0.0,0.05000000074505806,5,31,2,2,533
5,46,81,27.770336151123047,27.797117233276367,2.3709373474121094,0.0,0.0,5,31,2,2,541
5,46,82,27.91438865661621,27.766014099121094,2.3265156745910645,0.0,0.0,5,31,2,2,543
5,46,83,27.91438865661621,27.766014099121094,2.3265156745910645,0.0,0.0,5,31,2,2,550
5,46,84,27.91438865661621,27.766014099121094,2.3265156745910645,0.0,0.0,5,31,2,2,558
5,46,85,27.91438865661621,27.766014099121094,2.3265156745910645,0.0,0.0,5,31,2,2,563
5,46,86,27.91438865661621,27.766014099121094,2.3265156745910645,0.0,0.0,5,31,2,2,574
5,46,87,27.91438865661621,27.766014099121094,2.3265156745910645,0.0,0.0,5,31,2,2,579
5,46,88,27.91438865661621,27.766014099121094,2.3265156745910645,0.0,0.0,5,31,2,2,591
5,46,89,27.91438865661621,27.766014099121094,2.3265156745910645,0.0,0.0,5,31,2,2,600
5,46,90,27.91438865661621,27.766014099121094,2.3265156745910645,0.0,0.0,5,31,2,2,609
5,46,91,27.91438865661621,27.766014099121094,2.3265156745910645,0.0,0.0,5,31,2,2,616
5,46,92,27.91438865661621,27.766014099121094,2.3265156745910645,0.0,0.0,5,31,2,2,624
5,46,93,27.91438865661621,27.766014099121094,2.3265156745910645,0.0,0.0,5,31,3,1,636
5,46,94,27.91438865661621,27.766014099121094,2.3265156745910645,0.0,0.0,5,31,4,0,645
6,47,1,28.066585540771484,27.108444213867188,3.4532198905944824,0.20000000298023224,1.0,0,0,0,40,3
6,47,2,28.683456420898438,27.83733367919922,2.450861692428589,0.20000000298023224,1.0,0,0,0,40,3
6,47,3,28.683456420898438,27.83733367919922,2.450861692428589,0.20000000298023224,1.0,0,2,0,38,5
6,47,4,28.73859405517578,27.726102828979492,2.5895774364471436,0.15000000596046448,1.0,0,3,0,37,5
6,47,5,28.75908851623535,27.833782196044922,2.4452786445617676,0.15000000596046448,1.0,0,3,0,37,6
6,47,6,28.75908851623535,27.833782196044922,2.4452786445617676,0.15000000596046448,1.0,0,3,0,37,8
6,47,7,28.812503814697266,27.722909927368164,2.583522319793701,0.10000000149011612,1.0,1,5,0,34,14
6,47,8,28.885112762451172,27.719757080078125,2.577442169189453,0.05000000074505806,1.0,1,6,0,33,17
6,47,9,28.906494140625,27.82667350769043,2.434173822402954,0.05000000074505806,1.0,1,6,0,33,19
6,47,10,28.95634651184082,27.716646194458008,2.5713422298431396,0.0,1.0,1,6,0,33,22
6,47,11,28.978116989135742,27.8231258392334,2.4286580085754395,0.0,1.0,1,6,0,33,26
6,47,12,28.978116989135742,27.8231258392334,2.4286580085754395,0.0,1.0,1,6,1,32,28
6,47,13,28.978116989135742,27.8231258392334,2.4286580085754395,0.0,1.0,1,6,1,32,32
6,47,14,28.978116989135742,27.8231258392334,2.4286580085754395,0.0,1.0,1,6,1,32,35
6,47,15,28.978116989135742,27.8231258392334,2.4286580085754395,0.0,1.0,1,7,1,31,41
6,47,16,28.978116989135742,27.8231258392334,2.4286580085754395,0.0,1.0,1,11,1,27,48
6,47,17,28.78670310974121,27.85011863708496,2.468353509902954,0.0,0.949999988079071,1,11,1,27,52
6,47,18,28.932601928710938,27.82027816772461,2.424129009246826,0.0,0.949999988079071,1,11,1,27,59
6,47,19,28.739660263061523,27.847503662109375,2.4639103412628174,0.0,0.8999999761581421,1,12,1,26,63
6,47,20,28.886016845703125,27.81742286682129,2.4194657802581787,0.0,0.8999999761581421,1,12,1,26,71
6,47,21,28.691627502441406,27.84486961364746,2.459322929382324,0.0,0.8500000238418579,1,12,1,26,73
6,47,22,28.83838653564453,27.814558029174805,2.4146761894226074,0.0,0.8500000238418579,1,12,1,26,79
6,47,23,28.83838653564453,27.814558029174805,2.4146761894226074,0.0,0.8500000238418579,1,12,1,26,82
6,47,24,28.83838653564453,27.814558029174805,2.4146761894226074,0.0,0.8500000238418579,1,13,1,25,87
6,47,25,28.64263153076172,27.842212677001953,2.454598903656006,0.0,0.800000011920929,1,13,1,25,89
6,47,26,28.789737701416016,27.811689376831055,2.409769058227539,0.0,0.800000011920929,1,13,1,25,92
6,47,27,28.789737701416016,27.811689376831055,2.409769058227539,0.0,0.800000011920929,1,14,1,24,99
6,47,28,28.592710494995117,27.83953285217285,2.449747085571289,0.0,0.75,1,14,1,24,103
6,47,29,28.74009895324707,27.80881690979004,2.404754877090454,0.0,0.75,1,15,1,23,108
6,47,30,28.74009895324707,27.80881690979004,2.404754877090454,0.0,0.75,1,15,1,23,110
6,47,31,28.74009895324707,27.80881690979004,2.404754877090454,0.0,0.75,1,15,2,22,118
6,47,32,28.74009895324707,27.80881690979004,2.404754877090454,0.0,0.75,1,17,2,20,123
6,47,33,28.74009895324707,27.80881690979004,2.404754877090454,0.0,0.75,1,19,2,18,136
6,47,34,28.541898727416992,27.836833953857422,2.4447779655456543,0.0,0.699999988079071,1,20,2,17,146
6,47,35,28.689512252807617,27.805940628051758,2.3996448516845703,0.0,0.699999988079071,1,20,2,17,157
6,47,36,28.490245819091797,27.83411407470703,2.4397029876708984,0.0,0.6499999761581421,1,20,2,17,167
6,47,37,28.638017654418945,27.803062438964844,2.394451856613159,0.0,0.6499999761581421,1,21,2,16,174
6,47,38,28.43779754638672,27.831375122070312,2.434535264968872,0.0,0.6000000238418579,1,21,2,16,182
6,47,39,28.384611129760742,27.82861328125,2.429287910461426,0.0,0.550000011920929,1,21,2,16,190
6,47,40,28.532506942749023,27.797306060791016,2.3838725090026855,0.0,0.550000011920929,1,21,2,16,206
6,47,41,28.330745697021484,27.825834274291992,2.423976421356201,0.0,0.5,1,21,2,16,219
6,47,42,28.478605270385742,27.794431686401367,2.378516674041748,0.0,0.5,1,21,2,16,229
6,47,43,28.478605270385742,27.794431686401367,2.378516674041748,0.0,0.5,1,22,2,15,242
6,47,44,28.478605270385742,27.794431686401367,2.378516674041748,0.0,0.5,1,22,2,15,252
6,47,45,28.276264190673828,27.823036193847656,2.4186158180236816,0.0,0.44999998807907104,1,22,2,15,256
6,47,46,28.424020767211914,27.79155921936035,2.373138189315796,0.0,0.44999998807907104,1,22,2,15,267
6,47,47,28.221233367919922,27.820219039916992,2.4132227897644043,0.0,0.4000000059604645,1,23,2,14,272
6,47,48,28.165727615356445,27.8173828125,2.4078140258789062,0.0,0.3499999940395355,1,26,2,11,277
6,47,49,28.313085556030273,27.785829544067383,2.3623814582824707,0.0,0.3499999940395355,1,27,2,10,285
6,47,50,28.313085556030273,27.785829544067383,2.3623814582824707,0.0,0.3499999940395355,1,27,2,10,295
6,47,51,28.109819412231445,27.814531326293945,2.4024062156677246,0.0,0.30000001192092896,1,27,2,10,304
6,47,52,28.256881713867188,27.78297233581543,2.3570375442504883,0.0,0.30000001192092896,1,27,2,10,317
6,47,53,28.053585052490234,27.811662673950195,2.397017002105713,0.0,0.25,1,28,2,9,325
6,47,54,27.997106552124023,27.808778762817383,2.3916635513305664,0.0,0.20000000298023224,1,29,2,8,336
6,47,55,28.14339256286621,27.777280807495117,2.3465049266815186,0.0,0.20000000298023224,1,30,2,7,347
6,47,56,27.940460205078125,27.80588150024414,2.3863627910614014,0.0,0.15000000596046448,1,30,3,6,357
6,47,57,27.883729934692383,27.80297088623047,2.3811309337615967,0.0,0.10000000149011612,1,30,3,6,365
6,47,58,27.826995849609375,27.800048828125,2.375983953475952,0.0,0.05000000074505806,1,30,3,6,372
6,47,59,27.9716854095459,27.768814086914062,2.3313403129577637,0.0,0.05000000074505806,1,30,3,6,379
6,47,60,27.770336151123047,27.797117233276367,2.3709373474121094,0.0,0.0,1,30,3,6,390
6,47,61,27.91438865661621,27.766014099121094,2.3265156745910645,0.0,0.0,1,30,3,6,402
6,47,62,27.91438865661621,27.766014099121094,2.3265156745910645,0.0,0.0,1,30,3,6,412
6,47,63,27.91438865661621,27.766014099121094,2.3265156745910645,0.0,0.0,1,30,3,6,420
6,47,64,27.91438865661621,27.766014099121094,2.3265156745910645,0.0,0.0,1,30,4,5,430
6,47,65,27.91438865661621,27.766014099121094,2.3265156745910645,0.0,0.0,1,30,4,5,443
6,47,66,27.91438865661621,27.766014099121094,2.3265156745910645,0.0,0.0,1,30,4,5,449
6,47,67,27.91438865661621,27.766014099121094,2.3265156745910645,0.0,0.0,1,30,4,5,460
6,47,68,27.91438865661621,27.766014099121094,2.3265156745910645,0.0,0.0,1,30,6,3,473
6,47,69,27.91438865661621,27.766014099121094,2.3265156745910645,0.0,0.0,1,30,7,2,483
6,47,70,27.91438865661621,27.766014099121094,2.3265156745910645,0.0,0.0,1,30,7,2,489
6,47,71,27.91438865661621,27.766014099121094,2.3265156745910645,0.0,0.0,1,30,7,2,501
6,47,72,27.91438865661621,27.766014099121094,2.3265156745910645,0.0,0.0,1,30,7,2,506
6,47,73,27.91438865661621,27.766014099121094,2.3265156745910645,0.0,0.0,1,30,7,2,517
6,47,74,27.91438865661621,27.766014099121094,2.3265156745910645,0.0,0.0,1,30,7,2,527
6,47,75,27.91438865661621,27.766014099121094,2.3265156745910645,0.0,0.0,1,30,8,1,536
6,47,76,27.91438865661621,27.766014099121094,2.3265156745910645,0.0,0.0,1,30,8,1,548
6,47,77,27.91438865661621,27.766014099121094,2.3265156745910645,0.0,0.0,1,30,9,0,558
7,48,1,28.09886932373047,27.106313705444336,3.451124668121338,0.15000000596046448,1.0,0,0,0,40,2
7,48,2,28.75908851623535,27.833782196044922,2.4452786445617676,0.15000000596046448,1.0,1,0,0,39,4
7,48,3,28.75908851623535,27.833782196044922,2.4452786445617676,0.15000000596046448,1.0,1,0,0,39,6
7,48,4,28.75908851623535,27.833782196044922,2.4452786445617676,0.15000000596046448,1.0,1,0,0,39,9
7,48,5,28.75908851623535,27.833782196044922,2.4452786445617676,0.15000000596046448,1.0,1,0,0,39,10
7,48,6,28.75908851623535,27.833782196044922,2.4452786445617676,0.15000000596046448,1.0,1,0,1,38,12
7,48,7,28.812503814697266,27.722909927368164,2.583522319793701,0.10000000149011612,1.0,2,0,1,37,15
7,48,8,28.885112762451172,27.719757080078125,2.577442169189453,0.05000000074505806,1.0,3,1,1,35,16
7,48,9,28.906494140625,27.82667350769043,2.434173822402954,0.05000000074505806,1.0,4,2,1,33,18
7,48,10,28.95634651184082,27.716646194458008,2.5713422298431396,0.0,1.0,4,3,1,32,21
7,48,11,28.978116989135742,27.8231258392334,2.4286580085754395,0.0,1.0,4,3,1,32,23
7,48,12,28.978116989135742,27.8231258392334,2.4286580085754395,0.0,1.0,4,3,1,32,25
7,48,13,28.978116989135742,27.8231258392334,2.4286580085754395,0.0,1.0,4,3,1,32,28
7,48,14,28.78670310974121,27.85011863708496,2.468353509902954,0.0,0.949999988079071,4,5,1,30,32
7,48,15,28.739660263061523,27.847503662109375,2.4639103412628174,0.0,0.8999999761581421,4,5,1,30,36
7,48,16,28.886016845703125,27.81742286682129,2.4194657802581787,0.0,0.8999999761581421,4,5,1,30,39
7,48,17,28.691627502441406,27.84486961364746,2.459322929382324,0.0,0.8500000238418579,4,5,1,30,41
7,48,18,28.83838653564453,27.814558029174805,2.4146761894226074,0.0,0.8500000238418579,5,5,1,29,47
7,48,19,28.64263153076172,27.842212677001953,2.454598903656006,0.0,0.800000011920929,5,5,1,29,57
7,48,20,28.592710494995117,27.83953285217285,2.449747085571289,0.0,0.75,5,6,1,28,64
7,48,21,28.74009895324707,27.80881690979004,2.404754877090454,0.0,0.75,5,6,1,28,68
7,48,22,28.74009895324707,27.80881690979004,2.404754877090454,0.0,0.75,5,6,2,27,73
7,48,23,28.74009895324707,27.80881690979004,2.404754877090454,0.0,0.75,5,7,2,26,80
7,48,24,28.74009895324707,27.80881690979004,2.404754877090454,0.0,0.75,5,7,3,25,85
7,48,25,28.74009895324707,27.80881690979004,2.404754877090454,0.0,0.75,5,9,3,23,89
7,48,26,28.541898727416992,27.836833953857422,2.4447779655456543,0.0,0.699999988079071,5,11,3,21,95
7,48,27,28.689512252807617,27.805940628051758,2.3996448516845703,0.0,0.699999988079071,5,14,3,18,103
7,48,28,28.689512252807617,27.805940628051758,2.3996448516845703,0.0,0.699999988079071,5,16,3,16,111
7,48,29,28.689512252807617,27.805940628051758,2.3996448516845703,0.0,0.699999988079071,5,16,3,16,125
7,48,30,28.490245819091797,27.83411407470703,2.4397029876708984,0.0,0.6499999761581421,5,16,3,16,133
7,48,31,28.638017654418945,27.803062438964844,2.394451856613159,0.0,0.6499999761581421,5,19,3,13,140
7,48,32,28.638017654418945,27.803062438964844,2.394451856613159,0.0,0.6499999761581421,5,20,3,12,145
7,48,33,28.43779754638672,27.831375122070312,2.434535264968872,0.0,0.6000000238418579,5,20,3,12,152
7,48,34,28.585664749145508,27.80018424987793,2.3891892433166504,0.0,0.6000000238418579,5,20,3,12,161
7,48,35,28.384611129760742,27.82861328125,2.429287910461426,0.0,0.550000011920929,5,20,3,12,172
7,48,36,28.532506942749023,27.797306060791016,2.3838725090026855,0.0,0.550000011920929,5,21,3,11,181
7,48,37,28.532506942749023,27.797306060791016,2.3838725090026855,0.0,0.550000011920929,5,21,3,11,188
7,48,38,28.532506942749023,27.797306060791016,2.3838725090026855,0.0,0.550000011920929,5,21,3,11,197
7,48,39,28.532506942749023,27.797306060791016,2.3838725090026855,0.0,0.550000011920929,5,22,3,10,210
7,48,40,28.330745697021484,27.825834274291992,2.423976421356201,0.0,0.5,5,24,3,8,217
7,48,41,28.276264190673828,27.823036193847656,2.4186158180236816,0.0,0.44999998807907104,5,24,3,8,228
7,48,42,28.221233367919922,27.820219039916992,2.4132227897644043,0.0,0.4000000059604645,5,24,3,8,236
7,48,43,28.368824005126953,27.7886905670166,2.3677542209625244,0.0,0.4000000059604645,5,24,3,8,248
7,48,44,28.165727615356445,27.8173828125,2.4078140258789062,0.0,0.3499999940395355,5,25,3,7,259
7,48,45,28.313085556030273,27.785829544067383,2.3623814582824707,0.0,0.3499999940395355,5,25,3,7,266
7,48,46,28.313085556030273,27.785829544067383,2.3623814582824707,0.0,0.3499999940395355,5,25,3,7,271
7,48,47,28.313085556030273,27.785829544067383,2.3623814582824707,0.0,0.3499999940395355,5,26,3,6,281
7,48,48,28.109819412231445,27.814531326293945,2.4024062156677246,0.0,0.30000001192092896,5,26,3,6,292
7,48,49,28.256881713867188,27.78297233581543,2.3570375442504883,0.0,0.30000001192092896,5,26,3,6,298
7,48,50,28.053585052490234,27.811662673950195,2.397017002105713,0.0,0.25,5,26,3,6,306
7,48,51,27.997106552124023,27.808778762817383,2.3916635513305664,0.0,0.20000000298023224,5,26,3,6,320
7,48,52,28.14339256286621,27.777280807495117,2.3465049266815186,0.0,0.20000000298023224,5,26,3,6,330
7,48,53,28.14339256286621,27.777280807495117,2.3465049266815186,0.0,0.20000000298023224,5,27,3,5,334
7,48,54,27.940460205078125,27.80588150024414,2.3863627910614014,0.0,0.15000000596046448,5,27,3,5,344
7,48,55,27.883729934692383,27.80297088623047,2.3811309337615967,0.0,0.10000000149011612,5,27,3,5,353
7,48,56,28.029006958007812,27.77162742614746,2.336289644241333,0.0,0.10000000149011612,5,27,3,5,364
7,48,57,28.029006958007812,27.77162742614746,2.336289644241333,0.0,0.10000000149011612,5,28,3,4,375
7,48,58,28.029006958007812,27.77162742614746,2.336289644241333,0.0,0.10000000149011612,5,28,3,4,383
7,48,59,27.826995849609375,27.800048828125,2.375983953475952,0.0,0.05000000074505806,5,29,3,3,396
7,48,60,27.770336151123047,27.797117233276367,2.3709373474121094,0.0,0.0,5,29,3,3,409
7,48,61,27.91438865661621,27.766014099121094,2.3265156745910645,0.0,0.0,5,29,4,2,420
7,48,62,27.91438865661621,27.766014099121094,2.3265156745910645,0.0,0.0,5,29,4,2,430
7,48,63,27.91438865661621,27.766014099121094,2.3265156745910645,0.0,0.0,5,29,4,2,436
7,48,64,27.91438865661621,27.766014099121094,2.3265156745910645,0.0,0.0,5,29,4,2,443
7,48,65,27.91438865661621,27.766014099121094,2.3265156745910645,0.0,0.0,5,29,4,2,458
7,48,66,27.91438865661621,27.766014099121094,2.3265156745910645,0.0,0.0,5,29,4,2,463
7,48,67,27.91438865661621,27.766014099121094,2.3265156745910645,0.0,0.0,5,29,4,2,476
7,48,68,27.91438865661621,27.766014099121094,2.3265156745910645,0.0,0.0,5,29,4,2,483
7,48,69,27.91438865661621,27.766014099121094,2.3265156745910645,0.0,0.0,5,29,4,2,494
7,48,70,27.91438865661621,27.766014099121094,2.3265156745910645,0.0,0.0,5,29,4,2,502
7,48,71,27.91438865661621,27.766014099121094,2.3265156745910645,0.0,0.0,5,29,4,2,514
7,48,72,27.91438865661621,27.766014099121094,2.3265156745910645,0.0,0.0,5,29,4,2,520
7,48,73,27.91438865661621,27.766014099121094,2.3265156745910645,0.0,0.0,5,29,5,1,532
7,48,74,27.91438865661621,27.766014099121094,2.3265156745910645,0.0,0.0,5,29,5,1,536
7,48,75,27.91438865661621,27.766014099121094,2.3265156745910645,0.0,0.0,5,29,5,1,542
7,48,76,27.91438865661621,27.766014099121094,2.3265156745910645,0.0,0.0,5,29,5,1,549
7,48,77,27.91438865661621,27.766014099121094,2.3265156745910645,0.0,0.0,5,29,5,1,560
7,48,78,27.91438865661621,27.766014099121094,2.3265156745910645,0.0,0.0,5,29,5,1,571
7,48,79,27.91438865661621,27.766014099121094,2.3265156745910645,0.0,0.0,5,29,5,1,579
7,48,80,27.91438865661621,27.766014099121094,2.3265156745910645,0.0,0.0,5,29,5,1,587
7,48,81,27.91438865661621,27.766014099121094,2.3265156745910645,0.0,0.0,5,29,5,1,596
7,48,82,27.91438865661621,27.766014099121094,2.3265156745910645,0.0,0.0,5,29,5,1,603
7,48,83,27.91438865661621,27.766014099121094,2.3265156745910645,0.0,0.0,5,29,5,1,608
7,48,84,27.91438865661621,27.766014099121094,2.3265156745910645,0.0,0.0,5,29,6,0,616
8,49,1,28.051334381103516,27.116588592529297,3.4470646381378174,0.25,1.0,0,0,0,40,1
8,49,2,28.606657028198242,27.84087371826172,2.4564614295959473,0.25,1.0,0,1,0,39,1
8,49,3,28.606657028198242,27.84087371826172,2.4564614295959473,0.25,1.0,0,1,0,39,3
8,49,4,28.606657028198242,27.84087371826172,2.4564614295959473,0.25,1.0,0,3,0,37,6
8,49,5,28.663463592529297,27.72933006286621,2.5956015586853027,0.20000000298023224,1.0,0,3,0,37,7
8,49,6,28.683456420898438,27.83733367919922,2.450861692428589,0.20000000298023224,1.0,2,3,0,35,9
8,49,7,28.73859405517578,27.726102828979492,2.5895774364471436,0.15000000596046448,1.0,2,3,0,35,10
8,49,8,28.75908851623535,27.833782196044922,2.4452786445617676,0.15000000596046448,1.0,2,3,0,35,11
8,49,9,28.75908851623535,27.833782196044922,2.4452786445617676,0.15000000596046448,1.0,2,3,0,35,12
8,49,10,28.812503814697266,27.722909927368164,2.583522319793701,0.10000000149011612,1.0,2,3,1,34,18
8,49,11,28.693571090698242,27.746238708496094,2.61757755279541,0.05000000074505806,0.949999988079071,2,3,1,34,21
8,49,12,28.86014175415039,27.823827743530273,2.429635524749756,0.05000000074505806,0.949999988079071,2,4,1,33,25
8,49,13,28.665937423706055,27.851137161254883,2.4694716930389404,0.05000000074505806,0.8999999761581421,4,4,1,31,27
8,49,14,28.81273651123047,27.820972442626953,2.4249613285064697,0.05000000074505806,0.8999999761581421,4,4,1,31,32
8,49,15,28.81273651123047,27.820972442626953,2.4249613285064697,0.05000000074505806,0.8999999761581421,4,4,1,31,33
8,49,16,28.81273651123047,27.820972442626953,2.4249613285064697,0.05000000074505806,0.8999999761581421,4,5,1,30,37
8,49,17,28.81273651123047,27.820972442626953,2.4249613285064697,0.05000000074505806,0.8999999761581421,4,6,1,29,41
8,49,18,28.617103576660156,27.84850311279297,2.4648780822753906,0.05000000074505806,0.8500000238418579,4,7,1,28,46
8,49,19,28.818218231201172,27.706851959228516,2.559274911880493,0.0,0.8500000238418579,4,7,1,28,49
8,49,20,28.64263153076172,27.842212677001953,2.454598903656006,0.0,0.800000011920929,4,8,1,27,55
8,49,21,28.789737701416016,27.811689376831055,2.409769058227539,0.0,0.800000011920929,5,8,1,26,60
8,49,22,28.592710494995117,27.83953285217285,2.449747085571289,0.0,0.75,5,8,1,26,68
8,49,23,28.74009895324707,27.80881690979004,2.404754877090454,0.0,0.75,5,8,1,26,78
8,49,24,28.541898727416992,27.836833953857422,2.4447779655456543,0.0,0.699999988079071,5,8,1,26,84
8,49,25,28.689512252807617,27.805940628051758,2.3996448516845703,0.0,0.699999988079071,5,9,1,25,93
8,49,26,28.689512252807617,27.805940628051758,2.3996448516845703,0.0,0.699999988079071,5,12,1,22,106
8,49,27,28.689512252807617,27.805940628051758,2.3996448516845703,0.0,0.699999988079071,5,12,2,21,113
8,49,28,28.689512252807617,27.805940628051758,2.3996448516845703,0.0,0.699999988079071,5,14,2,19,126
8,49,29,28.689512252807617,27.805940628051758,2.3996448516845703,0.0,0.699999988079071,5,14,2,19,138
8,49,30,28.490245819091797,27.83411407470703,2.4397029876708984,0.0,0.6499999761581421,5,16,2,17,147
8,49,31,28.638017654418945,27.803062438964844,2.394451856613159,0.0,0.6499999761581421,5,16,2,17,153
8,49,32,28.638017654418945,27.803062438964844,2.394451856613159,0.0,0.6499999761581421,5,17,2,16,161
8,49,33,28.638017654418945,27.803062438964844,2.394451856613159,0.0,0.6499999761581421,5,18,2,15,169
8,49,34,28.43779754638672,27.831375122070312,2.434535264968872,0.0,0.6000000238418579,5,18,2,15,179
8,49,35,28.585664749145508,27.80018424987793,2.3891892433166504,0.0,0.6000000238418579,5,19,2,14,190
8,49,36,28.585664749145508,27.80018424987793,2.3891892433166504,0.0,0.6000000238418579,5,19,2,14,198
8,49,37,28.585664749145508,27.80018424987793,2.3891892433166504,0.0,0.6000000238418579,5,19,2,14,209
8,49,38,28.384611129760742,27.82861328125,2.429287910461426,0.0,0.550000011920929,5,19,2,14,220
8,49,39,28.532506942749023,27.797306060791016,2.3838725090026855,0.0,0.550000011920929,5,20,2,13,225
8,49,40,28.532506942749023,27.797306060791016,2.3838725090026855,0.0,0.550000011920929,5,20,3,12,232
8,49,41,28.532506942749023,27.797306060791016,2.3838725090026855,0.0,0.550000011920929,5,22,3,10,243
8,49,42,28.330745697021484,27.825834274291992,2.423976421356201,0.0,0.5,5,24,3,8,256
8,49,43,28.478605270385742,27.794431686401367,2.378516674041748,0.0,0.5,5,26,3,6,261
8,49,44,28.478605270385742,27.794431686401367,2.378516674041748,0.0,0.5,5,27,3,5,269
8,49,45,28.478605270385742,27.794431686401367,2.378516674041748,0.0,0.5,5,27,3,5,283
8,49,46,28.478605270385742,27.794431686401367,2.378516674041748,0.0,0.5,5,27,3,5,298
8,49,47,28.478605270385742,27.794431686401367,2.378516674041748,0.0,0.5,5,27,3,5,310
8,49,48,28.276264190673828,27.823036193847656,2.4186158180236816,0.0,0.44999998807907104,5,27,3,5,322
8,49,49,28.424020767211914,27.79155921936035,2.373138189315796,0.0,0.44999998807907104,5,28,3,4,330
8,49,50,28.221233367919922,27.820219039916992,2.4132227897644043,0.0,0.4000000059604645,5,28,3,4,339
8,49,51,28.368824005126953,27.7886905670166,2.3677542209625244,0.0,0.4000000059604645,5,28,3,4,346
8,49,52,28.368824005126953,27.7886905670166,2.3677542209625244,0.0,0.4000000059604645,5,28,3,4,351
8,49,53,28.165727615356445,27.8173828125,2.4078140258789062,0.0,0.3499999940395355,5,29,3,3,362
8,49,54,28.313085556030273,27.785829544067383,2.3623814582824707,0.0,0.3499999940395355,5,29,3,3,373
8,49,55,28.313085556030273,27.785829544067383,2.3623814582824707,0.0,0.3499999940395355,5,29,3,3,385
8,49,56,28.313085556030273,27.785829544067383,2.3623814582824707,0.0,0.3499999940395355,5,29,3,3,391
8,49,57,28.109819412231445,27.814531326293945,2.4024062156677246,0.0,0.30000001192092896,5,29,3,3,402
8,49,58,28.256881713867188,27.78297233581543,2.3570375442504883,0.0,0.30000001192092896,5,29,3,3,411
8,49,59,28.256881713867188,27.78297233581543,2.3570375442504883,0.0,0.30000001192092896,5,29,3,3,416
8,49,60,28.256881713867188,27.78297233581543,2.3570375442504883,0.0,0.30000001192092896,5,29,3,3,422
8,49,61,28.256881713867188,27.78297233581543,2.3570375442504883,0.0,0.30000001192092896,5,29,3,3,431
8,49,62,28.053585052490234,27.811662673950195,2.397017002105713,0.0,0.25,5,29,3,3,436
8,49,63,28.20029067993164,27.780122756958008,2.3517396450042725,0.0,0.25,5,29,3,3,444
8,49,64,28.20029067993164,27.780122756958008,2.3517396450042725,0.0,0.25,5,29,3,3,448
8,49,65,28.20029067993164,27.780122756958008,2.3517396450042725,0.0,0.25,5,29,3,3,458
8,49,66,27.997106552124023,27.808778762817383,2.3916635513305664,0.0,0.20000000298023224,5,29,3,3,463
8,49,67,28.14339256286621,27.777280807495117,2.3465049266815186,0.0,0.20000000298023224,5,29,3,3,469
8,49,68,28.14339256286621,27.777280807495117,2.3465049266815186,0.0,0.20000000298023224,5,29,3,3,475
8,49,69,27.940460205078125,27.80588150024414,2.3863627910614014,0.0,0.15000000596046448,5,29,3,3,482
8,49,70,28.086271286010742,27.77444839477539,2.3413496017456055,0.0,0.15000000596046448,5,30,3,2,485
8,49,71,28.086271286010742,27.77444839477539,2.3413496017456055,0.0,0.15000000596046448,5,30,3,2,496
8,49,72,27.883729934692383,27.80297088623047,2.3811309337615967,0.0,0.10000000149011612,5,30,3,2,501
8,49,73,27.826995849609375,27.800048828125,2.375983953475952,0.0,0.05000000074505806,5,30,3,2,505
8,49,74,27.9716854095459,27.768814086914062,2.3313403129577637,0.0,0.05000000074505806,5,30,3,2,512
8,49,75,27.9716854095459,27.768814086914062,2.3313403129577637,0.0,0.05000000074505806,5,30,3,2,519
8,49,76,27.9716854095459,27.768814086914062,2.3313403129577637,0.0,0.05000000074505806,5,30,3,2,524
8,49,77,27.9716854095459,27.768814086914062,2.3313403129577637,0.0,0.05000000074505806,5,30,3,2,531
8,49,78,27.9716854095459,27.768814086914062,2.3313403129577637,0.0,0.05000000074505806,5,30,3,2,536
8,49,79,27.770336151123047,27.797117233276367,2.3709373474121094,0.0,0.0,5,30,3,2,544
8,49,80,27.91438865661621,27.766014099121094,2.3265156745910645,0.0,0.0,5,30,3,2,554
8,49,81,27.91438865661621,27.766014099121094,2.3265156745910645,0.0,0.0,5,30,3,2,559
8,49,82,27.91438865661621,27.766014099121094,2.3265156745910645,0.0,0.0,5,30,3,2,567
8,49,83,27.91438865661621,27.766014099121094,2.3265156745910645,0.0,0.0,5,30,4,1,579
8,49,84,27.91438865661621,27.766014099121094,2.3265156745910645,0.0,0.0,5,30,4,1,585
8,49,85,27.91438865661621,27.766014099121094,2.3265156745910645,0.0,0.0,5,30,4,1,591
8,49,86,27.91438865661621,27.766014099121094,2.3265156745910645,0.0,0.0,5,30,4,1,597
8,49,87,27.91438865661621,27.766014099121094,2.3265156745910645,0.0,0.0,5,30,4,1,605
8,49,88,27.91438865661621,27.766014099121094,2.3265156745910645,0.0,0.0,5,30,4,1,614
8,49,89,27.91438865661621,27.766014099121094,2.3265156745910645,0.0,0.0,5,30,4,1,620
8,49,90,27.91438865661621,27.766014099121094,2.3265156745910645,0.0,0.0,5,30,4,1,623
8,49,91,27.91438865661621,27.766014099121094,2.3265156745910645,0.0,0.0,5,30,4,1,628
8,49,92,27.91438865661621,27.766014099121094,2.3265156745910645,0.0,0.0,5,30,4,1,633
8,49,93,27.91438865661621,27.766014099121094,2.3265156745910645,0.0,0.0,5,30,4,1,638
8,49,94,27.91438865661621,27.766014099121094,2.3265156745910645,0.0,0.0,5,30,4,1,646
8,49,95,27.91438865661621,27.766014099121094,2.3265156745910645,0.0,0.0,5,30,4,1,652
8,49,96,27.91438865661621,27.766014099121094,2.3265156745910645,0.0,0.0,5,30,4,1,664
8,49,97,27.91438865661621,27.766014099121094,2.3265156745910645,0.0,0.0,5,30,4,1,671
8,49,98,27.91438865661621,27.766014099121094,2.3265156745910645,0.0,0.0,5,30,4,1,677
8,49,99,27.91438865661621,27.766014099121094,2.3265156745910645,0.0,0.0,5,30,4,1,682
8,49,100,27.91438865661621,27.766014099121094,2.3265156745910645,0.0,0.0,5,30,4,1,685
8,49,101,27.91438865661621,27.766014099121094,2.3265156745910645,0.0,0.0,5,30,4,1,692
8,49,102,27.91438865661621,27.766014099121094,2.3265156745910645,0.0,0.0,5,30,4,1,698
8,49,103,27.91438865661621,27.766014099121094,2.3265156745910645,0.0,0.0,5,30,5,0,705
9,50,1,28.051334381103516,27.116588592529297,3.4470646381378174,0.25,1.0,0,0,0,40,4
9,50,2,28.663463592529297,27.72933006286621,2.5956015586853027,0.20000000298023224,1.0,1,0,0,39,4
9,50,3,28.683456420898438,27.83733367919922,2.450861692428589,0.20000000298023224,1.0,2,0,0,38,6
9,50,4,28.683456420898438,27.83733367919922,2.450861692428589,0.20000000298023224,1.0,2,0,0,38,7
9,50,5,28.683456420898438,27.83733367919922,2.450861692428589,0.20000000298023224,1.0,2,1,0,37,10
9,50,6,28.683456420898438,27.83733367919922,2.450861692428589,0.20000000298023224,1.0,3,2,0,35,14
9,50,7,28.683456420898438,27.83733367919922,2.450861692428589,0.20000000298023224,1.0,5,3,0,32,16
9,50,8,28.683456420898438,27.83733367919922,2.450861692428589,0.20000000298023224,1.0,5,4,0,31,18
9,50,9,28.683456420898438,27.83733367919922,2.450861692428589,0.20000000298023224,1.0,5,4,0,31,19
9,50,10,28.683456420898438,27.83733367919922,2.450861692428589,0.20000000298023224,1.0,5,6,0,29,20
9,50,11,28.487438201904297,27.864582061767578,2.4906389713287354,0.20000000298023224,0.949999988079071,5,7,0,28,24
9,50,12,28.691133499145508,27.72283363342285,2.585688829421997,0.15000000596046448,0.949999988079071,5,7,0,28,25
9,50,13,28.711084365844727,27.830949783325195,2.4407219886779785,0.15000000596046448,0.949999988079071,5,7,0,28,27
9,50,14,28.711084365844727,27.830949783325195,2.4407219886779785,0.15000000596046448,0.949999988079071,5,8,0,27,29
9,50,15,28.51462173461914,27.858388900756836,2.480609178543091,0.15000000596046448,0.8999999761581421,5,9,0,26,31
9,50,16,28.662065505981445,27.828102111816406,2.436025619506836,0.15000000596046448,0.8999999761581421,6,11,0,23,34
9,50,17,28.662065505981445,27.828102111816406,2.436025619506836,0.15000000596046448,0.8999999761581421,6,11,0,23,37
9,50,18,28.662065505981445,27.828102111816406,2.436025619506836,0.15000000596046448,0.8999999761581421,6,12,0,22,41
9,50,19,28.4642333984375,27.855764389038086,2.4760043621063232,0.15000000596046448,0.8500000238418579,6,13,0,21,46
9,50,20,28.669498443603516,27.7131290435791,2.5713789463043213,0.10000000149011612,0.8500000238418579,6,13,0,21,51
9,50,21,28.490737915039062,27.8494815826416,2.465700387954712,0.10000000149011612,0.800000011920929,6,13,0,21,55
9,50,22,28.63862419128418,27.818801879882812,2.4207303524017334,0.10000000149011612,0.800000011920929,6,13,0,21,60
9,50,23,28.695640563964844,27.70673942565918,2.5609796047210693,0.05000000074505806,0.800000011920929,6,14,0,20,65
9,50,24,28.71486473083496,27.815237045288086,2.415236711502075,0.05000000074505806,0.800000011920929,6,14,0,20,70
9,50,25,28.51664924621582,27.84316635131836,2.45528507232666,0.05000000074505806,0.75,6,15,0,19,77
9,50,26,28.465110778808594,27.840463638305664,2.450305461883545,0.05000000074505806,0.699999988079071,6,15,1,18,86
9,50,27,28.613142013549805,27.809480667114258,2.405078172683716,0.05000000074505806,0.699999988079071,6,16,1,17,94
9,50,28,28.67096519470215,27.697254180908203,2.5458195209503174,0.0,0.699999988079071,6,16,1,17,98
9,50,29,28.689512252807617,27.805940628051758,2.3996448516845703,0.0,0.699999988079071,6,17,1,16,113
9,50,30,28.689512252807617,27.805940628051758,2.3996448516845703,0.0,0.699999988079071,6,17,1,16,123
9,50,31,28.490245819091797,27.83411407470703,2.4397029876708984,0.0,0.6499999761581421,6,18,1,15,131
9,50,32,28.43779754638672,27.831375122070312,2.434535264968872,0.0,0.6000000238418579,6,19,1,14,141
9,50,33,28.585664749145508,27.80018424987793,2.3891892433166504,0.0,0.6000000238418579,6,19,1,14,149
9,50,34,28.585664749145508,27.80018424987793,2.3891892433166504,0.0,0.6000000238418579,6,20,1,13,156
9,50,35,28.585664749145508,27.80018424987793,2.3891892433166504,0.0,0.6000000238418579,6,20,1,13,161
9,50,36,28.585664749145508,27.80018424987793,2.3891892433166504,0.0,0.6000000238418579,6,21,1,12,167
9,50,37,28.585664749145508,27.80018424987793,2.3891892433166504,0.0,0.6000000238418579,6,22,1,11,180
9,50,38,28.384611129760742,27.82861328125,2.429287910461426,0.0,0.550000011920929,6,22,1,11,190
9,50,39,28.532506942749023,27.797306060791016,2.3838725090026855,0.0,0.550000011920929,6,23,1,10,195
9,50,40,28.532506942749023,27.797306060791016,2.3838725090026855,0.0,0.550000011920929,6,24,1,9,202
9,50,41,28.532506942749023,27.797306060791016,2.3838725090026855,0.0,0.550000011920929,6,24,1,9,209
9,50,42,28.532506942749023,27.797306060791016,2.3838725090026855,0.0,0.550000011920929,6,24,1,9,221
9,50,43,28.330745697021484,27.825834274291992,2.423976421356201,0.0,0.5,6,26,1,7,233
9,50,44,28.276264190673828,27.823036193847656,2.4186158180236816,0.0,0.44999998807907104,6,28,1,5,246
9,50,45,28.424020767211914,27.79155921936035,2.373138189315796,0.0,0.44999998807907104,6,28,1,5,259
9,50,46,28.221233367919922,27.820219039916992,2.4132227897644043,0.0,0.4000000059604645,6,28,1,5,273
9,50,47,28.165727615356445,27.8173828125,2.4078140258789062,0.0,0.3499999940395355,6,28,1,5,290
9,50,48,28.313085556030273,27.785829544067383,2.3623814582824707,0.0,0.3499999940395355,6,28,1,5,298
9,50,49,28.313085556030273,27.785829544067383,2.3623814582824707,0.0,0.3499999940395355,6,28,1,5,307
9,50,50,28.313085556030273,27.785829544067383,2.3623814582824707,0.0,0.3499999940395355,6,29,1,4,313
9,50,51,28.313085556030273,27.785829544067383,2.3623814582824707,0.0,0.3499999940395355,6,29,1,4,327
9,50,52,28.313085556030273,27.785829544067383,2.3623814582824707,0.0,0.3499999940395355,6,29,1,4,336
9,50,53,28.313085556030273,27.785829544067383,2.3623814582824707,0.0,0.3499999940395355,6,29,1,4,348
9,50,54,28.109819412231445,27.814531326293945,2.4024062156677246,0.0,0.30000001192092896,6,29,1,4,359
9,50,55,28.053585052490234,27.811662673950195,2.397017002105713,0.0,0.25,6,29,1,4,371
9,50,56,27.997106552124023,27.808778762817383,2.3916635513305664,0.0,0.20000000298023224,6,29,1,4,384
9,50,57,28.14339256286621,27.777280807495117,2.3465049266815186,0.0,0.20000000298023224,6,29,1,4,393
9,50,58,27.940460205078125,27.80588150024414,2.3863627910614014,0.0,0.15000000596046448,6,30,1,3,403
9,50,59,27.883729934692383,27.80297088623047,2.3811309337615967,0.0,0.10000000149011612,6,30,1,3,418
9,50,60,28.029006958007812,27.77162742614746,2.336289644241333,0.0,0.10000000149011612,6,30,1,3,430
9,50,61,28.029006958007812,27.77162742614746,2.336289644241333,0.0,0.10000000149011612,6,30,1,3,446
9,50,62,28.029006958007812,27.77162742614746,2.336289644241333,0.0,0.10000000149011612,6,30,1,3,461
9,50,63,28.029006958007812,27.77162742614746,2.336289644241333,0.0,0.10000000149011612,6,30,1,3,472
9,50,64,27.826995849609375,27.800048828125,2.375983953475952,0.0,0.05000000074505806,6,30,1,3,484
9,50,65,27.9716854095459,27.768814086914062,2.3313403129577637,0.0,0.05000000074505806,6,30,1,3,492
9,50,66,27.9716854095459,27.768814086914062,2.3313403129577637,0.0,0.05000000074505806,6,30,1,3,496
9,50,67,27.770336151123047,27.797117233276367,2.3709373474121094,0.0,0.0,6,30,3,1,505
9,50,68,27.91438865661621,27.766014099121094,2.3265156745910645,0.0,0.0,6,30,3,1,514
9,50,69,27.91438865661621,27.766014099121094,2.3265156745910645,0.0,0.0,6,30,3,1,519
9,50,70,27.91438865661621,27.766014099121094,2.3265156745910645,0.0,0.0,6,30,3,1,526
9,50,71,27.91438865661621,27.766014099121094,2.3265156745910645,0.0,0.0,6,30,3,1,530
9,50,72,27.91438865661621,27.766014099121094,2.3265156745910645,0.0,0.0,6,30,3,1,537
9,50,73,27.91438865661621,27.766014099121094,2.3265156745910645,0.0,0.0,6,30,3,1,544
9,50,74,27.91438865661621,27.766014099121094,2.3265156745910645,0.0,0.0,6,30,3,1,550
9,50,75,27.91438865661621,27.766014099121094,2.3265156745910645,0.0,0.0,6,30,3,1,558
9,50,76,27.91438865661621,27.766014099121094,2.3265156745910645,0.0,0.0,6,30,4,0,566
10,51,1,28.01477813720703,27.13873863220215,3.427826166152954,0.3499999940395355,1.0,0,0,0,40,2
10,51,2,28.509902954101562,27.735870361328125,2.6075358390808105,0.30000001192092896,1.0,1,0,0,39,5
10,51,3,28.587200164794922,27.732587814331055,2.6015894412994385,0.25,1.0,1,0,0,39,8
10,51,4,28.663463592529297,27.72933006286621,2.5956015586853027,0.20000000298023224,1.0,2,2,0,36,8
10,51,5,28.683456420898438,27.83733367919922,2.450861692428589,0.20000000298023224,1.0,2,2,0,36,9
10,51,6,28.683456420898438,27.83733367919922,2.450861692428589,0.20000000298023224,1.0,2,3,0,35,12
10,51,7,28.683456420898438,27.83733367919922,2.450861692428589,0.20000000298023224,1.0,3,3,0,34,14
10,51,8,28.73859405517578,27.726102828979492,2.5895774364471436,0.15000000596046448,1.0,3,3,0,34,16
10,51,9,28.75908851623535,27.833782196044922,2.4452786445617676,0.15000000596046448,1.0,3,3,0,34,19
10,51,10,28.564085006713867,27.860984802246094,2.485064744949341,0.15000000596046448,0.949999988079071,3,3,0,34,22
10,51,11,28.76586151123047,27.719635009765625,2.5796456336975098,0.10000000149011612,0.949999988079071,3,5,1,31,26
10,51,12,28.590896606445312,27.854766845703125,2.475038766860962,0.10000000149011612,0.8999999761581421,3,5,1,31,29
10,51,13,28.73805809020996,27.824535369873047,2.4304821491241455,0.10000000149011612,0.8999999761581421,3,5,1,31,33
10,51,14,28.73805809020996,27.824535369873047,2.4304821491241455,0.10000000149011612,0.8999999761581421,3,6,1,30,36
10,51,15,28.73805809020996,27.824535369873047,2.4304821491241455,0.10000000149011612,0.8999999761581421,3,6,1,30,37
10,51,16,28.73805809020996,27.824535369873047,2.4304821491241455,0.10000000149011612,0.8999999761581421,3,7,1,29,43
10,51,17,28.79242706298828,27.713211059570312,2.5695395469665527,0.05000000074505806,0.8999999761581421,3,8,1,28,50
10,51,18,28.617103576660156,27.84850311279297,2.4648780822753906,0.05000000074505806,0.8500000238418579,3,8,1,28,54
10,51,19,28.764301300048828,27.8181095123291,2.420158624649048,0.05000000074505806,0.8500000238418579,3,8,1,28,61
10,51,20,28.62384605407715,27.73406219482422,2.5994303226470947,0.0,0.800000011920929,3,10,1,26,64
10,51,21,28.789737701416016,27.811689376831055,2.409769058227539,0.0,0.800000011920929,3,10,1,26,69
10,51,22,28.789737701416016,27.811689376831055,2.409769058227539,0.0,0.800000011920929,3,10,2,25,75
10,51,23,28.592710494995117,27.83953285217285,2.449747085571289,0.0,0.75,3,10,2,25,82
10,51,24,28.541898727416992,27.836833953857422,2.4447779655456543,0.0,0.699999988079071,3,11,2,24,89
10,51,25,28.490245819091797,27.83411407470703,2.4397029876708984,0.0,0.6499999761581421,3,12,2,23,97
10,51,26,28.43779754638672,27.831375122070312,2.434535264968872,0.0,0.6000000238418579,3,13,2,22,103
10,51,27,28.384611129760742,27.82861328125,2.429287910461426,0.0,0.550000011920929,3,14,2,21,112
10,51,28,28.532506942749023,27.797306060791016,2.3838725090026855,0.0,0.550000011920929,3,15,2,20,121
10,51,29,28.532506942749023,27.797306060791016,2.3838725090026855,0.0,0.550000011920929,3,15,2,20,128
10,51,30,28.532506942749023,27.797306060791016,2.3838725090026855,0.0,0.550000011920929,3,15,2,20,138
10,51,31,28.330745697021484,27.825834274291992,2.423976421356201,0.0,0.5,3,15,2,20,145
10,51,32,28.276264190673828,27.823036193847656,2.4186158180236816,0.0,0.44999998807907104,3,15,2,20,156
10,51,33,28.221233367919922,27.820219039916992,2.4132227897644043,0.0,0.4000000059604645,3,16,2,19,166
10,51,34,28.165727615356445,27.8173828125,2.4078140258789062,0.0,0.3499999940395355,3,17,2,18,174
10,51,35,28.313085556030273,27.785829544067383,2.3623814582824707,0.0,0.3499999940395355,3,19,2,16,181
10,51,36,28.313085556030273,27.785829544067383,2.3623814582824707,0.0,0.3499999940395355,3,21,2,14,188
10,51,37,28.313085556030273,27.785829544067383,2.3623814582824707,0.0,0.3499999940395355,3,21,2,14,198
10,51,38,28.313085556030273,27.785829544067383,2.3623814582824707,0.0,0.3499999940395355,3,22,2,13,212
10,51,39,28.109819412231445,27.814531326293945,2.4024062156677246,0.0,0.30000001192092896,3,24,2,11,220
10,51,40,28.053585052490234,27.811662673950195,2.397017002105713,0.0,0.25,3,24,2,11,227
10,51,41,28.20029067993164,27.780122756958008,2.3517396450042725,0.0,0.25,3,25,3,9,239
10,51,42,27.997106552124023,27.808778762817383,2.3916635513305664,0.0,0.20000000298023224,3,25,3,9,245
10,51,43,28.14339256286621,27.777280807495117,2.3465049266815186,0.0,0.20000000298023224,3,26,3,8,254
10,51,44,28.14339256286621,27.777280807495117,2.3465049266815186,0.0,0.20000000298023224,3,26,3,8,265
10,51,45,27.940460205078125,27.80588150024414,2.3863627910614014,0.0,0.15000000596046448,3,26,3,8,273
10,51,46,28.086271286010742,27.77444839477539,2.3413496017456055,0.0,0.15000000596046448,3,26,3,8,285
10,51,47,27.883729934692383,27.80297088623047,2.3811309337615967,0.0,0.10000000149011612,3,26,3,8,296
10,51,48,28.029006958007812,27.77162742614746,2.336289644241333,0.0,0.10000000149011612,3,26,3,8,303
10,51,49,28.029006958007812,27.77162742614746,2.336289644241333,0.0,0.10000000149011612,3,26,3,8,310
10,51,50,27.826995849609375,27.800048828125,2.375983953475952,0.0,0.05000000074505806,3,26,3,8,322
10,51,51,27.9716854095459,27.768814086914062,2.3313403129577637,0.0,0.05000000074505806,3,26,3,8,330
10,51,52,27.9716854095459,27.768814086914062,2.3313403129577637,0.0,0.05000000074505806,3,26,3,8,341
10,51,53,27.9716854095459,27.768814086914062,2.3313403129577637,0.0,0.05000000074505806,3,27,4,6,352
10,51,54,27.9716854095459,27.768814086914062,2.3313403129577637,0.0,0.05000000074505806,3,27,4,6,362
10,51,55,27.9716854095459,27.768814086914062,2.3313403129577637,0.0,0.05000000074505806,3,27,4,6,373
10,51,56,27.9716854095459,27.768814086914062,2.3313403129577637,0.0,0.05000000074505806,3,28,4,5,384
10,51,57,27.9716854095459,27.768814086914062,2.3313403129577637,0.0,0.05000000074505806,3,28,4,5,395
10,51,58,27.9716854095459,27.768814086914062,2.3313403129577637,0.0,0.05000000074505806,3,28,4,5,412
10,51,59,27.9716854095459,27.768814086914062,2.3313403129577637,0.0,0.05000000074505806,3,28,6,3,426
10,51,60,27.770336151123047,27.797117233276367,2.3709373474121094,0.0,0.0,3,28,6,3,438
10,51,61,27.91438865661621,27.766014099121094,2.3265156745910645,0.0,0.0,3,28,6,3,453
10,51,62,27.91438865661621,27.766014099121094,2.3265156745910645,0.0,0.0,3,28,6,3,457
10,51,63,27.91438865661621,27.766014099121094,2.3265156745910645,0.0,0.0,3,28,6,3,466
10,51,64,27.91438865661621,27.766014099121094,2.3265156745910645,0.0,0.0,3,28,7,2,474
10,51,65,27.91438865661621,27.766014099121094,2.3265156745910645,0.0,0.0,3,28,7,2,479
10,51,66,27.91438865661621,27.766014099121094,2.3265156745910645,0.0,0.0,3,28,8,1,486
10,51,67,27.91438865661621,27.766014099121094,2.3265156745910645,0.0,0.0,3,28,8,1,494
10,51,68,27.91438865661621,27.766014099121094,2.3265156745910645,0.0,0.0,3,28,8,1,502
10,51,69,27.91438865661621,27.766014099121094,2.3265156745910645,0.0,0.0,3,28,8,1,510
10,51,70,27.91438865661621,27.766014099121094,2.3265156745910645,0.0,0.0,3,28,8,1,519
10,51,71,27.91438865661621,27.766014099121094,2.3265156745910645,0.0,0.0,3,28,8,1,534
10,51,72,27.91438865661621,27.766014099121094,2.3265156745910645,0.0,0.0,3,28,8,1,542
10,51,73,27.91438865661621,27.766014099121094,2.3265156745910645,0.0,0.0,3,28,8,1,550
10,51,74,27.91438865661621,27.766014099121094,2.3265156745910645,0.0,0.0,3,28,8,1,558
10,51,75,27.91438865661621,27.766014099121094,2.3265156745910645,0.0,0.0,3,28,8,1,567
10,51,76,27.91438865661621,27.766014099121094,2.3265156745910645,0.0,0.0,3,28,8,1,579
10,51,77,27.91438865661621,27.766014099121094,2.3265156745910645,0.0,0.0,3,28,9,0,592
11,52,1,28.051334381103516,27.116588592529297,3.4470646381378174,0.25,1.0,0,0,0,40,2
11,52,2,28.606657028198242,27.84087371826172,2.4564614295959473,0.25,1.0,0,1,0,39,3
11,52,3,28.606657028198242,27.84087371826172,2.4564614295959473,0.25,1.0,0,2,0,38,4
11,52,4,28.606657028198242,27.84087371826172,2.4564614295959473,0.25,1.0,1,2,0,37,6
11,52,5,28.606657028198242,27.84087371826172,2.4564614295959473,0.25,1.0,1,2,0,37,6
11,52,6,28.606657028198242,27.84087371826172,2.4564614295959473,0.25,1.0,2,2,0,36,7
11,52,7,28.606657028198242,27.84087371826172,2.4564614295959473,0.25,1.0,2,2,0,36,9
11,52,8,28.663463592529297,27.72933006286621,2.5956015586853027,0.20000000298023224,1.0,2,3,0,35,10
11,52,9,28.683456420898438,27.83733367919922,2.450861692428589,0.20000000298023224,1.0,2,4,0,34,11
11,52,10,28.73859405517578,27.726102828979492,2.5895774364471436,0.15000000596046448,1.0,3,4,0,33,15
11,52,11,28.812503814697266,27.722909927368164,2.583522319793701,0.10000000149011612,1.0,3,5,0,32,15
11,52,12,28.83346176147461,27.83022689819336,2.4397149085998535,0.10000000149011612,1.0,3,8,0,29,17
11,52,13,28.83346176147461,27.83022689819336,2.4397149085998535,0.10000000149011612,1.0,3,8,0,29,19
11,52,14,28.83346176147461,27.83022689819336,2.4397149085998535,0.10000000149011612,1.0,3,8,0,29,20
11,52,15,28.83346176147461,27.83022689819336,2.4397149085998535,0.10000000149011612,1.0,3,9,0,28,23
11,52,16,28.639568328857422,27.857370376586914,2.4794905185699463,0.10000000149011612,0.949999988079071,3,9,0,28,28
11,52,17,28.786277770996094,27.8273868560791,2.4351675510406494,0.10000000149011612,0.949999988079071,3,9,0,28,32
11,52,18,28.590896606445312,27.854766845703125,2.475038766860962,0.10000000149011612,0.8999999761581421,3,9,0,28,33
11,52,19,28.73805809020996,27.824535369873047,2.4304821491241455,0.10000000149011612,0.8999999761581421,3,11,0,26,34
11,52,20,28.73805809020996,27.824535369873047,2.4304821491241455,0.10000000149011612,0.8999999761581421,3,11,0,26,39
11,52,21,28.79242706298828,27.713211059570312,2.5695395469665527,0.05000000074505806,0.8999999761581421,3,12,0,25,42
11,52,22,28.81273651123047,27.820972442626953,2.4249613285064697,0.05000000074505806,0.8999999761581421,3,12,0,25,47
11,52,23,28.81273651123047,27.820972442626953,2.4249613285064697,0.05000000074505806,0.8999999761581421,3,13,0,24,53
11,52,24,28.617103576660156,27.84850311279297,2.4648780822753906,0.05000000074505806,0.8500000238418579,3,15,0,22,56
11,52,25,28.764301300048828,27.8181095123291,2.420158624649048,0.05000000074505806,0.8500000238418579,3,15,0,22,64
11,52,26,28.764301300048828,27.8181095123291,2.420158624649048,0.05000000074505806,0.8500000238418579,3,15,0,22,69
11,52,27,28.56732749938965,27.84584617614746,2.460146188735962,0.05000000074505806,0.800000011920929,4,15,0,21,76
11,52,28,28.770109176635742,27.703628540039062,2.554933547973633,0.0,0.800000011920929,4,16,0,20,81
11,52,29,28.789737701416016,27.811689376831055,2.409769058227539,0.0,0.800000011920929,4,16,0,20,89
11,52,30,28.592710494995117,27.83953285217285,2.449747085571289,0.0,0.75,4,16,0,20,95
11,52,31,28.541898727416992,27.836833953857422,2.4447779655456543,0.0,0.699999988079071,4,17,0,19,102
11,52,32,28.689512252807617,27.805940628051758,2.3996448516845703,0.0,0.699999988079071,4,18,0,18,109
11,52,33,28.689512252807617,27.805940628051758,2.3996448516845703,0.0,0.699999988079071,4,18,0,18,115
11,52,34,28.689512252807617,27.805940628051758,2.3996448516845703,0.0,0.699999988079071,4,20,0,16,119
11,52,35,28.689512252807617,27.805940628051758,2.3996448516845703,0.0,0.699999988079071,4,21,0,15,125
11,52,36,28.689512252807617,27.805940628051758,2.3996448516845703,0.0,0.699999988079071,4,21,0,15,130
11,52,37,28.490245819091797,27.83411407470703,2.4397029876708984,0.0,0.6499999761581421,4,21,0,15,131
11,52,38,28.638017654418945,27.803062438964844,2.394451856613159,0.0,0.6499999761581421,4,21,0,15,136
11,52,39,28.638017654418945,27.803062438964844,2.394451856613159,0.0,0.6499999761581421,4,22,0,14,143
11,52,40,28.638017654418945,27.803062438964844,2.394451856613159,0.0,0.6499999761581421,4,23,0,13,150
11,52,41,28.638017654418945,27.803062438964844,2.394451856613159,0.0,0.6499999761581421,4,23,0,13,156
11,52,42,28.43779754638672,27.831375122070312,2.434535264968872,0.0,0.6000000238418579,4,23,0,13,165
11,52,43,28.585664749145508,27.80018424987793,2.3891892433166504,0.0,0.6000000238418579,4,23,0,13,170
11,52,44,28.585664749145508,27.80018424987793,2.3891892433166504,0.0,0.6000000238418579,4,24,0,12,178
11,52,45,28.585664749145508,27.80018424987793,2.3891892433166504,0.0,0.6000000238418579,4,25,0,11,185
11,52,46,28.585664749145508,27.80018424987793,2.3891892433166504,0.0,0.6000000238418579,4,26,0,10,192
11,52,47,28.384611129760742,27.82861328125,2.429287910461426,0.0,0.550000011920929,4,26,0,10,203
11,52,48,28.532506942749023,27.797306060791016,2.3838725090026855,0.0,0.550000011920929,4,26,0,10,211
11,52,49,28.532506942749023,27.797306060791016,2.3838725090026855,0.0,0.550000011920929,4,27,0,9,224
11,52,50,28.330745697021484,27.825834274291992,2.423976421356201,0.0,0.5,4,27,0,9,236
11,52,51,28.478605270385742,27.794431686401367,2.378516674041748,0.0,0.5,4,27,0,9,244
11,52,52,28.478605270385742,27.794431686401367,2.378516674041748,0.0,0.5,4,27,0,9,250
11,52,53,28.478605270385742,27.794431686401367,2.378516674041748,0.0,0.5,4,28,0,8,258
11,52,54,28.478605270385742,27.794431686401367,2.378516674041748,0.0,0.5,4,28,0,8,266
11,52,55,28.276264190673828,27.823036193847656,2.4186158180236816,0.0,0.44999998807907104,4,28,0,8,275
11,52,56,28.221233367919922,27.820219039916992,2.4132227897644043,0.0,0.4000000059604645,4,28,1,7,287
11,52,57,28.368824005126953,27.7886905670166,2.3677542209625244,0.0,0.4000000059604645,4,28,1,7,296
11,52,58,28.368824005126953,27.7886905670166,2.3677542209625244,0.0,0.4000000059604645,4,28,1,7,305
11,52,59,28.165727615356445,27.8173828125,2.4078140258789062,0.0,0.3499999940395355,4,28,1,7,313
11,52,60,28.313085556030273,27.785829544067383,2.3623814582824707,0.0,0.3499999940395355,4,29,1,6,320
11,52,61,28.313085556030273,27.785829544067383,2.3623814582824707,0.0,0.3499999940395355,4,29,1,6,327
11,52,62,28.313085556030273,27.785829544067383,2.3623814582824707,0.0,0.3499999940395355,4,31,1,4,336
11,52,63,28.313085556030273,27.785829544067383,2.3623814582824707,0.0,0.3499999940395355,4,31,1,4,343
11,52,64,28.313085556030273,27.785829544067383,2.3623814582824707,0.0,0.3499999940395355,4,32,1,3,355
11,52,65,28.109819412231445,27.814531326293945,2.4024062156677246,0.0,0.30000001192092896,4,33,1,2,367
11,52,66,28.256881713867188,27.78297233581543,2.3570375442504883,0.0,0.30000001192092896,4,33,1,2,376
11,52,67,28.053585052490234,27.811662673950195,2.397017002105713,0.0,0.25,4,33,1,2,388
11,52,68,27.997106552124023,27.808778762817383,2.3916635513305664,0.0,0.20000000298023224,4,33,1,2,398
11,52,69,28.14339256286621,27.777280807495117,2.3465049266815186,0.0,0.20000000298023224,4,33,1,2,416
11,52,70,27.940460205078125,27.80588150024414,2.3863627910614014,0.0,0.15000000596046448,4,33,1,2,425
11,52,71,28.086271286010742,27.77444839477539,2.3413496017456055,0.0,0.15000000596046448,4,33,1,2,441
11,52,72,28.086271286010742,27.77444839477539,2.3413496017456055,0.0,0.15000000596046448,4,33,1,2,451
11,52,73,28.086271286010742,27.77444839477539,2.3413496017456055,0.0,0.15000000596046448,4,33,1,2,469
11,52,74,28.086271286010742,27.77444839477539,2.3413496017456055,0.0,0.15000000596046448,4,33,1,2,480
11,52,75,28.086271286010742,27.77444839477539,2.3413496017456055,0.0,0.15000000596046448,4,33,1,2,490
11,52,76,28.086271286010742,27.77444839477539,2.3413496017456055,0.0,0.15000000596046448,4,33,1,2,499
11,52,77,28.086271286010742,27.77444839477539,2.3413496017456055,0.0,0.15000000596046448,4,33,1,2,511
11,52,78,27.883729934692383,27.80297088623047,2.3811309337615967,0.0,0.10000000149011612,4,33,1,2,521
11,52,79,27.826995849609375,27.800048828125,2.375983953475952,0.0,0.05000000074505806,4,33,1,2,528
11,52,80,27.9716854095459,27.768814086914062,2.3313403129577637,0.0,0.05000000074505806,4,33,1,2,540
11,52,81,27.9716854095459,27.768814086914062,2.3313403129577637,0.0,0.05000000074505806,4,33,1,2,551
11,52,82,27.770336151123047,27.797117233276367,2.3709373474121094,0.0,0.0,4,34,1,1,556
11,52,83,27.91438865661621,27.766014099121094,2.3265156745910645,0.0,0.0,4,34,1,1,561
11,52,84,27.91438865661621,27.766014099121094,2.3265156745910645,0.0,0.0,4,34,2,0,570
12,53,1,28.09886932373047,27.106313705444336,3.451124668121338,0.15000000596046448,1.0,0,0,0,40,2
12,53,2,28.75908851623535,27.833782196044922,2.4452786445617676,0.15000000596046448,1.0,0,0,0,40,2
12,53,3,28.75908851623535,27.833782196044922,2.4452786445617676,0.15000000596046448,1.0,0,0,0,40,3
12,53,4,28.812503814697266,27.722909927368164,2.583522319793701,0.10000000149011612,1.0,0,0,0,40,3
12,53,5,28.83346176147461,27.83022689819336,2.4397149085998535,0.10000000149011612,1.0,0,0,0,40,5
12,53,6,28.83346176147461,27.83022689819336,2.4397149085998535,0.10000000149011612,1.0,0,0,0,40,8
12,53,7,28.885112762451172,27.719757080078125,2.577442169189453,0.05000000074505806,1.0,0,0,0,40,10
12,53,8,28.906494140625,27.82667350769043,2.434173822402954,0.05000000074505806,1.0,1,1,0,38,12
12,53,9,28.95634651184082,27.716646194458008,2.5713422298431396,0.0,1.0,1,1,0,38,14
12,53,10,28.978116989135742,27.8231258392334,2.4286580085754395,0.0,1.0,1,1,0,38,15
12,53,11,28.978116989135742,27.8231258392334,2.4286580085754395,0.0,1.0,1,1,0,38,18
12,53,12,28.978116989135742,27.8231258392334,2.4286580085754395,0.0,1.0,1,1,2,36,24
12,53,13,28.978116989135742,27.8231258392334,2.4286580085754395,0.0,1.0,1,3,2,34,27
12,53,14,28.978116989135742,27.8231258392334,2.4286580085754395,0.0,1.0,1,5,2,32,31
12,53,15,28.978116989135742,27.8231258392334,2.4286580085754395,0.0,1.0,2,7,2,29,35
12,53,16,28.978116989135742,27.8231258392334,2.4286580085754395,0.0,1.0,2,7,2,29,42
12,53,17,28.78670310974121,27.85011863708496,2.468353509902954,0.0,0.949999988079071,2,9,2,27,49
12,53,18,28.739660263061523,27.847503662109375,2.4639103412628174,0.0,0.8999999761581421,2,9,2,27,55
12,53,19,28.886016845703125,27.81742286682129,2.4194657802581787,0.0,0.8999999761581421,2,11,2,25,61
12,53,20,28.886016845703125,27.81742286682129,2.4194657802581787,0.0,0.8999999761581421,2,11,2,25,67
12,53,21,28.691627502441406,27.84486961364746,2.459322929382324,0.0,0.8500000238418579,2,11,2,25,77
12,53,22,28.83838653564453,27.814558029174805,2.4146761894226074,0.0,0.8500000238418579,2,12,3,23,86
12,53,23,28.83838653564453,27.814558029174805,2.4146761894226074,0.0,0.8500000238418579,2,13,3,22,94
12,53,24,28.64263153076172,27.842212677001953,2.454598903656006,0.0,0.800000011920929,2,13,3,22,103
12,53,25,28.789737701416016,27.811689376831055,2.409769058227539,0.0,0.800000011920929,2,14,3,21,109
12,53,26,28.592710494995117,27.83953285217285,2.449747085571289,0.0,0.75,2,15,3,20,120
12,53,27,28.74009895324707,27.80881690979004,2.404754877090454,0.0,0.75,2,15,3,20,127
12,53,28,28.74009895324707,27.80881690979004,2.404754877090454,0.0,0.75,2,15,3,20,133
12,53,29,28.74009895324707,27.80881690979004,2.404754877090454,0.0,0.75,2,16,3,19,140
12,53,30,28.541898727416992,27.836833953857422,2.4447779655456543,0.0,0.699999988079071,2,17,3,18,148
12,53,31,28.490245819091797,27.83411407470703,2.4397029876708984,0.0,0.6499999761581421,2,17,3,18,154
12,53,32,28.638017654418945,27.803062438964844,2.394451856613159,0.0,0.6499999761581421,2,18,3,17,162
12,53,33,28.638017654418945,27.803062438964844,2.394451856613159,0.0,0.6499999761581421,2,18,3,17,170
12,53,34,28.43779754638672,27.831375122070312,2.434535264968872,0.0,0.6000000238418579,2,19,3,16,179
12,53,35,28.585664749145508,27.80018424987793,2.3891892433166504,0.0,0.6000000238418579,2,20,3,15,192
12,53,36,28.585664749145508,27.80018424987793,2.3891892433166504,0.0,0.6000000238418579,2,20,3,15,203
12,53,37,28.585664749145508,27.80018424987793,2.3891892433166504,0.0,0.6000000238418579,2,20,3,15,209
12,53,38,28.585664749145508,27.80018424987793,2.3891892433166504,0.0,0.6000000238418579,2,20,3,15,215
12,53,39,28.585664749145508,27.80018424987793,2.3891892433166504,0.0,0.6000000238418579,2,22,3,13,224
12,53,40,28.384611129760742,27.82861328125,2.429287910461426,0.0,0.550000011920929,2,22,3,13,232
12,53,41,28.330745697021484,27.825834274291992,2.423976421356201,0.0,0.5,2,22,3,13,238
12,53,42,28.478605270385742,27.794431686401367,2.378516674041748,0.0,0.5,2,23,3,12,247
12,53,43,28.478605270385742,27.794431686401367,2.378516674041748,0.0,0.5,2,25,3,10,256
12,53,44,28.276264190673828,27.823036193847656,2.4186158180236816,0.0,0.44999998807907104,2,28,3,7,262
12,53,45,28.424020767211914,27.79155921936035,2.373138189315796,0.0,0.44999998807907104,2,28,3,7,273
12,53,46,28.221233367919922,27.820219039916992,2.4132227897644043,0.0,0.4000000059604645,2,28,3,7,284
12,53,47,28.368824005126953,27.7886905670166,2.3677542209625244,0.0,0.4000000059604645,2,28,3,7,289
12,53,48,28.368824005126953,27.7886905670166,2.3677542209625244,0.0,0.4000000059604645,2,28,3,7,297
12,53,49,28.165727615356445,27.8173828125,2.4078140258789062,0.0,0.3499999940395355,2,28,3,7,304
12,53,50,28.313085556030273,27.785829544067383,2.3623814582824707,0.0,0.3499999940395355,2,28,3,7,308
12,53,51,28.313085556030273,27.785829544067383,2.3623814582824707,0.0,0.3499999940395355,2,28,3,7,314
12,53,52,28.313085556030273,27.785829544067383,2.3623814582824707,0.0,0.3499999940395355,2,28,3,7,323
12,53,53,28.313085556030273,27.785829544067383,2.3623814582824707,0.0,0.3499999940395355,2,28,3,7,332
12,53,54,28.313085556030273,27.785829544067383,2.3623814582824707,0.0,0.3499999940395355,2,29,3,6,342
12,53,55,28.313085556030273,27.785829544067383,2.3623814582824707,0.0,0.3499999940395355,2,30,3,5,354
12,53,56,28.109819412231445,27.814531326293945,2.4024062156677246,0.0,0.30000001192092896,2,30,3,5,363
12,53,57,28.256881713867188,27.78297233581543,2.3570375442504883,0.0,0.30000001192092896,2,30,3,5,376
12,53,58,28.256881713867188,27.78297233581543,2.3570375442504883,0.0,0.30000001192092896,2,30,3,5,381
12,53,59,28.256881713867188,27.78297233581543,2.3570375442504883,0.0,0.30000001192092896,2,30,3,5,389
12,53,60,28.053585052490234,27.811662673950195,2.397017002105713,0.0,0.25,2,30,3,5,397
12,53,61,28.20029067993164,27.780122756958008,2.3517396450042725,0.0,0.25,2,30,3,5,403
12,53,62,28.20029067993164,27.780122756958008,2.3517396450042725,0.0,0.25,2,30,3,5,411
12,53,63,28.20029067993164,27.780122756958008,2.3517396450042725,0.0,0.25,2,31,3,4,418
12,53,64,28.20029067993164,27.780122756958008,2.3517396450042725,0.0,0.25,2,31,3,4,428
12,53,65,27.997106552124023,27.808778762817383,2.3916635513305664,0.0,0.20000000298023224,2,31,3,4,435
12,53,66,28.14339256286621,27.777280807495117,2.3465049266815186,0.0,0.20000000298023224,2,32,3,3,440
12,53,67,28.14339256286621,27.777280807495117,2.3465049266815186,0.0,0.20000000298023224,2,32,3,3,447
12,53,68,28.14339256286621,27.777280807495117,2.3465049266815186,0.0,0.20000000298023224,2,32,3,3,457
12,53,69,28.14339256286621,27.777280807495117,2.3465049266815186,0.0,0.20000000298023224,2,32,3,3,462
12,53,70,27.940460205078125,27.80588150024414,2.3863627910614014,0.0,0.15000000596046448,2,32,3,3,472
12,53,71,28.086271286010742,27.77444839477539,2.3413496017456055,0.0,0.15000000596046448,2,32,3,3,476
12,53,72,28.086271286010742,27.77444839477539,2.3413496017456055,0.0,0.15000000596046448,2,33,3,2,485
12,53,73,28.086271286010742,27.77444839477539,2.3413496017456055,0.0,0.15000000596046448,2,33,3,2,494
12,53,74,28.086271286010742,27.77444839477539,2.3413496017456055,0.0,0.15000000596046448,2,33,3,2,502
12,53,75,27.883729934692383,27.80297088623047,2.3811309337615967,0.0,0.10000000149011612,2,34,3,1,509
12,53,76,27.826995849609375,27.800048828125,2.375983953475952,0.0,0.05000000074505806,2,34,3,1,517
12,53,77,27.770336151123047,27.797117233276367,2.3709373474121094,0.0,0.0,2,34,3,1,527
12,53,78,27.91438865661621,27.766014099121094,2.3265156745910645,0.0,0.0,2,34,3,1,535
12,53,79,27.91438865661621,27.766014099121094,2.3265156745910645,0.0,0.0,2,34,3,1,542
12,53,80,27.91438865661621,27.766014099121094,2.3265156745910645,0.0,0.0,2,34,3,1,553
12,53,81,27.91438865661621,27.766014099121094,2.3265156745910645,0.0,0.0,2,34,3,1,559
12,53,82,27.91438865661621,27.766014099121094,2.3265156745910645,0.0,0.0,2,34,3,1,562
12,53,83,27.91438865661621,27.766014099121094,2.3265156745910645,0.0,0.0,2,34,3,1,569
12,53,84,27.91438865661621,27.766014099121094,2.3265156745910645,0.0,0.0,2,34,3,1,574
12,53,85,27.91438865661621,27.766014099121094,2.3265156745910645,0.0,0.0,2,34,4,0,581
13,54,1,28.09886932373047,27.106313705444336,3.451124668121338,0.15000000596046448,1.0,0,0,0,40,1
13,54,2,28.75908851623535,27.833782196044922,2.4452786445617676,0.15000000596046448,1.0,0,0,0,40,1
13,54,3,28.75908851623535,27.833782196044922,2.4452786445617676,0.15000000596046448,1.0,0,0,0,40,2
13,54,4,28.812503814697266,27.722909927368164,2.583522319793701,0.10000000149011612,1.0,0,1,0,39,3
13,54,5,28.83346176147461,27.83022689819336,2.4397149085998535,0.10000000149011612,1.0,0,1,0,39,4
13,54,6,28.885112762451172,27.719757080078125,2.577442169189453,0.05000000074505806,1.0,0,2,0,38,5
13,54,7,28.906494140625,27.82667350769043,2.434173822402954,0.05000000074505806,1.0,0,4,0,36,7
13,54,8,28.906494140625,27.82667350769043,2.434173822402954,0.05000000074505806,1.0,2,4,1,33,9
13,54,9,28.906494140625,27.82667350769043,2.434173822402954,0.05000000074505806,1.0,2,6,1,31,13
13,54,10,28.906494140625,27.82667350769043,2.434173822402954,0.05000000074505806,1.0,2,6,1,31,16
13,54,11,28.906494140625,27.82667350769043,2.434173822402954,0.05000000074505806,1.0,2,6,1,31,18
13,54,12,28.95634651184082,27.716646194458008,2.5713422298431396,0.0,1.0,2,6,1,31,18
13,54,13,28.978116989135742,27.8231258392334,2.4286580085754395,0.0,1.0,2,8,1,29,19
13,54,14,28.978116989135742,27.8231258392334,2.4286580085754395,0.0,1.0,2,8,1,29,23
13,54,15,28.978116989135742,27.8231258392334,2.4286580085754395,0.0,1.0,3,9,1,27,28
13,54,16,28.978116989135742,27.8231258392334,2.4286580085754395,0.0,1.0,4,12,1,23,31
13,54,17,28.978116989135742,27.8231258392334,2.4286580085754395,0.0,1.0,4,12,1,23,32
13,54,18,28.978116989135742,27.8231258392334,2.4286580085754395,0.0,1.0,4,12,1,23,35
13,54,19,28.978116989135742,27.8231258392334,2.4286580085754395,0.0,1.0,4,12,1,23,37
13,54,20,28.978116989135742,27.8231258392334,2.4286580085754395,0.0,1.0,4,14,1,21,41
13,54,21,28.978116989135742,27.8231258392334,2.4286580085754395,0.0,1.0,4,15,1,20,46
13,54,22,28.978116989135742,27.8231258392334,2.4286580085754395,0.0,1.0,4,16,1,19,49
13,54,23,28.978116989135742,27.8231258392334,2.4286580085754395,0.0,1.0,4,16,1,19,54
13,54,24,28.978116989135742,27.8231258392334,2.4286580085754395,0.0,1.0,4,17,1,18,59
13,54,25,28.78670310974121,27.85011863708496,2.468353509902954,0.0,0.949999988079071,4,17,1,18,63
13,54,26,28.932601928710938,27.82027816772461,2.424129009246826,0.0,0.949999988079071,4,17,1,18,71
13,54,27,28.932601928710938,27.82027816772461,2.424129009246826,0.0,0.949999988079071,4,17,1,18,76
13,54,28,28.739660263061523,27.847503662109375,2.4639103412628174,0.0,0.8999999761581421,4,18,1,17,80
13,54,29,28.886016845703125,27.81742286682129,2.4194657802581787,0.0,0.8999999761581421,4,18,1,17,86
13,54,30,28.886016845703125,27.81742286682129,2.4194657802581787,0.0,0.8999999761581421,4,19,1,16,94
13,54,31,28.691627502441406,27.84486961364746,2.459322929382324,0.0,0.8500000238418579,4,20,1,15,102
13,54,32,28.64263153076172,27.842212677001953,2.454598903656006,0.0,0.800000011920929,4,21,1,14,113
13,54,33,28.789737701416016,27.811689376831055,2.409769058227539,0.0,0.800000011920929,4,21,1,14,120
13,54,34,28.789737701416016,27.811689376831055,2.409769058227539,0.0,0.800000011920929,4,21,1,14,133
13,54,35,28.789737701416016,27.811689376831055,2.409769058227539,0.0,0.800000011920929,4,21,1,14,141
13,54,36,28.592710494995117,27.83953285217285,2.449747085571289,0.0,0.75,4,22,1,13,154
13,54,37,28.74009895324707,27.80881690979004,2.404754877090454,0.0,0.75,4,22,1,13,165
13,54,38,28.74009895324707,27.80881690979004,2.404754877090454,0.0,0.75,4,23,1,12,169
13,54,39,28.74009895324707,27.80881690979004,2.404754877090454,0.0,0.75,4,24,1,11,176
13,54,40,28.74009895324707,27.80881690979004,2.404754877090454,0.0,0.75,4,24,1,11,184
13,54,41,28.74009895324707,27.80881690979004,2.404754877090454,0.0,0.75,4,25,1,10,192
13,54,42,28.74009895324707,27.80881690979004,2.404754877090454,0.0,0.75,4,25,1,10,202
13,54,43,28.541898727416992,27.836833953857422,2.4447779655456543,0.0,0.699999988079071,4,26,1,9,215
13,54,44,28.490245819091797,27.83411407470703,2.4397029876708984,0.0,0.6499999761581421,4,27,1,8,225
13,54,45,28.638017654418945,27.803062438964844,2.394451856613159,0.0,0.6499999761581421,4,28,1,7,236
13,54,46,28.43779754638672,27.831375122070312,2.434535264968872,0.0,0.6000000238418579,4,28,1,7,244
13,54,47,28.585664749145508,27.80018424987793,2.3891892433166504,0.0,0.6000000238418579,4,29,1,6,256
13,54,48,28.384611129760742,27.82861328125,2.429287910461426,0.0,0.550000011920929,4,29,1,6,265
13,54,49,28.532506942749023,27.797306060791016,2.3838725090026855,0.0,0.550000011920929,4,29,1,6,275
13,54,50,28.532506942749023,27.797306060791016,2.3838725090026855,0.0,0.550000011920929,4,29,1,6,280
13,54,51,28.330745697021484,27.825834274291992,2.423976421356201,0.0,0.5,4,31,1,4,287
13,54,52,28.478605270385742,27.794431686401367,2.378516674041748,0.0,0.5,4,31,1,4,294
13,54,53,28.478605270385742,27.794431686401367,2.378516674041748,0.0,0.5,4,32,1,3,306
13,54,54,28.276264190673828,27.823036193847656,2.4186158180236816,0.0,0.44999998807907104,4,33,1,2,318
13,54,55,28.424020767211914,27.79155921936035,2.373138189315796,0.0,0.44999998807907104,4,33,1,2,327
13,54,56,28.424020767211914,27.79155921936035,2.373138189315796,0.0,0.44999998807907104,4,33,1,2,335
13,54,57,28.221233367919922,27.820219039916992,2.4132227897644043,0.0,0.4000000059604645,4,33,1,2,343
13,54,58,28.165727615356445,27.8173828125,2.4078140258789062,0.0,0.3499999940395355,4,33,1,2,350
13,54,59,28.313085556030273,27.785829544067383,2.3623814582824707,0.0,0.3499999940395355,4,33,1,2,355
13,54,60,28.313085556030273,27.785829544067383,2.3623814582824707,0.0,0.3499999940395355,4,33,1,2,363
13,54,61,28.313085556030273,27.785829544067383,2.3623814582824707,0.0,0.3499999940395355,4,33,1,2,366
13,54,62,28.109819412231445,27.814531326293945,2.4024062156677246,0.0,0.30000001192092896,4,33,1,2,376
13,54,63,28.256881713867188,27.78297233581543,2.3570375442504883,0.0,0.30000001192092896,4,33,1,2,388
13,54,64,28.053585052490234,27.811662673950195,2.397017002105713,0.0,0.25,4,33,1,2,395
13,54,65,28.20029067993164,27.780122756958008,2.3517396450042725,0.0,0.25,4,33,1,2,405
13,54,66,28.20029067993164,27.780122756958008,2.3517396450042725,0.0,0.25,4,33,1,2,415
13,54,67,27.997106552124023,27.808778762817383,2.3916635513305664,0.0,0.20000000298023224,4,33,1,2,422
13,54,68,28.14339256286621,27.777280807495117,2.3465049266815186,0.0,0.20000000298023224,4,33,1,2,431
13,54,69,27.940460205078125,27.80588150024414,2.3863627910614014,0.0,0.15000000596046448,4,33,1,2,440
13,54,70,28.086271286010742,27.77444839477539,2.3413496017456055,0.0,0.15000000596046448,4,34,1,1,448
13,54,71,28.086271286010742,27.77444839477539,2.3413496017456055,0.0,0.15000000596046448,4,34,1,1,458
13,54,72,27.883729934692383,27.80297088623047,2.3811309337615967,0.0,0.10000000149011612,4,34,1,1,464
13,54,73,28.029006958007812,27.77162742614746,2.336289644241333,0.0,0.10000000149011612,4,34,1,1,471
13,54,74,27.826995849609375,27.800048828125,2.375983953475952,0.0,0.05000000074505806,4,34,1,1,479
13,54,75,27.9716854095459,27.768814086914062,2.3313403129577637,0.0,0.05000000074505806,4,34,1,1,486
13,54,76,27.770336151123047,27.797117233276367,2.3709373474121094,0.0,0.0,4,34,1,1,491
13,54,77,27.91438865661621,27.766014099121094,2.3265156745910645,0.0,0.0,4,34,1,1,499
13,54,78,27.91438865661621,27.766014099121094,2.3265156745910645,0.0,0.0,4,34,1,1,508
13,54,79,27.91438865661621,27.766014099121094,2.3265156745910645,0.0,0.0,4,34,1,1,517
13,54,80,27.91438865661621,27.766014099121094,2.3265156745910645,0.0,0.0,4,34,2,0,528
14,55,1,28.132909774780273,27.104772567749023,3.4482035636901855,0.10000000149011612,1.0,0,0,0,40,2
14,55,2,28.83346176147461,27.83022689819336,2.4397149085998535,0.10000000149011612,1.0,1,0,0,39,3
14,55,3,28.83346176147461,27.83022689819336,2.4397149085998535,0.10000000149011612,1.0,2,0,0,38,4
14,55,4,28.83346176147461,27.83022689819336,2.4397149085998535,0.10000000149011612,1.0,2,0,0,38,4
14,55,5,28.83346176147461,27.83022689819336,2.4397149085998535,0.10000000149011612,1.0,2,0,0,38,4
14,55,6,28.83346176147461,27.83022689819336,2.4397149085998535,0.10000000149011612,1.0,2,0,0,38,6
14,55,7,28.885112762451172,27.719757080078125,2.577442169189453,0.05000000074505806,1.0,2,0,0,38,7
14,55,8,28.906494140625,27.82667350769043,2.434173822402954,0.05000000074505806,1.0,2,0,0,38,10
14,55,9,28.906494140625,27.82667350769043,2.434173822402954,0.05000000074505806,1.0,2,1,0,37,13
14,55,10,28.906494140625,27.82667350769043,2.434173822402954,0.05000000074505806,1.0,2,1,0,37,16
14,55,11,28.906494140625,27.82667350769043,2.434173822402954,0.05000000074505806,1.0,3,1,0,36,16
14,55,12,28.906494140625,27.82667350769043,2.434173822402954,0.05000000074505806,1.0,3,1,0,36,18
14,55,13,28.95634651184082,27.716646194458008,2.5713422298431396,0.0,1.0,3,1,0,36,19
14,55,14,28.978116989135742,27.8231258392334,2.4286580085754395,0.0,1.0,3,1,0,36,21
14,55,15,28.978116989135742,27.8231258392334,2.4286580085754395,0.0,1.0,3,3,0,34,22
14,55,16,28.978116989135742,27.8231258392334,2.4286580085754395,0.0,1.0,3,3,0,34,27
14,55,17,28.978116989135742,27.8231258392334,2.4286580085754395,0.0,1.0,3,4,0,33,30
14,55,18,28.978116989135742,27.8231258392334,2.4286580085754395,0.0,1.0,3,5,0,32,33
14,55,19,28.978116989135742,27.8231258392334,2.4286580085754395,0.0,1.0,3,5,0,32,42
14,55,20,28.978116989135742,27.8231258392334,2.4286580085754395,0.0,1.0,4,6,0,30,46
14,55,21,28.978116989135742,27.8231258392334,2.4286580085754395,0.0,1.0,4,7,0,29,49
14,55,22,28.978116989135742,27.8231258392334,2.4286580085754395,0.0,1.0,4,9,0,27,55
14,55,23,28.978116989135742,27.8231258392334,2.4286580085754395,0.0,1.0,4,9,0,27,58
14,55,24,28.78670310974121,27.85011863708496,2.468353509902954,0.0,0.949999988079071,4,9,0,27,64
14,55,25,28.739660263061523,27.847503662109375,2.4639103412628174,0.0,0.8999999761581421,4,9,1,26,75
14,55,26,28.691627502441406,27.84486961364746,2.459322929382324,0.0,0.8500000238418579,4,9,1,26,76
14,55,27,28.83838653564453,27.814558029174805,2.4146761894226074,0.0,0.8500000238418579,4,10,1,25,87
14,55,28,28.83838653564453,27.814558029174805,2.4146761894226074,0.0,0.8500000238418579,4,10,1,25,93
14,55,29,28.83838653564453,27.814558029174805,2.4146761894226074,0.0,0.8500000238418579,4,10,1,25,97
14,55,30,28.64263153076172,27.842212677001953,2.454598903656006,0.0,0.800000011920929,4,11,1,24,102
14,55,31,28.789737701416016,27.811689376831055,2.409769058227539,0.0,0.800000011920929,4,12,1,23,109
14,55,32,28.789737701416016,27.811689376831055,2.409769058227539,0.0,0.800000011920929,4,12,1,23,115
14,55,33,28.789737701416016,27.811689376831055,2.409769058227539,0.0,0.800000011920929,4,13,1,22,118
14,55,34,28.789737701416016,27.811689376831055,2.409769058227539,0.0,0.800000011920929,4,13,1,22,123
14,55,35,28.789737701416016,27.811689376831055,2.409769058227539,0.0,0.800000011920929,4,14,1,21,128
14,55,36,28.789737701416016,27.811689376831055,2.409769058227539,0.0,0.800000011920929,4,14,1,21,134
14,55,37,28.592710494995117,27.83953285217285,2.449747085571289,0.0,0.75,4,15,1,20,144
14,55,38,28.541898727416992,27.836833953857422,2.4447779655456543,0.0,0.699999988079071,4,17,1,18,153
14,55,39,28.490245819091797,27.83411407470703,2.4397029876708984,0.0,0.6499999761581421,4,17,1,18,163
14,55,40,28.43779754638672,27.831375122070312,2.434535264968872,0.0,0.6000000238418579,4,20,1,15,173
14,55,41,28.585664749145508,27.80018424987793,2.3891892433166504,0.0,0.6000000238418579,4,21,1,14,180
14,55,42,28.384611129760742,27.82861328125,2.429287910461426,0.0,0.550000011920929,4,21,1,14,194
14,55,43,28.330745697021484,27.825834274291992,2.423976421356201,0.0,0.5,4,21,1,14,206
14,55,44,28.276264190673828,27.823036193847656,2.4186158180236816,0.0,0.44999998807907104,4,22,1,13,215
14,55,45,28.221233367919922,27.820219039916992,2.4132227897644043,0.0,0.4000000059604645,4,23,1,12,227
14,55,46,28.165727615356445,27.8173828125,2.4078140258789062,0.0,0.3499999940395355,4,23,1,12,241
14,55,47,28.313085556030273,27.785829544067383,2.3623814582824707,0.0,0.3499999940395355,4,24,1,11,252
14,55,48,28.313085556030273,27.785829544067383,2.3623814582824707,0.0,0.3499999940395355,4,24,1,11,260
14,55,49,28.109819412231445,27.814531326293945,2.4024062156677246,0.0,0.30000001192092896,4,26,1,9,267
14,55,50,28.256881713867188,27.78297233581543,2.3570375442504883,0.0,0.30000001192092896,4,27,1,8,269
14,55,51,28.256881713867188,27.78297233581543,2.3570375442504883,0.0,0.30000001192092896,4,29,1,6,274
14,55,52,28.053585052490234,27.811662673950195,2.397017002105713,0.0,0.25,4,30,1,5,280
14,55,53,28.20029067993164,27.780122756958008,2.3517396450042725,0.0,0.25,4,30,2,4,286
14,55,54,27.997106552124023,27.808778762817383,2.3916635513305664,0.0,0.20000000298023224,4,30,2,4,291
14,55,55,28.14339256286621,27.777280807495117,2.3465049266815186,0.0,0.20000000298023224,4,30,2,4,296
14,55,56,28.14339256286621,27.777280807495117,2.3465049266815186,0.0,0.20000000298023224,4,30,2,4,298
14,55,57,28.14339256286621,27.777280807495117,2.3465049266815186,0.0,0.20000000298023224,4,30,2,4,303
14,55,58,28.14339256286621,27.777280807495117,2.3465049266815186,0.0,0.20000000298023224,4,30,2,4,311
14,55,59,28.14339256286621,27.777280807495117,2.3465049266815186,0.0,0.20000000298023224,4,31,2,3,319
14,55,60,27.940460205078125,27.80588150024414,2.3863627910614014,0.0,0.15000000596046448,4,31,2,3,326
14,55,61,28.086271286010742,27.77444839477539,2.3413496017456055,0.0,0.15000000596046448,4,31,2,3,331
14,55,62,28.086271286010742,27.77444839477539,2.3413496017456055,0.0,0.15000000596046448,4,31,2,3,335
14,55,63,28.086271286010742,27.77444839477539,2.3413496017456055,0.0,0.15000000596046448,4,31,2,3,346
14,55,64,27.883729934692383,27.80297088623047,2.3811309337615967,0.0,0.10000000149011612,4,31,2,3,352
14,55,65,28.029006958007812,27.77162742614746,2.336289644241333,0.0,0.10000000149011612,4,31,2,3,363
14,55,66,27.826995849609375,27.800048828125,2.375983953475952,0.0,0.05000000074505806,4,31,2,3,369
14,55,67,27.9716854095459,27.768814086914062,2.3313403129577637,0.0,0.05000000074505806,4,31,2,3,377
14,55,68,27.9716854095459,27.768814086914062,2.3313403129577637,0.0,0.05000000074505806,4,31,2,3,384
14,55,69,27.9716854095459,27.768814086914062,2.3313403129577637,0.0,0.05000000074505806,4,31,2,3,388
14,55,70,27.770336151123047,27.797117233276367,2.3709373474121094,0.0,0.0,4,31,2,3,402
14,55,71,27.91438865661621,27.766014099121094,2.3265156745910645,0.0,0.0,4,31,2,3,415
14,55,72,27.91438865661621,27.766014099121094,2.3265156745910645,0.0,0.0,4,32,2,2,424
14,55,73,27.91438865661621,27.766014099121094,2.3265156745910645,0.0,0.0,4,32,2,2,427
14,55,74,27.91438865661621,27.766014099121094,2.3265156745910645,0.0,0.0,4,32,2,2,435
14,55,75,27.91438865661621,27.766014099121094,2.3265156745910645,0.0,0.0,4,32,2,2,438
14,55,76,27.91438865661621,27.766014099121094,2.3265156745910645,0.0,0.0,4,32,2,2,443
14,55,77,27.91438865661621,27.766014099121094,2.3265156745910645,0.0,0.0,4,32,3,1,447
14,55,78,27.91438865661621,27.766014099121094,2.3265156745910645,0.0,0.0,4,32,3,1,450
14,55,79,27.91438865661621,27.766014099121094,2.3265156745910645,0.0,0.0,4,32,3,1,460
14,55,80,27.91438865661621,27.766014099121094,2.3265156745910645,0.0,0.0,4,32,3,1,468
14,55,81,27.91438865661621,27.766014099121094,2.3265156745910645,0.0,0.0,4,32,3,1,476
14,55,82,27.91438865661621,27.766014099121094,2.3265156745910645,0.0,0.0,4,32,3,1,488
14,55,83,27.91438865661621,27.766014099121094,2.3265156745910645,0.0,0.0,4,32,3,1,497
14,55,84,27.91438865661621,27.766014099121094,2.3265156745910645,0.0,0.0,4,32,3,1,509
14,55,85,27.91438865661621,27.766014099121094,2.3265156745910645,0.0,0.0,4,32,3,1,523
14,55,86,27.91438865661621,27.766014099121094,2.3265156745910645,0.0,0.0,4,32,3,1,535
14,55,87,27.91438865661621,27.766014099121094,2.3265156745910645,0.0,0.0,4,32,3,1,549
14,55,88,27.91438865661621,27.766014099121094,2.3265156745910645,0.0,0.0,4,32,4,0,559
15,56,1,28.09886932373047,27.106313705444336,3.451124668121338,0.15000000596046448,1.0,0,0,0,40,1
15,56,2,28.75908851623535,27.833782196044922,2.4452786445617676,0.15000000596046448,1.0,0,0,0,40,1
15,56,3,28.75908851623535,27.833782196044922,2.4452786445617676,0.15000000596046448,1.0,1,0,0,39,2
15,56,4,28.75908851623535,27.833782196044922,2.4452786445617676,0.15000000596046448,1.0,2,0,0,38,2
15,56,5,28.75908851623535,27.833782196044922,2.4452786445617676,0.15000000596046448,1.0,2,1,0,37,2
15,56,6,28.75908851623535,27.833782196044922,2.4452786445617676,0.15000000596046448,1.0,2,1,0,37,2
15,56,7,28.75908851623535,27.833782196044922,2.4452786445617676,0.15000000596046448,1.0,3,1,0,36,2
15,56,8,28.75908851623535,27.833782196044922,2.4452786445617676,0.15000000596046448,1.0,3,1,0,36,4
15,56,9,28.75908851623535,27.833782196044922,2.4452786445617676,0.15000000596046448,1.0,3,2,0,35,6
15,56,10,28.812503814697266,27.722909927368164,2.583522319793701,0.10000000149011612,1.0,3,2,0,35,7
15,56,11,28.83346176147461,27.83022689819336,2.4397149085998535,0.10000000149011612,1.0,3,2,1,34,9
15,56,12,28.83346176147461,27.83022689819336,2.4397149085998535,0.10000000149011612,1.0,3,2,1,34,13
15,56,13,28.885112762451172,27.719757080078125,2.577442169189453,0.05000000074505806,1.0,3,2,1,34,15
15,56,14,28.906494140625,27.82667350769043,2.434173822402954,0.05000000074505806,1.0,3,3,1,33,18
15,56,15,28.906494140625,27.82667350769043,2.434173822402954,0.05000000074505806,1.0,3,3,1,33,25
15,56,16,28.7661190032959,27.743013381958008,2.6114556789398193,0.0,0.949999988079071,4,3,1,32,25
15,56,17,28.932601928710938,27.82027816772461,2.424129009246826,0.0,0.949999988079071,4,4,1,31,28
15,56,18,28.932601928710938,27.82027816772461,2.424129009246826,0.0,0.949999988079071,4,6,1,29,33
15,56,19,28.932601928710938,27.82027816772461,2.424129009246826,0.0,0.949999988079071,4,6,1,29,36
15,56,20,28.932601928710938,27.82027816772461,2.424129009246826,0.0,0.949999988079071,6,6,1,27,40
15,56,21,28.739660263061523,27.847503662109375,2.4639103412628174,0.0,0.8999999761581421,6,6,1,27,45
15,56,22,28.691627502441406,27.84486961364746,2.459322929382324,0.0,0.8500000238418579,6,6,1,27,50
15,56,23,28.83838653564453,27.814558029174805,2.4146761894226074,0.0,0.8500000238418579,6,6,1,27,53
15,56,24,28.83838653564453,27.814558029174805,2.4146761894226074,0.0,0.8500000238418579,6,6,1,27,58
15,56,25,28.83838653564453,27.814558029174805,2.4146761894226074,0.0,0.8500000238418579,6,7,1,26,62
15,56,26,28.83838653564453,27.814558029174805,2.4146761894226074,0.0,0.8500000238418579,6,8,1,25,67
15,56,27,28.64263153076172,27.842212677001953,2.454598903656006,0.0,0.800000011920929,6,10,1,23,72
15,56,28,28.789737701416016,27.811689376831055,2.409769058227539,0.0,0.800000011920929,6,11,1,22,81
15,56,29,28.592710494995117,27.83953285217285,2.449747085571289,0.0,0.75,6,11,1,22,92
15,56,30,28.74009895324707,27.80881690979004,2.404754877090454,0.0,0.75,6,12,2,20,101
15,56,31,28.541898727416992,27.836833953857422,2.4447779655456543,0.0,0.699999988079071,6,13,2,19,109
15,56,32,28.689512252807617,27.805940628051758,2.3996448516845703,0.0,0.699999988079071,6,15,2,17,115
15,56,33,28.689512252807617,27.805940628051758,2.3996448516845703,0.0,0.699999988079071,6,16,2,16,123
15,56,34,28.490245819091797,27.83411407470703,2.4397029876708984,0.0,0.6499999761581421,6,16,2,16,129
15,56,35,28.43779754638672,27.831375122070312,2.434535264968872,0.0,0.6000000238418579,6,16,2,16,137
15,56,36,28.585664749145508,27.80018424987793,2.3891892433166504,0.0,0.6000000238418579,6,16,2,16,150
15,56,37,28.384611129760742,27.82861328125,2.429287910461426,0.0,0.550000011920929,6,16,2,16,156
15,56,38,28.532506942749023,27.797306060791016,2.3838725090026855,0.0,0.550000011920929,6,18,2,14,164
15,56,39,28.532506942749023,27.797306060791016,2.3838725090026855,0.0,0.550000011920929,6,19,2,13,174
15,56,40,28.532506942749023,27.797306060791016,2.3838725090026855,0.0,0.550000011920929,6,19,2,13,182
15,56,41,28.532506942749023,27.797306060791016,2.3838725090026855,0.0,0.550000011920929,6,20,2,12,191
15,56,42,28.330745697021484,27.825834274291992,2.423976421356201,0.0,0.5,6,20,2,12,201
15,56,43,28.478605270385742,27.794431686401367,2.378516674041748,0.0,0.5,6,20,2,12,207
15,56,44,28.478605270385742,27.794431686401367,2.378516674041748,0.0,0.5,6,21,2,11,219
15,56,45,28.276264190673828,27.823036193847656,2.4186158180236816,0.0,0.44999998807907104,6,22,2,10,233
15,56,46,28.424020767211914,27.79155921936035,2.373138189315796,0.0,0.44999998807907104,6,22,2,10,241
15,56,47,28.424020767211914,27.79155921936035,2.373138189315796,0.0,0.44999998807907104,6,24,2,8,251
15,56,48,28.221233367919922,27.820219039916992,2.4132227897644043,0.0,0.4000000059604645,6,24,2,8,259
15,56,49,28.368824005126953,27.7886905670166,2.3677542209625244,0.0,0.4000000059604645,6,25,2,7,272
15,56,50,28.165727615356445,27.8173828125,2.4078140258789062,0.0,0.3499999940395355,6,25,2,7,277
15,56,51,28.313085556030273,27.785829544067383,2.3623814582824707,0.0,0.3499999940395355,6,25,2,7,287
15,56,52,28.313085556030273,27.785829544067383,2.3623814582824707,0.0,0.3499999940395355,6,25,2,7,296
15,56,53,28.109819412231445,27.814531326293945,2.4024062156677246,0.0,0.30000001192092896,6,25,2,7,304
15,56,54,28.053585052490234,27.811662673950195,2.397017002105713,0.0,0.25,6,25,2,7,312
15,56,55,28.20029067993164,27.780122756958008,2.3517396450042725,0.0,0.25,6,26,2,6,317
15,56,56,28.20029067993164,27.780122756958008,2.3517396450042725,0.0,0.25,6,26,2,6,321
15,56,57,28.20029067993164,27.780122756958008,2.3517396450042725,0.0,0.25,6,26,2,6,331
15,56,58,27.997106552124023,27.808778762817383,2.3916635513305664,0.0,0.20000000298023224,6,27,2,5,336
15,56,59,28.14339256286621,27.777280807495117,2.3465049266815186,0.0,0.20000000298023224,6,27,2,5,343
15,56,60,27.940460205078125,27.80588150024414,2.3863627910614014,0.0,0.15000000596046448,6,27,2,5,351
15,56,61,28.086271286010742,27.77444839477539,2.3413496017456055,0.0,0.15000000596046448,6,27,2,5,358
15,56,62,28.086271286010742,27.77444839477539,2.3413496017456055,0.0,0.15000000596046448,6,27,2,5,372
15,56,63,28.086271286010742,27.77444839477539,2.3413496017456055,0.0,0.15000000596046448,6,27,2,5,380
15,56,64,28.086271286010742,27.77444839477539,2.3413496017456055,0.0,0.15000000596046448,6,27,2,5,386
15,56,65,28.086271286010742,27.77444839477539,2.3413496017456055,0.0,0.15000000596046448,6,27,2,5,396
15,56,66,28.086271286010742,27.77444839477539,2.3413496017456055,0.0,0.15000000596046448,6,27,2,5,405
15,56,67,28.086271286010742,27.77444839477539,2.3413496017456055,0.0,0.15000000596046448,6,27,2,5,412
15,56,68,28.086271286010742,27.77444839477539,2.3413496017456055,0.0,0.15000000596046448,6,27,2,5,420
15,56,69,28.086271286010742,27.77444839477539,2.3413496017456055,0.0,0.15000000596046448,6,27,2,5,426
15,56,70,28.086271286010742,27.77444839477539,2.3413496017456055,0.0,0.15000000596046448,6,27,2,5,438
15,56,71,28.086271286010742,27.77444839477539,2.3413496017456055,0.0,0.15000000596046448,6,27,2,5,446
15,56,72,28.086271286010742,27.77444839477539,2.3413496017456055,0.0,0.15000000596046448,6,27,3,4,459
15,56,73,27.883729934692383,27.80297088623047,2.3811309337615967,0.0,0.10000000149011612,6,27,3,4,470
15,56,74,28.029006958007812,27.77162742614746,2.336289644241333,0.0,0.10000000149011612,6,27,3,4,481
15,56,75,27.826995849609375,27.800048828125,2.375983953475952,0.0,0.05000000074505806,6,27,3,4,488
15,56,76,27.9716854095459,27.768814086914062,2.3313403129577637,0.0,0.05000000074505806,6,27,4,3,502
15,56,77,27.770336151123047,27.797117233276367,2.3709373474121094,0.0,0.0,6,27,4,3,509
15,56,78,27.91438865661621,27.766014099121094,2.3265156745910645,0.0,0.0,6,27,4,3,514
15,56,79,27.91438865661621,27.766014099121094,2.3265156745910645,0.0,0.0,6,27,4,3,522
15,56,80,27.91438865661621,27.766014099121094,2.3265156745910645,0.0,0.0,6,27,4,3,529
15,56,81,27.91438865661621,27.766014099121094,2.3265156745910645,0.0,0.0,6,27,4,3,535
15,56,82,27.91438865661621,27.766014099121094,2.3265156745910645,0.0,0.0,6,27,4,3,542
15,56,83,27.91438865661621,27.766014099121094,2.3265156745910645,0.0,0.0,6,27,4,3,550
15,56,84,27.91438865661621,27.766014099121094,2.3265156745910645,0.0,0.0,6,27,4,3,556
15,56,85,27.91438865661621,27.766014099121094,2.3265156745910645,0.0,0.0,6,27,4,3,564
15,56,86,27.91438865661621,27.766014099121094,2.3265156745910645,0.0,0.0,6,27,4,3,574
15,56,87,27.91438865661621,27.766014099121094,2.3265156745910645,0.0,0.0,6,27,4,3,579
15,56,88,27.91438865661621,27.766014099121094,2.3265156745910645,0.0,0.0,6,27,4,3,581
15,56,89,27.91438865661621,27.766014099121094,2.3265156745910645,0.0,0.0,6,27,5,2,588
15,56,90,27.91438865661621,27.766014099121094,2.3265156745910645,0.0,0.0,6,27,6,1,593
15,56,91,27.91438865661621,27.766014099121094,2.3265156745910645,0.0,0.0,6,27,6,1,600
15,56,92,27.91438865661621,27.766014099121094,2.3265156745910645,0.0,0.0,6,27,6,1,606
15,56,93,27.91438865661621,27.766014099121094,2.3265156745910645,0.0,0.0,6,27,6,1,615
15,56,94,27.91438865661621,27.766014099121094,2.3265156745910645,0.0,0.0,6,27,6,1,621
15,56,95,27.91438865661621,27.766014099121094,2.3265156745910645,0.0,0.0,6,27,6,1,628
15,56,96,27.91438865661621,27.766014099121094,2.3265156745910645,0.0,0.0,6,27,7,0,636
16,57,1,28.051334381103516,27.116588592529297,3.4470646381378174,0.25,1.0,0,0,0,40,1
16,57,2,28.606657028198242,27.84087371826172,2.4564614295959473,0.25,1.0,1,1,0,38,1
16,57,3,28.606657028198242,27.84087371826172,2.4564614295959473,0.25,1.0,1,1,0,38,4
16,57,4,28.663463592529297,27.72933006286621,2.5956015586853027,0.20000000298023224,1.0,1,3,0,36,8
16,57,5,28.73859405517578,27.726102828979492,2.5895774364471436,0.15000000596046448,1.0,1,3,0,36,9
16,57,6,28.75908851623535,27.833782196044922,2.4452786445617676,0.15000000596046448,1.0,1,5,0,34,9
16,57,7,28.75908851623535,27.833782196044922,2.4452786445617676,0.15000000596046448,1.0,1,5,0,34,10
16,57,8,28.75908851623535,27.833782196044922,2.4452786445617676,0.15000000596046448,1.0,1,6,0,33,12
16,57,9,28.75908851623535,27.833782196044922,2.4452786445617676,0.15000000596046448,1.0,1,7,1,31,14
16,57,10,28.75908851623535,27.833782196044922,2.4452786445617676,0.15000000596046448,1.0,1,8,1,30,15
16,57,11,28.75908851623535,27.833782196044922,2.4452786445617676,0.15000000596046448,1.0,1,8,1,30,17
16,57,12,28.812503814697266,27.722909927368164,2.583522319793701,0.10000000149011612,1.0,1,8,1,30,17
16,57,13,28.83346176147461,27.83022689819336,2.4397149085998535,0.10000000149011612,1.0,1,9,1,29,18
16,57,14,28.83346176147461,27.83022689819336,2.4397149085998535,0.10000000149011612,1.0,1,11,1,27,20
16,57,15,28.693571090698242,27.746238708496094,2.61757755279541,0.05000000074505806,0.949999988079071,1,11,1,27,25
16,57,16,28.86014175415039,27.823827743530273,2.429635524749756,0.05000000074505806,0.949999988079071,1,12,1,26,28
16,57,17,28.665937423706055,27.851137161254883,2.4694716930389404,0.05000000074505806,0.8999999761581421,1,12,1,26,33
16,57,18,28.81273651123047,27.820972442626953,2.4249613285064697,0.05000000074505806,0.8999999761581421,1,12,1,26,37
16,57,19,28.81273651123047,27.820972442626953,2.4249613285064697,0.05000000074505806,0.8999999761581421,1,12,1,26,42
16,57,20,28.81273651123047,27.820972442626953,2.4249613285064697,0.05000000074505806,0.8999999761581421,1,13,1,25,45
16,57,21,28.617103576660156,27.84850311279297,2.4648780822753906,0.05000000074505806,0.8500000238418579,1,13,1,25,45
16,57,22,28.764301300048828,27.8181095123291,2.420158624649048,0.05000000074505806,0.8500000238418579,1,15,1,23,48
16,57,23,28.818218231201172,27.706851959228516,2.559274911880493,0.0,0.8500000238418579,1,15,1,23,55
16,57,24,28.83838653564453,27.814558029174805,2.4146761894226074,0.0,0.8500000238418579,1,15,2,22,61
16,57,25,28.64263153076172,27.842212677001953,2.454598903656006,0.0,0.800000011920929,1,15,2,22,66
16,57,26,28.592710494995117,27.83953285217285,2.449747085571289,0.0,0.75,1,15,3,21,69
16,57,27,28.74009895324707,27.80881690979004,2.404754877090454,0.0,0.75,1,15,3,21,73
16,57,28,28.74009895324707,27.80881690979004,2.404754877090454,0.0,0.75,1,16,3,20,78
16,57,29,28.74009895324707,27.80881690979004,2.404754877090454,0.0,0.75,1,16,3,20,87
16,57,30,28.541898727416992,27.836833953857422,2.4447779655456543,0.0,0.699999988079071,1,16,3,20,95
16,57,31,28.689512252807617,27.805940628051758,2.3996448516845703,0.0,0.699999988079071,1,16,3,20,97
16,57,32,28.689512252807617,27.805940628051758,2.3996448516845703,0.0,0.699999988079071,1,18,3,18,101
16,57,33,28.689512252807617,27.805940628051758,2.3996448516845703,0.0,0.699999988079071,1,18,3,18,111
16,57,34,28.689512252807617,27.805940628051758,2.3996448516845703,0.0,0.699999988079071,1,18,3,18,121
16,57,35,28.490245819091797,27.83411407470703,2.4397029876708984,0.0,0.6499999761581421,1,18,3,18,134
16,57,36,28.638017654418945,27.803062438964844,2.394451856613159,0.0,0.6499999761581421,1,19,3,17,142
16,57,37,28.638017654418945,27.803062438964844,2.394451856613159,0.0,0.6499999761581421,1,19,3,17,153
16,57,38,28.43779754638672,27.831375122070312,2.434535264968872,0.0,0.6000000238418579,1,21,3,15,161
16,57,39,28.585664749145508,27.80018424987793,2.3891892433166504,0.0,0.6000000238418579,1,22,3,14,172
16,57,40,28.384611129760742,27.82861328125,2.429287910461426,0.0,0.550000011920929,1,23,3,13,183
16,57,41,28.532506942749023,27.797306060791016,2.3838725090026855,0.0,0.550000011920929,1,24,3,12,189
16,57,42,28.532506942749023,27.797306060791016,2.3838725090026855,0.0,0.550000011920929,1,24,3,12,200
16,57,43,28.532506942749023,27.797306060791016,2.3838725090026855,0.0,0.550000011920929,1,24,3,12,205
16,57,44,28.532506942749023,27.797306060791016,2.3838725090026855,0.0,0.550000011920929,1,24,3,12,215
16,57,45,28.532506942749023,27.797306060791016,2.3838725090026855,0.0,0.550000011920929,1,26,3,10,226
16,57,46,28.532506942749023,27.797306060791016,2.3838725090026855,0.0,0.550000011920929,1,27,3,9,234
16,57,47,28.330745697021484,27.825834274291992,2.423976421356201,0.0,0.5,1,27,3,9,243
16,57,48,28.478605270385742,27.794431686401367,2.378516674041748,0.0,0.5,1,28,3,8,252
16,57,49,28.478605270385742,27.794431686401367,2.378516674041748,0.0,0.5,1,30,3,6,262
16,57,50,28.276264190673828,27.823036193847656,2.4186158180236816,0.0,0.44999998807907104,1,31,3,5,272
16,57,51,28.424020767211914,27.79155921936035,2.373138189315796,0.0,0.44999998807907104,1,31,3,5,278
16,57,52,28.221233367919922,27.820219039916992,2.4132227897644043,0.0,0.4000000059604645,1,32,3,4,286
16,57,53,28.368824005126953,27.7886905670166,2.3677542209625244,0.0,0.4000000059604645,1,32,3,4,294
16,57,54,28.165727615356445,27.8173828125,2.4078140258789062,0.0,0.3499999940395355,1,32,3,4,305
16,57,55,28.313085556030273,27.785829544067383,2.3623814582824707,0.0,0.3499999940395355,1,32,3,4,313
16,57,56,28.313085556030273,27.785829544067383,2.3623814582824707,0.0,0.3499999940395355,1,32,3,4,322
16,57,57,28.313085556030273,27.785829544067383,2.3623814582824707,0.0,0.3499999940395355,1,32,3,4,331
16,57,58,28.109819412231445,27.814531326293945,2.4024062156677246,0.0,0.30000001192092896,1,32,3,4,339
16,57,59,28.256881713867188,27.78297233581543,2.3570375442504883,0.0,0.30000001192092896,1,32,3,4,347
16,57,60,28.256881713867188,27.78297233581543,2.3570375442504883,0.0,0.30000001192092896,1,33,3,3,353
16,57,61,28.256881713867188,27.78297233581543,2.3570375442504883,0.0,0.30000001192092896,1,33,3,3,359
16,57,62,28.256881713867188,27.78297233581543,2.3570375442504883,0.0,0.30000001192092896,1,33,3,3,365
16,57,63,28.256881713867188,27.78297233581543,2.3570375442504883,0.0,0.30000001192092896,1,33,3,3,372
16,57,64,28.053585052490234,27.811662673950195,2.397017002105713,0.0,0.25,1,33,3,3,378
16,57,65,27.997106552124023,27.808778762817383,2.3916635513305664,0.0,0.20000000298023224,1,33,3,3,385
16,57,66,28.14339256286621,27.777280807495117,2.3465049266815186,0.0,0.20000000298023224,1,33,3,3,394
16,57,67,28.14339256286621,27.777280807495117,2.3465049266815186,0.0,0.20000000298023224,1,33,3,3,401
16,57,68,28.14339256286621,27.777280807495117,2.3465049266815186,0.0,0.20000000298023224,1,33,3,3,409
16,57,69,28.14339256286621,27.777280807495117,2.3465049266815186,0.0,0.20000000298023224,1,33,3,3,421
16,57,70,27.940460205078125,27.80588150024414,2.3863627910614014,0.0,0.15000000596046448,1,33,3,3,425
16,57,71,28.086271286010742,27.77444839477539,2.3413496017456055,0.0,0.15000000596046448,1,33,3,3,437
16,57,72,27.883729934692383,27.80297088623047,2.3811309337615967,0.0,0.10000000149011612,1,33,3,3,441
16,57,73,28.029006958007812,27.77162742614746,2.336289644241333,0.0,0.10000000149011612,1,33,3,3,450
16,57,74,28.029006958007812,27.77162742614746,2.336289644241333,0.0,0.10000000149011612,1,33,3,3,460
16,57,75,28.029006958007812,27.77162742614746,2.336289644241333,0.0,0.10000000149011612,1,33,3,3,466
16,57,76,28.029006958007812,27.77162742614746,2.336289644241333,0.0,0.10000000149011612,1,33,4,2,477
16,57,77,28.029006958007812,27.77162742614746,2.336289644241333,0.0,0.10000000149011612,1,33,4,2,484
16,57,78,28.029006958007812,27.77162742614746,2.336289644241333,0.0,0.10000000149011612,1,33,5,1,496
16,57,79,27.826995849609375,27.800048828125,2.375983953475952,0.0,0.05000000074505806,1,33,5,1,509
16,57,80,27.770336151123047,27.797117233276367,2.3709373474121094,0.0,0.0,1,33,5,1,517
16,57,81,27.91438865661621,27.766014099121094,2.3265156745910645,0.0,0.0,1,33,5,1,526
16,57,82,27.91438865661621,27.766014099121094,2.3265156745910645,0.0,0.0,1,34,5,0,535
17,58,1,28.132909774780273,27.104772567749023,3.4482035636901855,0.10000000149011612,1.0,0,0,1,39,2
17,58,2,28.83346176147461,27.83022689819336,2.4397149085998535,0.10000000149011612,1.0,1,0,1,38,4
17,58,3,28.83346176147461,27.83022689819336,2.4397149085998535,0.10000000149011612,1.0,1,0,1,38,7
17,58,4,28.83346176147461,27.83022689819336,2.4397149085998535,0.10000000149011612,1.0,1,0,1,38,10
17,58,5,28.885112762451172,27.719757080078125,2.577442169189453,0.05000000074505806,1.0,1,1,1,37,12
17,58,6,28.906494140625,27.82667350769043,2.434173822402954,0.05000000074505806,1.0,2,1,1,36,12
17,58,7,28.906494140625,27.82667350769043,2.434173822402954,0.05000000074505806,1.0,3,2,1,34,15
17,58,8,28.906494140625,27.82667350769043,2.434173822402954,0.05000000074505806,1.0,3,2,1,34,18
17,58,9,28.95634651184082,27.716646194458008,2.5713422298431396,0.0,1.0,4,2,1,33,20
17,58,10,28.978116989135742,27.8231258392334,2.4286580085754395,0.0,1.0,4,3,1,32,22
17,58,11,28.978116989135742,27.8231258392334,2.4286580085754395,0.0,1.0,4,4,1,31,24
17,58,12,28.978116989135742,27.8231258392334,2.4286580085754395,0.0,1.0,4,4,1,31,27
17,58,13,28.978116989135742,27.8231258392334,2.4286580085754395,0.0,1.0,4,6,2,28,31
17,58,14,28.978116989135742,27.8231258392334,2.4286580085754395,0.0,1.0,4,7,2,27,34
17,58,15,28.978116989135742,27.8231258392334,2.4286580085754395,0.0,1.0,4,7,2,27,38
17,58,16,28.978116989135742,27.8231258392334,2.4286580085754395,0.0,1.0,4,7,2,27,42
17,58,17,28.78670310974121,27.85011863708496,2.468353509902954,0.0,0.949999988079071,4,7,2,27,45
17,58,18,28.932601928710938,27.82027816772461,2.424129009246826,0.0,0.949999988079071,4,7,2,27,50
17,58,19,28.739660263061523,27.847503662109375,2.4639103412628174,0.0,0.8999999761581421,4,8,2,26,55
17,58,20,28.886016845703125,27.81742286682129,2.4194657802581787,0.0,0.8999999761581421,4,9,2,25,60
17,58,21,28.691627502441406,27.84486961364746,2.459322929382324,0.0,0.8500000238418579,4,9,2,25,66
17,58,22,28.83838653564453,27.814558029174805,2.4146761894226074,0.0,0.8500000238418579,4,10,2,24,71
17,58,23,28.64263153076172,27.842212677001953,2.454598903656006,0.0,0.800000011920929,4,11,2,23,76
17,58,24,28.789737701416016,27.811689376831055,2.409769058227539,0.0,0.800000011920929,4,11,2,23,82
17,58,25,28.789737701416016,27.811689376831055,2.409769058227539,0.0,0.800000011920929,4,11,2,23,88
17,58,26,28.592710494995117,27.83953285217285,2.449747085571289,0.0,0.75,4,15,2,19,94
17,58,27,28.74009895324707,27.80881690979004,2.404754877090454,0.0,0.75,4,15,2,19,98
17,58,28,28.74009895324707,27.80881690979004,2.404754877090454,0.0,0.75,4,15,2,19,103
17,58,29,28.74009895324707,27.80881690979004,2.404754877090454,0.0,0.75,4,16,2,18,114
17,58,30,28.74009895324707,27.80881690979004,2.404754877090454,0.0,0.75,4,16,2,18,122
17,58,31,28.541898727416992,27.836833953857422,2.4447779655456543,0.0,0.699999988079071,4,17,2,17,130
17,58,32,28.689512252807617,27.805940628051758,2.3996448516845703,0.0,0.699999988079071,4,17,2,17,142
17,58,33,28.490245819091797,27.83411407470703,2.4397029876708984,0.0,0.6499999761581421,4,17,2,17,151
17,58,34,28.43779754638672,27.831375122070312,2.434535264968872,0.0,0.6000000238418579,4,17,2,17,158
17,58,35,28.585664749145508,27.80018424987793,2.3891892433166504,0.0,0.6000000238418579,4,18,2,16,168
17,58,36,28.585664749145508,27.80018424987793,2.3891892433166504,0.0,0.6000000238418579,4,18,2,16,177
17,58,37,28.585664749145508,27.80018424987793,2.3891892433166504,0.0,0.6000000238418579,4,19,2,15,186
17,58,38,28.585664749145508,27.80018424987793,2.3891892433166504,0.0,0.6000000238418579,4,20,2,14,197
17,58,39,28.384611129760742,27.82861328125,2.429287910461426,0.0,0.550000011920929,4,21,2,13,203
17,58,40,28.532506942749023,27.797306060791016,2.3838725090026855,0.0,0.550000011920929,4,21,2,13,212
17,58,41,28.532506942749023,27.797306060791016,2.3838725090026855,0.0,0.550000011920929,4,22,2,12,219
17,58,42,28.330745697021484,27.825834274291992,2.423976421356201,0.0,0.5,4,22,2,12,229
17,58,43,28.478605270385742,27.794431686401367,2.378516674041748,0.0,0.5,4,23,2,11,241
17,58,44,28.478605270385742,27.794431686401367,2.378516674041748,0.0,0.5,4,25,2,9,250
17,58,45,28.478605270385742,27.794431686401367,2.378516674041748,0.0,0.5,4,25,2,9,258
17,58,46,28.276264190673828,27.823036193847656,2.4186158180236816,0.0,0.44999998807907104,4,26,2,8,263
17,58,47,28.424020767211914,27.79155921936035,2.373138189315796,0.0,0.44999998807907104,4,27,2,7,275
17,58,48,28.221233367919922,27.820219039916992,2.4132227897644043,0.0,0.4000000059604645,4,27,2,7,285
17,58,49,28.368824005126953,27.7886905670166,2.3677542209625244,0.0,0.4000000059604645,4,27,2,7,296
17,58,50,28.368824005126953,27.7886905670166,2.3677542209625244,0.0,0.4000000059604645,4,27,2,7,302
17,58,51,28.165727615356445,27.8173828125,2.4078140258789062,0.0,0.3499999940395355,4,28,2,6,308
17,58,52,28.313085556030273,27.785829544067383,2.3623814582824707,0.0,0.3499999940395355,4,29,2,5,318
17,58,53,28.313085556030273,27.785829544067383,2.3623814582824707,0.0,0.3499999940395355,4,29,2,5,324
17,58,54,28.109819412231445,27.814531326293945,2.4024062156677246,0.0,0.30000001192092896,4,30,2,4,328
17,58,55,28.053585052490234,27.811662673950195,2.397017002105713,0.0,0.25,4,31,2,3,336
17,58,56,27.997106552124023,27.808778762817383,2.3916635513305664,0.0,0.20000000298023224,4,31,2,3,344
17,58,57,27.940460205078125,27.80588150024414,2.3863627910614014,0.0,0.15000000596046448,4,32,2,2,350
17,58,58,27.883729934692383,27.80297088623047,2.3811309337615967,0.0,0.10000000149011612,4,32,2,2,356
17,58,59,28.029006958007812,27.77162742614746,2.336289644241333,0.0,0.10000000149011612,4,32,2,2,363
17,58,60,28.029006958007812,27.77162742614746,2.336289644241333,0.0,0.10000000149011612,4,32,2,2,373
17,58,61,28.029006958007812,27.77162742614746,2.336289644241333,0.0,0.10000000149011612,4,32,2,2,380
17,58,62,28.029006958007812,27.77162742614746,2.336289644241333,0.0,0.10000000149011612,4,32,2,2,387
17,58,63,27.826995849609375,27.800048828125,2.375983953475952,0.0,0.05000000074505806,4,32,2,2,394
17,58,64,27.9716854095459,27.768814086914062,2.3313403129577637,0.0,0.05000000074505806,4,32,2,2,401
17,58,65,27.770336151123047,27.797117233276367,2.3709373474121094,0.0,0.0,4,32,2,2,409
17,58,66,27.91438865661621,27.766014099121094,2.3265156745910645,0.0,0.0,4,32,2,2,419
17,58,67,27.91438865661621,27.766014099121094,2.3265156745910645,0.0,0.0,4,32,2,2,425
17,58,68,27.91438865661621,27.766014099121094,2.3265156745910645,0.0,0.0,4,32,2,2,432
17,58,69,27.91438865661621,27.766014099121094,2.3265156745910645,0.0,0.0,4,32,2,2,439
17,58,70,27.91438865661621,27.766014099121094,2.3265156745910645,0.0,0.0,4,32,2,2,450
17,58,71,27.91438865661621,27.766014099121094,2.3265156745910645,0.0,0.0,4,32,2,2,459
17,58,72,27.91438865661621,27.766014099121094,2.3265156745910645,0.0,0.0,4,32,2,2,469
17,58,73,27.91438865661621,27.766014099121094,2.3265156745910645,0.0,0.0,4,32,2,2,476
17,58,74,27.91438865661621,27.766014099121094,2.3265156745910645,0.0,0.0,4,32,2,2,486
17,58,75,27.91438865661621,27.766014099121094,2.3265156745910645,0.0,0.0,4,32,2,2,501
17,58,76,27.91438865661621,27.766014099121094,2.3265156745910645,0.0,0.0,4,32,2,2,511
17,58,77,27.91438865661621,27.766014099121094,2.3265156745910645,0.0,0.0,4,32,2,2,523
17,58,78,27.91438865661621,27.766014099121094,2.3265156745910645,0.0,0.0,4,32,2,2,536
17,58,79,27.91438865661621,27.766014099121094,2.3265156745910645,0.0,0.0,4,32,3,1,543
17,58,80,27.91438865661621,27.766014099121094,2.3265156745910645,0.0,0.0,4,32,3,1,553
17,58,81,27.91438865661621,27.766014099121094,2.3265156745910645,0.0,0.0,4,32,4,0,560
18,59,1,28.066585540771484,27.108444213867188,3.4532198905944824,0.20000000298023224,1.0,0,0,0,40,1
18,59,2,28.683456420898438,27.83733367919922,2.450861692428589,0.20000000298023224,1.0,1,0,0,39,3
18,59,3,28.683456420898438,27.83733367919922,2.450861692428589,0.20000000298023224,1.0,1,0,0,39,5
18,59,4,28.73859405517578,27.726102828979492,2.5895774364471436,0.15000000596046448,1.0,1,1,0,38,6
18,59,5,28.812503814697266,27.722909927368164,2.583522319793701,0.10000000149011612,1.0,1,1,0,38,10
18,59,6,28.83346176147461,27.83022689819336,2.4397149085998535,0.10000000149011612,1.0,1,3,0,36,11
18,59,7,28.83346176147461,27.83022689819336,2.4397149085998535,0.10000000149011612,1.0,2,3,0,35,14
18,59,8,28.83346176147461,27.83022689819336,2.4397149085998535,0.10000000149011612,1.0,2,3,0,35,18
18,59,9,28.83346176147461,27.83022689819336,2.4397149085998535,0.10000000149011612,1.0,2,3,0,35,22
18,59,10,28.885112762451172,27.719757080078125,2.577442169189453,0.05000000074505806,1.0,2,3,0,35,23
18,59,11,28.906494140625,27.82667350769043,2.434173822402954,0.05000000074505806,1.0,2,5,0,33,26
18,59,12,28.95634651184082,27.716646194458008,2.5713422298431396,0.0,1.0,2,6,0,32,29
18,59,13,28.978116989135742,27.8231258392334,2.4286580085754395,0.0,1.0,2,6,0,32,35
18,59,14,28.978116989135742,27.8231258392334,2.4286580085754395,0.0,1.0,2,6,0,32,41
18,59,15,28.978116989135742,27.8231258392334,2.4286580085754395,0.0,1.0,2,6,0,32,48
18,59,16,28.978116989135742,27.8231258392334,2.4286580085754395,0.0,1.0,2,6,0,32,54
18,59,17,28.978116989135742,27.8231258392334,2.4286580085754395,0.0,1.0,3,8,1,28,58
18,59,18,28.78670310974121,27.85011863708496,2.468353509902954,0.0,0.949999988079071,3,8,1,28,66
18,59,19,28.932601928710938,27.82027816772461,2.424129009246826,0.0,0.949999988079071,3,9,1,27,69
18,59,20,28.932601928710938,27.82027816772461,2.424129009246826,0.0,0.949999988079071,3,12,1,24,72
18,59,21,28.932601928710938,27.82027816772461,2.424129009246826,0.0,0.949999988079071,3,12,1,24,81
18,59,22,28.739660263061523,27.847503662109375,2.4639103412628174,0.0,0.8999999761581421,3,12,2,23,88
18,59,23,28.886016845703125,27.81742286682129,2.4194657802581787,0.0,0.8999999761581421,3,12,2,23,92
18,59,24,28.886016845703125,27.81742286682129,2.4194657802581787,0.0,0.8999999761581421,3,12,2,23,93
18,59,25,28.886016845703125,27.81742286682129,2.4194657802581787,0.0,0.8999999761581421,3,12,2,23,96
18,59,26,28.691627502441406,27.84486961364746,2.459322929382324,0.0,0.8500000238418579,3,13,2,22,106
18,59,27,28.64263153076172,27.842212677001953,2.454598903656006,0.0,0.800000011920929,3,13,2,22,114
18,59,28,28.789737701416016,27.811689376831055,2.409769058227539,0.0,0.800000011920929,3,14,2,21,121
18,59,29,28.592710494995117,27.83953285217285,2.449747085571289,0.0,0.75,3,14,2,21,125
18,59,30,28.74009895324707,27.80881690979004,2.404754877090454,0.0,0.75,3,14,2,21,133
18,59,31,28.541898727416992,27.836833953857422,2.4447779655456543,0.0,0.699999988079071,3,14,2,21,139
18,59,32,28.689512252807617,27.805940628051758,2.3996448516845703,0.0,0.699999988079071,3,14,2,21,147
18,59,33,28.490245819091797,27.83411407470703,2.4397029876708984,0.0,0.6499999761581421,3,15,3,19,160
18,59,34,28.43779754638672,27.831375122070312,2.434535264968872,0.0,0.6000000238418579,3,16,3,18,168
18,59,35,28.384611129760742,27.82861328125,2.429287910461426,0.0,0.550000011920929,3,19,3,15,175
18,59,36,28.532506942749023,27.797306060791016,2.3838725090026855,0.0,0.550000011920929,3,19,3,15,182
18,59,37,28.330745697021484,27.825834274291992,2.423976421356201,0.0,0.5,3,19,3,15,189
18,59,38,28.276264190673828,27.823036193847656,2.4186158180236816,0.0,0.44999998807907104,3,19,3,15,198
18,59,39,28.221233367919922,27.820219039916992,2.4132227897644043,0.0,0.4000000059604645,3,20,3,14,213
18,59,40,28.368824005126953,27.7886905670166,2.3677542209625244,0.0,0.4000000059604645,3,20,3,14,225
18,59,41,28.368824005126953,27.7886905670166,2.3677542209625244,0.0,0.4000000059604645,3,20,3,14,235
18,59,42,28.368824005126953,27.7886905670166,2.3677542209625244,0.0,0.4000000059604645,3,21,3,13,244
18,59,43,28.165727615356445,27.8173828125,2.4078140258789062,0.0,0.3499999940395355,3,23,3,11,252
18,59,44,28.313085556030273,27.785829544067383,2.3623814582824707,0.0,0.3499999940395355,3,23,3,11,257
18,59,45,28.313085556030273,27.785829544067383,2.3623814582824707,0.0,0.3499999940395355,3,23,3,11,263
18,59,46,28.313085556030273,27.785829544067383,2.3623814582824707,0.0,0.3499999940395355,3,23,3,11,269
18,59,47,28.313085556030273,27.785829544067383,2.3623814582824707,0.0,0.3499999940395355,3,23,3,11,273
18,59,48,28.313085556030273,27.785829544067383,2.3623814582824707,0.0,0.3499999940395355,3,23,3,11,283
18,59,49,28.109819412231445,27.814531326293945,2.4024062156677246,0.0,0.30000001192092896,3,23,3,11,294
18,59,50,28.256881713867188,27.78297233581543,2.3570375442504883,0.0,0.30000001192092896,3,24,3,10,306
18,59,51,28.256881713867188,27.78297233581543,2.3570375442504883,0.0,0.30000001192092896,3,24,3,10,313
18,59,52,28.256881713867188,27.78297233581543,2.3570375442504883,0.0,0.30000001192092896,3,24,3,10,323
18,59,53,28.256881713867188,27.78297233581543,2.3570375442504883,0.0,0.30000001192092896,3,26,3,8,331
18,59,54,28.256881713867188,27.78297233581543,2.3570375442504883,0.0,0.30000001192092896,3,26,3,8,339
18,59,55,28.256881713867188,27.78297233581543,2.3570375442504883,0.0,0.30000001192092896,3,26,3,8,350
18,59,56,28.256881713867188,27.78297233581543,2.3570375442504883,0.0,0.30000001192092896,3,26,3,8,361
18,59,57,28.053585052490234,27.811662673950195,2.397017002105713,0.0,0.25,3,26,3,8,370
18,59,58,28.20029067993164,27.780122756958008,2.3517396450042725,0.0,0.25,3,26,3,8,379
18,59,59,28.20029067993164,27.780122756958008,2.3517396450042725,0.0,0.25,3,27,3,7,390
18,59,60,28.20029067993164,27.780122756958008,2.3517396450042725,0.0,0.25,3,28,3,6,399
18,59,61,27.997106552124023,27.808778762817383,2.3916635513305664,0.0,0.20000000298023224,3,28,3,6,410
18,59,62,28.14339256286621,27.777280807495117,2.3465049266815186,0.0,0.20000000298023224,3,28,3,6,419
18,59,63,28.14339256286621,27.777280807495117,2.3465049266815186,0.0,0.20000000298023224,3,28,3,6,425
18,59,64,28.14339256286621,27.777280807495117,2.3465049266815186,0.0,0.20000000298023224,3,28,3,6,433
18,59,65,27.940460205078125,27.80588150024414,2.3863627910614014,0.0,0.15000000596046448,3,30,3,4,445
18,59,66,28.086271286010742,27.77444839477539,2.3413496017456055,0.0,0.15000000596046448,3,30,4,3,456
18,59,67,27.883729934692383,27.80297088623047,2.3811309337615967,0.0,0.10000000149011612,3,30,4,3,466
18,59,68,27.826995849609375,27.800048828125,2.375983953475952,0.0,0.05000000074505806,3,30,4,3,478
18,59,69,27.9716854095459,27.768814086914062,2.3313403129577637,0.0,0.05000000074505806,3,30,6,1,492
18,59,70,27.9716854095459,27.768814086914062,2.3313403129577637,0.0,0.05000000074505806,3,30,6,1,503
18,59,71,27.9716854095459,27.768814086914062,2.3313403129577637,0.0,0.05000000074505806,3,30,6,1,514
18,59,72,27.770336151123047,27.797117233276367,2.3709373474121094,0.0,0.0,3,30,6,1,524
18,59,73,27.91438865661621,27.766014099121094,2.3265156745910645,0.0,0.0,3,30,6,1,531
18,59,74,27.91438865661621,27.766014099121094,2.3265156745910645,0.0,0.0,3,30,6,1,544
18,59,75,27.91438865661621,27.766014099121094,2.3265156745910645,0.0,0.0,3,30,6,1,552
18,59,76,27.91438865661621,27.766014099121094,2.3265156745910645,0.0,0.0,3,30,6,1,566
18,59,77,27.91438865661621,27.766014099121094,2.3265156745910645,0.0,0.0,3,30,6,1,574
18,59,78,27.91438865661621,27.766014099121094,2.3265156745910645,0.0,0.0,3,31,6,0,587
19,60,1,28.03417205810547,27.12654685974121,3.4387741088867188,0.30000001192092896,1.0,0,0,0,40,3
19,60,2,28.587200164794922,27.732587814331055,2.6015894412994385,0.25,1.0,0,1,0,39,3
19,60,3,28.606657028198242,27.84087371826172,2.4564614295959473,0.25,1.0,0,2,0,38,5
19,60,4,28.663463592529297,27.72933006286621,2.5956015586853027,0.20000000298023224,1.0,0,2,0,38,7
19,60,5,28.73859405517578,27.726102828979492,2.5895774364471436,0.15000000596046448,1.0,0,2,1,37,9
19,60,6,28.812503814697266,27.722909927368164,2.583522319793701,0.10000000149011612,1.0,1,4,1,34,12
19,60,7,28.885112762451172,27.719757080078125,2.577442169189453,0.05000000074505806,1.0,2,4,1,33,15
19,60,8,28.95634651184082,27.716646194458008,2.5713422298431396,0.0,1.0,2,4,1,33,19
19,60,9,28.78670310974121,27.85011863708496,2.468353509902954,0.0,0.949999988079071,2,5,1,32,20
19,60,10,28.932601928710938,27.82027816772461,2.424129009246826,0.0,0.949999988079071,3,5,1,31,22
19,60,11,28.932601928710938,27.82027816772461,2.424129009246826,0.0,0.949999988079071,4,6,1,29,25
19,60,12,28.932601928710938,27.82027816772461,2.424129009246826,0.0,0.949999988079071,4,6,2,28,28
19,60,13,28.932601928710938,27.82027816772461,2.424129009246826,0.0,0.949999988079071,4,7,4,25,33
19,60,14,28.932601928710938,27.82027816772461,2.424129009246826,0.0,0.949999988079071,5,7,4,24,34
19,60,15,28.932601928710938,27.82027816772461,2.424129009246826,0.0,0.949999988079071,5,7,4,24,35
19,60,16,28.932601928710938,27.82027816772461,2.424129009246826,0.0,0.949999988079071,5,7,4,24,40
19,60,17,28.739660263061523,27.847503662109375,2.4639103412628174,0.0,0.8999999761581421,5,10,4,21,44
19,60,18,28.886016845703125,27.81742286682129,2.4194657802581787,0.0,0.8999999761581421,5,10,4,21,48
19,60,19,28.886016845703125,27.81742286682129,2.4194657802581787,0.0,0.8999999761581421,5,11,4,20,52
19,60,20,28.886016845703125,27.81742286682129,2.4194657802581787,0.0,0.8999999761581421,5,11,5,19,57
19,60,21,28.691627502441406,27.84486961364746,2.459322929382324,0.0,0.8500000238418579,5,11,5,19,64
19,60,22,28.83838653564453,27.814558029174805,2.4146761894226074,0.0,0.8500000238418579,5,11,5,19,76
19,60,23,28.83838653564453,27.814558029174805,2.4146761894226074,0.0,0.8500000238418579,5,12,5,18,81
19,60,24,28.64263153076172,27.842212677001953,2.454598903656006,0.0,0.800000011920929,5,12,5,18,86
19,60,25,28.789737701416016,27.811689376831055,2.409769058227539,0.0,0.800000011920929,5,13,5,17,90
19,60,26,28.789737701416016,27.811689376831055,2.409769058227539,0.0,0.800000011920929,5,13,5,17,96
19,60,27,28.789737701416016,27.811689376831055,2.409769058227539,0.0,0.800000011920929,5,13,5,17,101
19,60,28,28.592710494995117,27.83953285217285,2.449747085571289,0.0,0.75,5,14,5,16,105
19,60,29,28.74009895324707,27.80881690979004,2.404754877090454,0.0,0.75,5,14,5,16,108
19,60,30,28.74009895324707,27.80881690979004,2.404754877090454,0.0,0.75,5,14,5,16,114
19,60,31,28.541898727416992,27.836833953857422,2.4447779655456543,0.0,0.699999988079071,5,14,5,16,119
19,60,32,28.689512252807617,27.805940628051758,2.3996448516845703,0.0,0.699999988079071,5,15,5,15,123
19,60,33,28.689512252807617,27.805940628051758,2.3996448516845703,0.0,0.699999988079071,5,16,5,14,132
19,60,34,28.490245819091797,27.83411407470703,2.4397029876708984,0.0,0.6499999761581421,5,16,6,13,143
19,60,35,28.638017654418945,27.803062438964844,2.394451856613159,0.0,0.6499999761581421,5,16,6,13,158
19,60,36,28.43779754638672,27.831375122070312,2.434535264968872,0.0,0.6000000238418579,5,16,6,13,167
19,60,37,28.585664749145508,27.80018424987793,2.3891892433166504,0.0,0.6000000238418579,5,16,6,13,181
19,60,38,28.384611129760742,27.82861328125,2.429287910461426,0.0,0.550000011920929,5,16,6,13,193
19,60,39,28.532506942749023,27.797306060791016,2.3838725090026855,0.0,0.550000011920929,5,17,6,12,202
19,60,40,28.532506942749023,27.797306060791016,2.3838725090026855,0.0,0.550000011920929,5,17,6,12,212
19,60,41,28.532506942749023,27.797306060791016,2.3838725090026855,0.0,0.550000011920929,5,19,6,10,217
19,60,42,28.532506942749023,27.797306060791016,2.3838725090026855,0.0,0.550000011920929,5,19,6,10,228
19,60,43,28.330745697021484,27.825834274291992,2.423976421356201,0.0,0.5,5,21,6,8,239
19,60,44,28.478605270385742,27.794431686401367,2.378516674041748,0.0,0.5,5,21,6,8,250
19,60,45,28.276264190673828,27.823036193847656,2.4186158180236816,0.0,0.44999998807907104,5,21,6,8,256
19,60,46,28.424020767211914,27.79155921936035,2.373138189315796,0.0,0.44999998807907104,5,22,6,7,262
19,60,47,28.424020767211914,27.79155921936035,2.373138189315796,0.0,0.44999998807907104,5,22,6,7,269
19,60,48,28.424020767211914,27.79155921936035,2.373138189315796,0.0,0.44999998807907104,5,22,6,7,276
19,60,49,28.424020767211914,27.79155921936035,2.373138189315796,0.0,0.44999998807907104,5,22,6,7,285
19,60,50,28.221233367919922,27.820219039916992,2.4132227897644043,0.0,0.4000000059604645,5,24,6,5,288
19,60,51,28.368824005126953,27.7886905670166,2.3677542209625244,0.0,0.4000000059604645,5,24,6,5,295
19,60,52,28.368824005126953,27.7886905670166,2.3677542209625244,0.0,0.4000000059604645,5,24,6,5,306
19,60,53,28.368824005126953,27.7886905670166,2.3677542209625244,0.0,0.4000000059604645,5,24,7,4,313
19,60,54,28.165727615356445,27.8173828125,2.4078140258789062,0.0,0.3499999940395355,5,24,7,4,322
19,60,55,28.109819412231445,27.814531326293945,2.4024062156677246,0.0,0.30000001192092896,5,24,7,4,333
19,60,56,28.256881713867188,27.78297233581543,2.3570375442504883,0.0,0.30000001192092896,5,25,7,3,340
19,60,57,28.053585052490234,27.811662673950195,2.397017002105713,0.0,0.25,5,25,7,3,350
19,60,58,27.997106552124023,27.808778762817383,2.3916635513305664,0.0,0.20000000298023224,5,25,7,3,356
19,60,59,28.14339256286621,27.777280807495117,2.3465049266815186,0.0,0.20000000298023224,5,25,7,3,361
19,60,60,27.940460205078125,27.80588150024414,2.3863627910614014,0.0,0.15000000596046448,5,25,7,3,370
19,60,61,28.086271286010742,27.77444839477539,2.3413496017456055,0.0,0.15000000596046448,5,25,7,3,375
19,60,62,27.883729934692383,27.80297088623047,2.3811309337615967,0.0,0.10000000149011612,5,25,7,3,386
19,60,63,28.029006958007812,27.77162742614746,2.336289644241333,0.0,0.10000000149011612,5,25,7,3,397
19,60,64,28.029006958007812,27.77162742614746,2.336289644241333,0.0,0.10000000149011612,5,25,7,3,411
19,60,65,28.029006958007812,27.77162742614746,2.336289644241333,0.0,0.10000000149011612,5,25,7,3,424
19,60,66,27.826995849609375,27.800048828125,2.375983953475952,0.0,0.05000000074505806,5,25,8,2,435
19,60,67,27.9716854095459,27.768814086914062,2.3313403129577637,0.0,0.05000000074505806,5,25,8,2,448
19,60,68,27.770336151123047,27.797117233276367,2.3709373474121094,0.0,0.0,5,25,8,2,453
19,60,69,27.91438865661621,27.766014099121094,2.3265156745910645,0.0,0.0,5,25,8,2,466
19,60,70,27.91438865661621,27.766014099121094,2.3265156745910645,0.0,0.0,5,25,8,2,476
19,60,71,27.91438865661621,27.766014099121094,2.3265156745910645,0.0,0.0,5,25,8,2,486
19,60,72,27.91438865661621,27.766014099121094,2.3265156745910645,0.0,0.0,5,25,8,2,498
19,60,73,27.91438865661621,27.766014099121094,2.3265156745910645,0.0,0.0,5,25,8,2,509
19,60,74,27.91438865661621,27.766014099121094,2.3265156745910645,0.0,0.0,5,25,8,2,520
19,60,75,27.91438865661621,27.766014099121094,2.3265156745910645,0.0,0.0,5,25,8,2,531
19,60,76,27.91438865661621,27.766014099121094,2.3265156745910645,0.0,0.0,5,25,8,2,542
19,60,77,27.91438865661621,27.766014099121094,2.3265156745910645,0.0,0.0,5,25,8,2,554
19,60,78,27.91438865661621,27.766014099121094,2.3265156745910645,0.0,0.0,5,25,8,2,562
19,60,79,27.91438865661621,27.766014099121094,2.3265156745910645,0.0,0.0,5,25,8,2,570
19,60,80,27.91438865661621,27.766014099121094,2.3265156745910645,0.0,0.0,5,25,9,1,576
19,60,81,27.91438865661621,27.766014099121094,2.3265156745910645,0.0,0.0,5,25,10,0,585
20,61,1,28.09886932373047,27.106313705444336,3.451124668121338,0.15000000596046448,1.0,0,0,0,40,3
20,61,2,28.812503814697266,27.722909927368164,2.583522319793701,0.10000000149011612,1.0,0,0,0,40,3
20,61,3,28.83346176147461,27.83022689819336,2.4397149085998535,0.10000000149011612,1.0,0,0,0,40,5
20,61,4,28.83346176147461,27.83022689819336,2.4397149085998535,0.10000000149011612,1.0,0,0,0,40,6
20,61,5,28.83346176147461,27.83022689819336,2.4397149085998535,0.10000000149011612,1.0,0,0,0,40,6
20,61,6,28.83346176147461,27.83022689819336,2.4397149085998535,0.10000000149011612,1.0,0,1,0,39,7
20,61,7,28.83346176147461,27.83022689819336,2.4397149085998535,0.10000000149011612,1.0,1,1,0,38,9
20,61,8,28.83346176147461,27.83022689819336,2.4397149085998535,0.10000000149011612,1.0,1,2,0,37,12
20,61,9,28.83346176147461,27.83022689819336,2.4397149085998535,0.10000000149011612,1.0,1,3,0,36,18
20,61,10,28.639568328857422,27.857370376586914,2.4794905185699463,0.10000000149011612,0.949999988079071,1,3,0,36,20
20,61,11,28.786277770996094,27.8273868560791,2.4351675510406494,0.10000000149011612,0.949999988079071,1,4,0,35,25
20,61,12,28.83929443359375,27.716476440429688,2.573575973510742,0.05000000074505806,0.949999988079071,1,4,0,35,29
20,61,13,28.665937423706055,27.851137161254883,2.4694716930389404,0.05000000074505806,0.8999999761581421,1,4,0,35,32
20,61,14,28.617103576660156,27.84850311279297,2.4648780822753906,0.05000000074505806,0.8500000238418579,2,4,0,34,36
20,61,15,28.56732749938965,27.84584617614746,2.460146188735962,0.05000000074505806,0.800000011920929,2,4,0,34,41
20,61,16,28.51664924621582,27.84316635131836,2.45528507232666,0.05000000074505806,0.75,2,4,0,34,46
20,61,17,28.72101402282715,27.700428009033203,2.550445318222046,0.0,0.75,2,5,0,33,54
20,61,18,28.541898727416992,27.836833953857422,2.4447779655456543,0.0,0.699999988079071,2,5,0,33,60
20,61,19,28.689512252807617,27.805940628051758,2.3996448516845703,0.0,0.699999988079071,2,7,0,31,62
20,61,20,28.689512252807617,27.805940628051758,2.3996448516845703,0.0,0.699999988079071,2,10,0,28,69
20,61,21,28.490245819091797,27.83411407470703,2.4397029876708984,0.0,0.6499999761581421,2,10,0,28,76
20,61,22,28.638017654418945,27.803062438964844,2.394451856613159,0.0,0.6499999761581421,2,10,0,28,85
20,61,23,28.43779754638672,27.831375122070312,2.434535264968872,0.0,0.6000000238418579,2,10,0,28,91
20,61,24,28.384611129760742,27.82861328125,2.429287910461426,0.0,0.550000011920929,2,11,0,27,103
20,61,25,28.532506942749023,27.797306060791016,2.3838725090026855,0.0,0.550000011920929,2,12,0,26,107
20,61,26,28.532506942749023,27.797306060791016,2.3838725090026855,0.0,0.550000011920929,2,12,0,26,115
20,61,27,28.532506942749023,27.797306060791016,2.3838725090026855,0.0,0.550000011920929,2,12,0,26,121
20,61,28,28.532506942749023,27.797306060791016,2.3838725090026855,0.0,0.550000011920929,2,12,0,26,128
20,61,29,28.330745697021484,27.825834274291992,2.423976421356201,0.0,0.5,2,13,0,25,142
20,61,30,28.478605270385742,27.794431686401367,2.378516674041748,0.0,0.5,2,13,0,25,147
20,61,31,28.276264190673828,27.823036193847656,2.4186158180236816,0.0,0.44999998807907104,2,14,0,24,156
20,61,32,28.221233367919922,27.820219039916992,2.4132227897644043,0.0,0.4000000059604645,2,15,0,23,167
20,61,33,28.165727615356445,27.8173828125,2.4078140258789062,0.0,0.3499999940395355,2,15,0,23,177
20,61,34,28.313085556030273,27.785829544067383,2.3623814582824707,0.0,0.3499999940395355,2,15,0,23,181
20,61,35,28.109819412231445,27.814531326293945,2.4024062156677246,0.0,0.30000001192092896,2,17,0,21,186
20,61,36,28.053585052490234,27.811662673950195,2.397017002105713,0.0,0.25,2,17,0,21,197
20,61,37,27.997106552124023,27.808778762817383,2.3916635513305664,0.0,0.20000000298023224,2,18,0,20,210
20,61,38,28.14339256286621,27.777280807495117,2.3465049266815186,0.0,0.20000000298023224,2,19,0,19,226
20,61,39,28.14339256286621,27.777280807495117,2.3465049266815186,0.0,0.20000000298023224,2,20,0,18,235
20,61,40,28.14339256286621,27.777280807495117,2.3465049266815186,0.0,0.20000000298023224,2,21,2,15,243
20,61,41,28.14339256286621,27.777280807495117,2.3465049266815186,0.0,0.20000000298023224,2,21,2,15,259
20,61,42,27.940460205078125,27.80588150024414,2.3863627910614014,0.0,0.15000000596046448,2,22,2,14,268
20,61,43,28.086271286010742,27.77444839477539,2.3413496017456055,0.0,0.15000000596046448,2,22,2,14,277
20,61,44,28.086271286010742,27.77444839477539,2.3413496017456055,0.0,0.15000000596046448,2,24,3,11,288
20,61,45,28.086271286010742,27.77444839477539,2.3413496017456055,0.0,0.15000000596046448,2,26,3,9,297
20,61,46,27.883729934692383,27.80297088623047,2.3811309337615967,0.0,0.10000000149011612,2,27,3,8,308
20,61,47,28.029006958007812,27.77162742614746,2.336289644241333,0.0,0.10000000149011612,2,28,3,7,313
20,61,48,28.029006958007812,27.77162742614746,2.336289644241333,0.0,0.10000000149011612,2,28,3,7,325
20,61,49,28.029006958007812,27.77162742614746,2.336289644241333,0.0,0.10000000149011612,2,28,3,7,337
20,61,50,27.826995849609375,27.800048828125,2.375983953475952,0.0,0.05000000074505806,2,28,3,7,350
20,61,51,27.9716854095459,27.768814086914062,2.3313403129577637,0.0,0.05000000074505806,2,29,3,6,359
20,61,52,27.9716854095459,27.768814086914062,2.3313403129577637,0.0,0.05000000074505806,2,29,3,6,369
20,61,53,27.9716854095459,27.768814086914062,2.3313403129577637,0.0,0.05000000074505806,2,29,4,5,378
20,61,54,27.9716854095459,27.768814086914062,2.3313403129577637,0.0,0.05000000074505806,2,29,5,4,387
20,61,55,27.9716854095459,27.768814086914062,2.3313403129577637,0.0,0.05000000074505806,2,29,6,3,404
20,61,56,27.770336151123047,27.797117233276367,2.3709373474121094,0.0,0.0,2,29,6,3,412
20,61,57,27.91438865661621,27.766014099121094,2.3265156745910645,0.0,0.0,2,29,6,3,431
20,61,58,27.91438865661621,27.766014099121094,2.3265156745910645,0.0,0.0,2,29,6,3,445
20,61,59,27.91438865661621,27.766014099121094,2.3265156745910645,0.0,0.0,2,30,6,2,460
20,61,60,27.91438865661621,27.766014099121094,2.3265156745910645,0.0,0.0,2,30,6,2,469
20,61,61,27.91438865661621,27.766014099121094,2.3265156745910645,0.0,0.0,2,30,6,2,483
20,61,62,27.91438865661621,27.766014099121094,2.3265156745910645,0.0,0.0,2,30,6,2,497
20,61,63,27.91438865661621,27.766014099121094,2.3265156745910645,0.0,0.0,2,30,7,1,512
20,61,64,27.91438865661621,27.766014099121094,2.3265156745910645,0.0,0.0,2,30,7,1,519
20,61,65,27.91438865661621,27.766014099121094,2.3265156745910645,0.0,0.0,2,30,7,1,531
20,61,66,27.91438865661621,27.766014099121094,2.3265156745910645,0.0,0.0,2,30,7,1,541
20,61,67,27.91438865661621,27.766014099121094,2.3265156745910645,0.0,0.0,2,30,7,1,550
20,61,68,27.91438865661621,27.766014099121094,2.3265156745910645,0.0,0.0,2,30,7,1,563
20,61,69,27.91438865661621,27.766014099121094,2.3265156745910645,0.0,0.0,2,30,7,1,572
20,61,70,27.91438865661621,27.766014099121094,2.3265156745910645,0.0,0.0,2,30,7,1,580
20,61,71,27.91438865661621,27.766014099121094,2.3265156745910645,0.0,0.0,2,30,7,1,588
20,61,72,27.91438865661621,27.766014099121094,2.3265156745910645,0.0,0.0,2,30,7,1,597
20,61,73,27.91438865661621,27.766014099121094,2.3265156745910645,0.0,0.0,2,30,7,1,605
20,61,74,27.91438865661621,27.766014099121094,2.3265156745910645,0.0,0.0,2,30,7,1,609
20,61,75,27.91438865661621,27.766014099121094,2.3265156745910645,0.0,0.0,2,30,7,1,615
20,61,76,27.91438865661621,27.766014099121094,2.3265156745910645,0.0,0.0,2,30,7,1,619
20,61,77,27.91438865661621,27.766014099121094,2.3265156745910645,0.0,0.0,2,30,7,1,627
20,61,78,27.91438865661621,27.766014099121094,2.3265156745910645,0.0,0.0,2,30,7,1,628
20,61,79,27.91438865661621,27.766014099121094,2.3265156745910645,0.0,0.0,2,30,7,1,631
20,61,80,27.91438865661621,27.766014099121094,2.3265156745910645,0.0,0.0,2,30,7,1,635
20,61,81,27.91438865661621,27.766014099121094,2.3265156745910645,0.0,0.0,2,30,7,1,637
20,61,82,27.91438865661621,27.766014099121094,2.3265156745910645,0.0,0.0,2,30,7,1,640
20,61,83,27.91438865661621,27.766014099121094,2.3265156745910645,0.0,0.0,2,30,7,1,644
20,61,84,27.91438865661621,27.766014099121094,2.3265156745910645,0.0,0.0,2,30,7,1,647
20,61,85,27.91438865661621,27.766014099121094,2.3265156745910645,0.0,0.0,2,30,7,1,652
20,61,86,27.91438865661621,27.766014099121094,2.3265156745910645,0.0,0.0,2,30,7,1,655
20,61,87,27.91438865661621,27.766014099121094,2.3265156745910645,0.0,0.0,2,30,7,1,657
20,61,88,27.91438865661621,27.766014099121094,2.3265156745910645,0.0,0.0,2,30,7,1,661
20,61,89,27.91438865661621,27.766014099121094,2.3265156745910645,0.0,0.0,2,30,7,1,666
20,61,90,27.91438865661621,27.766014099121094,2.3265156745910645,0.0,0.0,2,30,7,1,668
20,61,91,27.91438865661621,27.766014099121094,2.3265156745910645,0.0,0.0,2,30,7,1,672
20,61,92,27.91438865661621,27.766014099121094,2.3265156745910645,0.0,0.0,2,30,7,1,677
20,61,93,27.91438865661621,27.766014099121094,2.3265156745910645,0.0,0.0,2,30,7,1,683
20,61,94,27.91438865661621,27.766014099121094,2.3265156745910645,0.0,0.0,2,30,7,1,687
20,61,95,27.91438865661621,27.766014099121094,2.3265156745910645,0.0,0.0,2,30,7,1,692
20,61,96,27.91438865661621,27.766014099121094,2.3265156745910645,0.0,0.0,2,30,7,1,699
20,61,97,27.91438865661621,27.766014099121094,2.3265156745910645,0.0,0.0,2,30,8,0,704
21,62,1,28.066585540771484,27.108444213867188,3.4532198905944824,0.20000000298023224,1.0,0,0,0,40,1
21,62,2,28.683456420898438,27.83733367919922,2.450861692428589,0.20000000298023224,1.0,0,2,0,38,2
21,62,3,28.683456420898438,27.83733367919922,2.450861692428589,0.20000000298023224,1.0,1,2,0,37,3
21,62,4,28.683456420898438,27.83733367919922,2.450861692428589,0.20000000298023224,1.0,1,2,0,37,5
21,62,5,28.683456420898438,27.83733367919922,2.450861692428589,0.20000000298023224,1.0,1,3,0,36,5
21,62,6,28.683456420898438,27.83733367919922,2.450861692428589,0.20000000298023224,1.0,1,3,0,36,6
21,62,7,28.683456420898438,27.83733367919922,2.450861692428589,0.20000000298023224,1.0,1,4,0,35,7
21,62,8,28.73859405517578,27.726102828979492,2.5895774364471436,0.15000000596046448,1.0,1,5,0,34,9
21,62,9,28.75908851623535,27.833782196044922,2.4452786445617676,0.15000000596046448,1.0,1,5,0,34,13
21,62,10,28.812503814697266,27.722909927368164,2.583522319793701,0.10000000149011612,1.0,1,5,0,34,16
21,62,11,28.83346176147461,27.83022689819336,2.4397149085998535,0.10000000149011612,1.0,1,5,0,34,18
21,62,12,28.639568328857422,27.857370376586914,2.4794905185699463,0.10000000149011612,0.949999988079071,1,5,0,34,19
21,62,13,28.83929443359375,27.716476440429688,2.573575973510742,0.05000000074505806,0.949999988079071,1,6,0,33,23
21,62,14,28.86014175415039,27.823827743530273,2.429635524749756,0.05000000074505806,0.949999988079071,1,6,0,33,28
21,62,15,28.665937423706055,27.851137161254883,2.4694716930389404,0.05000000074505806,0.8999999761581421,1,6,0,33,29
21,62,16,28.617103576660156,27.84850311279297,2.4648780822753906,0.05000000074505806,0.8500000238418579,1,7,0,32,30
21,62,17,28.764301300048828,27.8181095123291,2.420158624649048,0.05000000074505806,0.8500000238418579,1,8,0,31,33
21,62,18,28.62384605407715,27.73406219482422,2.5994303226470947,0.0,0.800000011920929,1,9,0,30,36
21,62,19,28.789737701416016,27.811689376831055,2.409769058227539,0.0,0.800000011920929,1,9,0,30,41
21,62,20,28.789737701416016,27.811689376831055,2.409769058227539,0.0,0.800000011920929,1,10,0,29,48
21,62,21,28.789737701416016,27.811689376831055,2.409769058227539,0.0,0.800000011920929,1,10,0,29,50
21,62,22,28.789737701416016,27.811689376831055,2.409769058227539,0.0,0.800000011920929,1,11,0,28,59
21,62,23,28.592710494995117,27.83953285217285,2.449747085571289,0.0,0.75,1,12,0,27,65
21,62,24,28.74009895324707,27.80881690979004,2.404754877090454,0.0,0.75,1,13,0,26,69
21,62,25,28.74009895324707,27.80881690979004,2.404754877090454,0.0,0.75,1,14,0,25,80
21,62,26,28.541898727416992,27.836833953857422,2.4447779655456543,0.0,0.699999988079071,1,14,0,25,85
21,62,27,28.689512252807617,27.805940628051758,2.3996448516845703,0.0,0.699999988079071,1,14,1,24,94
21,62,28,28.490245819091797,27.83411407470703,2.4397029876708984,0.0,0.6499999761581421,1,14,1,24,106
21,62,29,28.43779754638672,27.831375122070312,2.434535264968872,0.0,0.6000000238418579,1,14,1,24,115
21,62,30,28.384611129760742,27.82861328125,2.429287910461426,0.0,0.550000011920929,1,15,1,23,124
21,62,31,28.532506942749023,27.797306060791016,2.3838725090026855,0.0,0.550000011920929,1,16,1,22,129
21,62,32,28.532506942749023,27.797306060791016,2.3838725090026855,0.0,0.550000011920929,1,18,1,20,140
21,62,33,28.532506942749023,27.797306060791016,2.3838725090026855,0.0,0.550000011920929,1,18,1,20,149
21,62,34,28.532506942749023,27.797306060791016,2.3838725090026855,0.0,0.550000011920929,1,18,1,20,155
21,62,35,28.330745697021484,27.825834274291992,2.423976421356201,0.0,0.5,1,18,1,20,167
21,62,36,28.478605270385742,27.794431686401367,2.378516674041748,0.0,0.5,1,18,1,20,174
21,62,37,28.478605270385742,27.794431686401367,2.378516674041748,0.0,0.5,1,18,1,20,189
21,62,38,28.276264190673828,27.823036193847656,2.4186158180236816,0.0,0.44999998807907104,1,19,1,19,199
21,62,39,28.221233367919922,27.820219039916992,2.4132227897644043,0.0,0.4000000059604645,1,19,1,19,214
21,62,40,28.368824005126953,27.7886905670166,2.3677542209625244,0.0,0.4000000059604645,1,20,1,18,231
21,62,41,28.165727615356445,27.8173828125,2.4078140258789062,0.0,0.3499999940395355,1,20,1,18,242
21,62,42,28.313085556030273,27.785829544067383,2.3623814582824707,0.0,0.3499999940395355,1,20,1,18,252
21,62,43,28.313085556030273,27.785829544067383,2.3623814582824707,0.0,0.3499999940395355,1,21,1,17,260
21,62,44,28.109819412231445,27.814531326293945,2.4024062156677246,0.0,0.30000001192092896,1,22,1,16,267
21,62,45,28.256881713867188,27.78297233581543,2.3570375442504883,0.0,0.30000001192092896,1,24,1,14,273
21,62,46,28.256881713867188,27.78297233581543,2.3570375442504883,0.0,0.30000001192092896,1,25,1,13,278
21,62,47,28.256881713867188,27.78297233581543,2.3570375442504883,0.0,0.30000001192092896,1,27,2,10,291
21,62,48,28.256881713867188,27.78297233581543,2.3570375442504883,0.0,0.30000001192092896,1,27,2,10,305
21,62,49,28.053585052490234,27.811662673950195,2.397017002105713,0.0,0.25,1,28,2,9,318
21,62,50,27.997106552124023,27.808778762817383,2.3916635513305664,0.0,0.20000000298023224,1,28,2,9,329
21,62,51,27.940460205078125,27.80588150024414,2.3863627910614014,0.0,0.15000000596046448,1,28,2,9,342
21,62,52,27.883729934692383,27.80297088623047,2.3811309337615967,0.0,0.10000000149011612,1,28,2,9,352
21,62,53,28.029006958007812,27.77162742614746,2.336289644241333,0.0,0.10000000149011612,1,28,2,9,363
21,62,54,28.029006958007812,27.77162742614746,2.336289644241333,0.0,0.10000000149011612,1,28,2,9,373
21,62,55,28.029006958007812,27.77162742614746,2.336289644241333,0.0,0.10000000149011612,1,28,2,9,383
21,62,56,27.826995849609375,27.800048828125,2.375983953475952,0.0,0.05000000074505806,1,28,2,9,391
21,62,57,27.9716854095459,27.768814086914062,2.3313403129577637,0.0,0.05000000074505806,1,28,2,9,400
21,62,58,27.9716854095459,27.768814086914062,2.3313403129577637,0.0,0.05000000074505806,1,28,2,9,408
21,62,59,27.9716854095459,27.768814086914062,2.3313403129577637,0.0,0.05000000074505806,1,28,2,9,413
21,62,60,27.9716854095459,27.768814086914062,2.3313403129577637,0.0,0.05000000074505806,1,28,2,9,424
21,62,61,27.9716854095459,27.768814086914062,2.3313403129577637,0.0,0.05000000074505806,1,29,2,8,433
21,62,62,27.770336151123047,27.797117233276367,2.3709373474121094,0.0,0.0,1,29,2,8,443
21,62,63,27.91438865661621,27.766014099121094,2.3265156745910645,0.0,0.0,1,29,2,8,453
21,62,64,27.91438865661621,27.766014099121094,2.3265156745910645,0.0,0.0,1,29,2,8,463
21,62,65,27.91438865661621,27.766014099121094,2.3265156745910645,0.0,0.0,1,29,4,6,474
21,62,66,27.91438865661621,27.766014099121094,2.3265156745910645,0.0,0.0,1,29,4,6,484
21,62,67,27.91438865661621,27.766014099121094,2.3265156745910645,0.0,0.0,1,29,4,6,494
21,62,68,27.91438865661621,27.766014099121094,2.3265156745910645,0.0,0.0,1,29,5,5,502
21,62,69,27.91438865661621,27.766014099121094,2.3265156745910645,0.0,0.0,1,29,5,5,509
21,62,70,27.91438865661621,27.766014099121094,2.3265156745910645,0.0,0.0,1,29,5,5,517
21,62,71,27.91438865661621,27.766014099121094,2.3265156745910645,0.0,0.0,1,29,5,5,527
21,62,72,27.91438865661621,27.766014099121094,2.3265156745910645,0.0,0.0,1,29,7,3,534
21,62,73,27.91438865661621,27.766014099121094,2.3265156745910645,0.0,0.0,1,29,7,3,547
21,62,74,27.91438865661621,27.766014099121094,2.3265156745910645,0.0,0.0,1,29,7,3,555
21,62,75,27.91438865661621,27.766014099121094,2.3265156745910645,0.0,0.0,1,29,7,3,572
21,62,76,27.91438865661621,27.766014099121094,2.3265156745910645,0.0,0.0,1,29,8,2,584
21,62,77,27.91438865661621,27.766014099121094,2.3265156745910645,0.0,0.0,1,29,8,2,592
21,62,78,27.91438865661621,27.766014099121094,2.3265156745910645,0.0,0.0,1,29,9,1,603
21,62,79,27.91438865661621,27.766014099121094,2.3265156745910645,0.0,0.0,1,29,10,0,611
22,63,1,28.09886932373047,27.106313705444336,3.451124668121338,0.15000000596046448,1.0,0,0,1,39,3
22,63,2,28.812503814697266,27.722909927368164,2.583522319793701,0.10000000149011612,1.0,0,0,1,39,3
22,63,3,28.83346176147461,27.83022689819336,2.4397149085998535,0.10000000149011612,1.0,0,0,1,39,3
22,63,4,28.83346176147461,27.83022689819336,2.4397149085998535,0.10000000149011612,1.0,0,0,1,39,5
22,63,5,28.83346176147461,27.83022689819336,2.4397149085998535,0.10000000149011612,1.0,0,1,1,38,9
22,63,6,28.83346176147461,27.83022689819336,2.4397149085998535,0.10000000149011612,1.0,0,1,1,38,11
22,63,7,28.83346176147461,27.83022689819336,2.4397149085998535,0.10000000149011612,1.0,1,1,1,37,16
22,63,8,28.83346176147461,27.83022689819336,2.4397149085998535,0.10000000149011612,1.0,1,1,1,37,23
22,63,9,28.885112762451172,27.719757080078125,2.577442169189453,0.05000000074505806,1.0,1,2,1,36,24
22,63,10,28.906494140625,27.82667350769043,2.434173822402954,0.05000000074505806,1.0,1,2,1,36,29
22,63,11,28.95634651184082,27.716646194458008,2.5713422298431396,0.0,1.0,1,3,1,35,32
22,63,12,28.78670310974121,27.85011863708496,2.468353509902954,0.0,0.949999988079071,2,3,1,34,36
22,63,13,28.739660263061523,27.847503662109375,2.4639103412628174,0.0,0.8999999761581421,2,3,1,34,43
22,63,14,28.886016845703125,27.81742286682129,2.4194657802581787,0.0,0.8999999761581421,2,5,1,32,49
22,63,15,28.886016845703125,27.81742286682129,2.4194657802581787,0.0,0.8999999761581421,2,5,1,32,53
22,63,16,28.886016845703125,27.81742286682129,2.4194657802581787,0.0,0.8999999761581421,2,6,1,31,59
22,63,17,28.886016845703125,27.81742286682129,2.4194657802581787,0.0,0.8999999761581421,2,8,2,28,62
22,63,18,28.886016845703125,27.81742286682129,2.4194657802581787,0.0,0.8999999761581421,2,8,2,28,64
22,63,19,28.886016845703125,27.81742286682129,2.4194657802581787,0.0,0.8999999761581421,2,8,2,28,72
22,63,20,28.886016845703125,27.81742286682129,2.4194657802581787,0.0,0.8999999761581421,2,8,2,28,76
22,63,21,28.886016845703125,27.81742286682129,2.4194657802581787,0.0,0.8999999761581421,2,8,2,28,83
22,63,22,28.691627502441406,27.84486961364746,2.459322929382324,0.0,0.8500000238418579,2,9,2,27,91
22,63,23,28.64263153076172,27.842212677001953,2.454598903656006,0.0,0.800000011920929,2,9,2,27,96
22,63,24,28.789737701416016,27.811689376831055,2.409769058227539,0.0,0.800000011920929,2,10,2,26,105
22,63,25,28.592710494995117,27.83953285217285,2.449747085571289,0.0,0.75,2,10,2,26,112
22,63,26,28.541898727416992,27.836833953857422,2.4447779655456543,0.0,0.699999988079071,2,10,2,26,120
22,63,27,28.689512252807617,27.805940628051758,2.3996448516845703,0.0,0.699999988079071,2,11,2,25,128
22,63,28,28.689512252807617,27.805940628051758,2.3996448516845703,0.0,0.699999988079071,2,11,2,25,136
22,63,29,28.689512252807617,27.805940628051758,2.3996448516845703,0.0,0.699999988079071,2,13,2,23,141
22,63,30,28.490245819091797,27.83411407470703,2.4397029876708984,0.0,0.6499999761581421,2,14,2,22,148
22,63,31,28.638017654418945,27.803062438964844,2.394451856613159,0.0,0.6499999761581421,2,14,2,22,155
22,63,32,28.638017654418945,27.803062438964844,2.394451856613159,0.0,0.6499999761581421,2,15,2,21,163
22,63,33,28.638017654418945,27.803062438964844,2.394451856613159,0.0,0.6499999761581421,2,15,3,20,176
22,63,34,28.43779754638672,27.831375122070312,2.434535264968872,0.0,0.6000000238418579,2,16,3,19,184
22,63,35,28.585664749145508,27.80018424987793,2.3891892433166504,0.0,0.6000000238418579,2,19,3,16,192
22,63,36,28.585664749145508,27.80018424987793,2.3891892433166504,0.0,0.6000000238418579,2,19,3,16,198
22,63,37,28.585664749145508,27.80018424987793,2.3891892433166504,0.0,0.6000000238418579,2,20,3,15,204
22,63,38,28.585664749145508,27.80018424987793,2.3891892433166504,0.0,0.6000000238418579,2,20,3,15,213
22,63,39,28.585664749145508,27.80018424987793,2.3891892433166504,0.0,0.6000000238418579,2,21,3,14,221
22,63,40,28.384611129760742,27.82861328125,2.429287910461426,0.0,0.550000011920929,2,22,3,13,225
22,63,41,28.532506942749023,27.797306060791016,2.3838725090026855,0.0,0.550000011920929,2,22,3,13,233
22,63,42,28.532506942749023,27.797306060791016,2.3838725090026855,0.0,0.550000011920929,2,22,3,13,240
22,63,43,28.532506942749023,27.797306060791016,2.3838725090026855,0.0,0.550000011920929,2,23,3,12,249
22,63,44,28.532506942749023,27.797306060791016,2.3838725090026855,0.0,0.550000011920929,2,24,3,11,260
22,63,45,28.330745697021484,27.825834274291992,2.423976421356201,0.0,0.5,2,25,3,10,269
22,63,46,28.276264190673828,27.823036193847656,2.4186158180236816,0.0,0.44999998807907104,2,25,3,10,277
22,63,47,28.424020767211914,27.79155921936035,2.373138189315796,0.0,0.44999998807907104,2,26,3,9,288
22,63,48,28.221233367919922,27.820219039916992,2.4132227897644043,0.0,0.4000000059604645,2,26,3,9,294
22,63,49,28.368824005126953,27.7886905670166,2.3677542209625244,0.0,0.4000000059604645,2,28,3,7,303
22,63,50,28.368824005126953,27.7886905670166,2.3677542209625244,0.0,0.4000000059604645,2,29,3,6,310
22,63,51,28.368824005126953,27.7886905670166,2.3677542209625244,0.0,0.4000000059604645,2,29,3,6,317
22,63,52,28.368824005126953,27.7886905670166,2.3677542209625244,0.0,0.4000000059604645,2,29,3,6,323
22,63,53,28.368824005126953,27.7886905670166,2.3677542209625244,0.0,0.4000000059604645,2,29,3,6,328
22,63,54,28.368824005126953,27.7886905670166,2.3677542209625244,0.0,0.4000000059604645,2,30,3,5,338
22,63,55,28.165727615356445,27.8173828125,2.4078140258789062,0.0,0.3499999940395355,2,30,3,5,347
22,63,56,28.109819412231445,27.814531326293945,2.4024062156677246,0.0,0.30000001192092896,2,30,3,5,353
22,63,57,28.256881713867188,27.78297233581543,2.3570375442504883,0.0,0.30000001192092896,2,32,3,3,363
22,63,58,28.053585052490234,27.811662673950195,2.397017002105713,0.0,0.25,2,32,3,3,370
22,63,59,28.20029067993164,27.780122756958008,2.3517396450042725,0.0,0.25,2,32,3,3,376
22,63,60,28.20029067993164,27.780122756958008,2.3517396450042725,0.0,0.25,2,32,3,3,384
22,63,61,28.20029067993164,27.780122756958008,2.3517396450042725,0.0,0.25,2,32,3,3,393
22,63,62,27.997106552124023,27.808778762817383,2.3916635513305664,0.0,0.20000000298023224,2,32,3,3,400
22,63,63,28.14339256286621,27.777280807495117,2.3465049266815186,0.0,0.20000000298023224,2,32,3,3,405
22,63,64,28.14339256286621,27.777280807495117,2.3465049266815186,0.0,0.20000000298023224,2,32,3,3,411
22,63,65,27.940460205078125,27.80588150024414,2.3863627910614014,0.0,0.15000000596046448,2,32,3,3,415
22,63,66,28.086271286010742,27.77444839477539,2.3413496017456055,0.0,0.15000000596046448,2,33,3,2,420
22,63,67,28.086271286010742,27.77444839477539,2.3413496017456055,0.0,0.15000000596046448,2,33,3,2,431
22,63,68,28.086271286010742,27.77444839477539,2.3413496017456055,0.0,0.15000000596046448,2,34,3,1,440
22,63,69,28.086271286010742,27.77444839477539,2.3413496017456055,0.0,0.15000000596046448,2,34,3,1,450
22,63,70,28.086271286010742,27.77444839477539,2.3413496017456055,0.0,0.15000000596046448,2,34,3,1,458
22,63,71,28.086271286010742,27.77444839477539,2.3413496017456055,0.0,0.15000000596046448,2,34,3,1,465
22,63,72,27.883729934692383,27.80297088623047,2.3811309337615967,0.0,0.10000000149011612,2,34,3,1,474
22,63,73,28.029006958007812,27.77162742614746,2.336289644241333,0.0,0.10000000149011612,2,34,3,1,486
22,63,74,28.029006958007812,27.77162742614746,2.336289644241333,0.0,0.10000000149011612,2,34,3,1,498
22,63,75,27.826995849609375,27.800048828125,2.375983953475952,0.0,0.05000000074505806,2,34,3,1,507
22,63,76,27.9716854095459,27.768814086914062,2.3313403129577637,0.0,0.05000000074505806,2,34,3,1,514
22,63,77,27.770336151123047,27.797117233276367,2.3709373474121094,0.0,0.0,2,34,3,1,524
22,63,78,27.91438865661621,27.766014099121094,2.3265156745910645,0.0,0.0,2,34,3,1,536
22,63,79,27.91438865661621,27.766014099121094,2.3265156745910645,0.0,0.0,2,34,3,1,546
22,63,80,27.91438865661621,27.766014099121094,2.3265156745910645,0.0,0.0,2,34,3,1,554
22,63,81,27.91438865661621,27.766014099121094,2.3265156745910645,0.0,0.0,2,34,4,0,566
23,64,1,28.066585540771484,27.108444213867188,3.4532198905944824,0.20000000298023224,1.0,0,0,0,40,3
23,64,2,28.683456420898438,27.83733367919922,2.450861692428589,0.20000000298023224,1.0,0,0,0,40,3
23,64,3,28.683456420898438,27.83733367919922,2.450861692428589,0.20000000298023224,1.0,0,0,0,40,3
23,64,4,28.683456420898438,27.83733367919922,2.450861692428589,0.20000000298023224,1.0,0,0,0,40,4
23,64,5,28.683456420898438,27.83733367919922,2.450861692428589,0.20000000298023224,1.0,1,1,0,38,4
23,64,6,28.683456420898438,27.83733367919922,2.450861692428589,0.20000000298023224,1.0,1,1,0,38,5
23,64,7,28.683456420898438,27.83733367919922,2.450861692428589,0.20000000298023224,1.0,2,1,0,37,8
23,64,8,28.73859405517578,27.726102828979492,2.5895774364471436,0.15000000596046448,1.0,2,1,0,37,11
23,64,9,28.75908851623535,27.833782196044922,2.4452786445617676,0.15000000596046448,1.0,3,1,0,36,14
23,64,10,28.75908851623535,27.833782196044922,2.4452786445617676,0.15000000596046448,1.0,3,1,0,36,18
23,64,11,28.812503814697266,27.722909927368164,2.583522319793701,0.10000000149011612,1.0,3,1,0,36,18
23,64,12,28.83346176147461,27.83022689819336,2.4397149085998535,0.10000000149011612,1.0,3,2,0,35,23
23,64,13,28.83346176147461,27.83022689819336,2.4397149085998535,0.10000000149011612,1.0,3,2,0,35,25
23,64,14,28.83346176147461,27.83022689819336,2.4397149085998535,0.10000000149011612,1.0,4,3,0,33,27
23,64,15,28.83346176147461,27.83022689819336,2.4397149085998535,0.10000000149011612,1.0,5,4,0,31,31
23,64,16,28.639568328857422,27.857370376586914,2.4794905185699463,0.10000000149011612,0.949999988079071,5,4,0,31,35
23,64,17,28.83929443359375,27.716476440429688,2.573575973510742,0.05000000074505806,0.949999988079071,5,4,0,31,38
23,64,18,28.86014175415039,27.823827743530273,2.429635524749756,0.05000000074505806,0.949999988079071,5,5,0,30,41
23,64,19,28.665937423706055,27.851137161254883,2.4694716930389404,0.05000000074505806,0.8999999761581421,5,6,0,29,43
23,64,20,28.81273651123047,27.820972442626953,2.4249613285064697,0.05000000074505806,0.8999999761581421,5,6,0,29,49
23,64,21,28.6722354888916,27.73703956604004,2.6036133766174316,0.0,0.8500000238418579,7,6,0,27,51
23,64,22,28.83838653564453,27.814558029174805,2.4146761894226074,0.0,0.8500000238418579,7,6,0,27,59
23,64,23,28.83838653564453,27.814558029174805,2.4146761894226074,0.0,0.8500000238418579,7,6,0,27,63
23,64,24,28.83838653564453,27.814558029174805,2.4146761894226074,0.0,0.8500000238418579,7,8,0,25,67
23,64,25,28.83838653564453,27.814558029174805,2.4146761894226074,0.0,0.8500000238418579,7,9,0,24,73
23,64,26,28.83838653564453,27.814558029174805,2.4146761894226074,0.0,0.8500000238418579,7,10,0,23,77
23,64,27,28.83838653564453,27.814558029174805,2.4146761894226074,0.0,0.8500000238418579,7,11,0,22,82
23,64,28,28.83838653564453,27.814558029174805,2.4146761894226074,0.0,0.8500000238418579,7,11,0,22,85
23,64,29,28.83838653564453,27.814558029174805,2.4146761894226074,0.0,0.8500000238418579,7,11,0,22,95
23,64,30,28.83838653564453,27.814558029174805,2.4146761894226074,0.0,0.8500000238418579,7,11,0,22,101
23,64,31,28.83838653564453,27.814558029174805,2.4146761894226074,0.0,0.8500000238418579,7,12,0,21,110
23,64,32,28.64263153076172,27.842212677001953,2.454598903656006,0.0,0.800000011920929,7,12,1,20,118
23,64,33,28.789737701416016,27.811689376831055,2.409769058227539,0.0,0.800000011920929,7,13,1,19,126
23,64,34,28.592710494995117,27.83953285217285,2.449747085571289,0.0,0.75,7,14,1,18,135
23,64,35,28.74009895324707,27.80881690979004,2.404754877090454,0.0,0.75,7,15,1,17,146
23,64,36,28.541898727416992,27.836833953857422,2.4447779655456543,0.0,0.699999988079071,7,17,1,15,157
23,64,37,28.689512252807617,27.805940628051758,2.3996448516845703,0.0,0.699999988079071,7,17,1,15,168
23,64,38,28.689512252807617,27.805940628051758,2.3996448516845703,0.0,0.699999988079071,7,17,1,15,178
23,64,39,28.490245819091797,27.83411407470703,2.4397029876708984,0.0,0.6499999761581421,7,17,1,15,187
23,64,40,28.638017654418945,27.803062438964844,2.394451856613159,0.0,0.6499999761581421,7,17,1,15,195
23,64,41,28.43779754638672,27.831375122070312,2.434535264968872,0.0,0.6000000238418579,7,17,1,15,202
23,64,42,28.585664749145508,27.80018424987793,2.3891892433166504,0.0,0.6000000238418579,7,17,1,15,213
23,64,43,28.585664749145508,27.80018424987793,2.3891892433166504,0.0,0.6000000238418579,7,18,1,14,217
23,64,44,28.585664749145508,27.80018424987793,2.3891892433166504,0.0,0.6000000238418579,7,18,1,14,226
23,64,45,28.585664749145508,27.80018424987793,2.3891892433166504,0.0,0.6000000238418579,7,18,1,14,237
23,64,46,28.384611129760742,27.82861328125,2.429287910461426,0.0,0.550000011920929,7,20,1,12,241
23,64,47,28.532506942749023,27.797306060791016,2.3838725090026855,0.0,0.550000011920929,7,20,1,12,250
23,64,48,28.532506942749023,27.797306060791016,2.3838725090026855,0.0,0.550000011920929,7,21,1,11,258
23,64,49,28.532506942749023,27.797306060791016,2.3838725090026855,0.0,0.550000011920929,7,21,1,11,270
23,64,50,28.330745697021484,27.825834274291992,2.423976421356201,0.0,0.5,7,21,2,10,283
23,64,51,28.478605270385742,27.794431686401367,2.378516674041748,0.0,0.5,7,22,2,9,292
23,64,52,28.478605270385742,27.794431686401367,2.378516674041748,0.0,0.5,7,22,2,9,300
23,64,53,28.478605270385742,27.794431686401367,2.378516674041748,0.0,0.5,7,23,2,8,313
23,64,54,28.276264190673828,27.823036193847656,2.4186158180236816,0.0,0.44999998807907104,7,25,2,6,325
23,64,55,28.424020767211914,27.79155921936035,2.373138189315796,0.0,0.44999998807907104,7,25,2,6,339
23,64,56,28.221233367919922,27.820219039916992,2.4132227897644043,0.0,0.4000000059604645,7,25,2,6,347
23,64,57,28.368824005126953,27.7886905670166,2.3677542209625244,0.0,0.4000000059604645,7,26,2,5,357
23,64,58,28.368824005126953,27.7886905670166,2.3677542209625244,0.0,0.4000000059604645,7,27,2,4,368
23,64,59,28.165727615356445,27.8173828125,2.4078140258789062,0.0,0.3499999940395355,7,27,2,4,374
23,64,60,28.313085556030273,27.785829544067383,2.3623814582824707,0.0,0.3499999940395355,7,27,2,4,381
23,64,61,28.109819412231445,27.814531326293945,2.4024062156677246,0.0,0.30000001192092896,7,28,2,3,386
23,64,62,28.053585052490234,27.811662673950195,2.397017002105713,0.0,0.25,7,28,2,3,393
23,64,63,28.20029067993164,27.780122756958008,2.3517396450042725,0.0,0.25,7,28,2,3,399
23,64,64,28.20029067993164,27.780122756958008,2.3517396450042725,0.0,0.25,7,28,2,3,404
23,64,65,27.997106552124023,27.808778762817383,2.3916635513305664,0.0,0.20000000298023224,7,28,2,3,409
23,64,66,27.940460205078125,27.80588150024414,2.3863627910614014,0.0,0.15000000596046448,7,28,2,3,420
23,64,67,27.883729934692383,27.80297088623047,2.3811309337615967,0.0,0.10000000149011612,7,28,2,3,428
23,64,68,28.029006958007812,27.77162742614746,2.336289644241333,0.0,0.10000000149011612,7,28,2,3,439
23,64,69,28.029006958007812,27.77162742614746,2.336289644241333,0.0,0.10000000149011612,7,28,2,3,448
23,64,70,28.029006958007812,27.77162742614746,2.336289644241333,0.0,0.10000000149011612,7,28,2,3,454
23,64,71,28.029006958007812,27.77162742614746,2.336289644241333,0.0,0.10000000149011612,7,28,2,3,465
23,64,72,28.029006958007812,27.77162742614746,2.336289644241333,0.0,0.10000000149011612,7,28,2,3,473
23,64,73,28.029006958007812,27.77162742614746,2.336289644241333,0.0,0.10000000149011612,7,28,3,2,487
23,64,74,27.826995849609375,27.800048828125,2.375983953475952,0.0,0.05000000074505806,7,28,3,2,496
23,64,75,27.9716854095459,27.768814086914062,2.3313403129577637,0.0,0.05000000074505806,7,28,3,2,504
23,64,76,27.9716854095459,27.768814086914062,2.3313403129577637,0.0,0.05000000074505806,7,28,3,2,517
23,64,77,27.9716854095459,27.768814086914062,2.3313403129577637,0.0,0.05000000074505806,7,28,3,2,525
23,64,78,27.9716854095459,27.768814086914062,2.3313403129577637,0.0,0.05000000074505806,7,28,3,2,531
23,64,79,27.9716854095459,27.768814086914062,2.3313403129577637,0.0,0.05000000074505806,7,29,3,1,541
23,64,80,27.9716854095459,27.768814086914062,2.3313403129577637,0.0,0.05000000074505806,7,30,3,0,550
24,65,1,28.066585540771484,27.108444213867188,3.4532198905944824,0.20000000298023224,1.0,0,0,0,40,2
24,65,2,28.683456420898438,27.83733367919922,2.450861692428589,0.20000000298023224,1.0,1,0,0,39,3
24,65,3,28.73859405517578,27.726102828979492,2.5895774364471436,0.15000000596046448,1.0,1,1,0,38,4
24,65,4,28.75908851623535,27.833782196044922,2.4452786445617676,0.15000000596046448,1.0,2,1,0,37,5
24,65,5,28.75908851623535,27.833782196044922,2.4452786445617676,0.15000000596046448,1.0,3,1,0,36,7
24,65,6,28.812503814697266,27.722909927368164,2.583522319793701,0.10000000149011612,1.0,4,3,0,33,8
24,65,7,28.83346176147461,27.83022689819336,2.4397149085998535,0.10000000149011612,1.0,4,3,0,33,9
24,65,8,28.83346176147461,27.83022689819336,2.4397149085998535,0.10000000149011612,1.0,5,3,0,32,10
24,65,9,28.83346176147461,27.83022689819336,2.4397149085998535,0.10000000149011612,1.0,5,3,0,32,13
24,65,10,28.83346176147461,27.83022689819336,2.4397149085998535,0.10000000149011612,1.0,9,3,0,28,16
24,65,11,28.83346176147461,27.83022689819336,2.4397149085998535,0.10000000149011612,1.0,9,3,0,28,19
24,65,12,28.885112762451172,27.719757080078125,2.577442169189453,0.05000000074505806,1.0,9,3,0,28,21
24,65,13,28.95634651184082,27.716646194458008,2.5713422298431396,0.0,1.0,9,4,0,27,24
24,65,14,28.978116989135742,27.8231258392334,2.4286580085754395,0.0,1.0,9,5,0,26,28
24,65,15,28.978116989135742,27.8231258392334,2.4286580085754395,0.0,1.0,9,6,0,25,33
24,65,16,28.978116989135742,27.8231258392334,2.4286580085754395,0.0,1.0,9,8,0,23,39
24,65,17,28.978116989135742,27.8231258392334,2.4286580085754395,0.0,1.0,9,8,0,23,44
24,65,18,28.978116989135742,27.8231258392334,2.4286580085754395,0.0,1.0,9,9,0,22,48
24,65,19,28.978116989135742,27.8231258392334,2.4286580085754395,0.0,1.0,9,10,0,21,54
24,65,20,28.978116989135742,27.8231258392334,2.4286580085754395,0.0,1.0,9,10,0,21,57
24,65,21,28.978116989135742,27.8231258392334,2.4286580085754395,0.0,1.0,9,11,0,20,58
24,65,22,28.978116989135742,27.8231258392334,2.4286580085754395,0.0,1.0,9,11,0,20,61
24,65,23,28.978116989135742,27.8231258392334,2.4286580085754395,0.0,1.0,9,11,0,20,66
24,65,24,28.78670310974121,27.85011863708496,2.468353509902954,0.0,0.949999988079071,9,11,0,20,67
24,65,25,28.932601928710938,27.82027816772461,2.424129009246826,0.0,0.949999988079071,9,13,0,18,71
24,65,26,28.932601928710938,27.82027816772461,2.424129009246826,0.0,0.949999988079071,9,13,1,17,73
24,65,27,28.932601928710938,27.82027816772461,2.424129009246826,0.0,0.949999988079071,9,13,1,17,75
24,65,28,28.932601928710938,27.82027816772461,2.424129009246826,0.0,0.949999988079071,9,16,1,14,78
24,65,29,28.739660263061523,27.847503662109375,2.4639103412628174,0.0,0.8999999761581421,9,16,1,14,82
24,65,30,28.691627502441406,27.84486961364746,2.459322929382324,0.0,0.8500000238418579,9,16,1,14,85
24,65,31,28.64263153076172,27.842212677001953,2.454598903656006,0.0,0.800000011920929,9,16,1,14,91
24,65,32,28.789737701416016,27.811689376831055,2.409769058227539,0.0,0.800000011920929,9,17,1,13,99
24,65,33,28.789737701416016,27.811689376831055,2.409769058227539,0.0,0.800000011920929,9,17,1,13,104
24,65,34,28.789737701416016,27.811689376831055,2.409769058227539,0.0,0.800000011920929,9,17,2,12,112
24,65,35,28.789737701416016,27.811689376831055,2.409769058227539,0.0,0.800000011920929,9,17,2,12,121
24,65,36,28.789737701416016,27.811689376831055,2.409769058227539,0.0,0.800000011920929,9,19,2,10,125
24,65,37,28.789737701416016,27.811689376831055,2.409769058227539,0.0,0.800000011920929,9,19,2,10,133
24,65,38,28.789737701416016,27.811689376831055,2.409769058227539,0.0,0.800000011920929,9,20,2,9,140
24,65,39,28.789737701416016,27.811689376831055,2.409769058227539,0.0,0.800000011920929,9,22,2,7,145
24,65,40,28.789737701416016,27.811689376831055,2.409769058227539,0.0,0.800000011920929,9,22,2,7,155
24,65,41,28.592710494995117,27.83953285217285,2.449747085571289,0.0,0.75,9,22,2,7,161
24,65,42,28.74009895324707,27.80881690979004,2.404754877090454,0.0,0.75,9,23,2,6,167
24,65,43,28.541898727416992,27.836833953857422,2.4447779655456543,0.0,0.699999988079071,9,24,2,5,173
24,65,44,28.689512252807617,27.805940628051758,2.3996448516845703,0.0,0.699999988079071,9,24,2,5,178
24,65,45,28.689512252807617,27.805940628051758,2.3996448516845703,0.0,0.699999988079071,9,24,2,5,183
24,65,46,28.689512252807617,27.805940628051758,2.3996448516845703,0.0,0.699999988079071,9,24,2,5,189
24,65,47,28.689512252807617,27.805940628051758,2.3996448516845703,0.0,0.699999988079071,9,24,2,5,195
24,65,48,28.689512252807617,27.805940628051758,2.3996448516845703,0.0,0.699999988079071,9,24,2,5,205
24,65,49,28.689512252807617,27.805940628051758,2.3996448516845703,0.0,0.699999988079071,9,25,2,4,210
24,65,50,28.490245819091797,27.83411407470703,2.4397029876708984,0.0,0.6499999761581421,9,25,2,4,220
24,65,51,28.43779754638672,27.831375122070312,2.434535264968872,0.0,0.6000000238418579,9,25,2,4,230
24,65,52,28.585664749145508,27.80018424987793,2.3891892433166504,0.0,0.6000000238418579,9,25,2,4,243
24,65,53,28.585664749145508,27.80018424987793,2.3891892433166504,0.0,0.6000000238418579,9,25,2,4,255
24,65,54,28.585664749145508,27.80018424987793,2.3891892433166504,0.0,0.6000000238418579,9,25,2,4,259
24,65,55,28.585664749145508,27.80018424987793,2.3891892433166504,0.0,0.6000000238418579,9,25,2,4,271
24,65,56,28.585664749145508,27.80018424987793,2.3891892433166504,0.0,0.6000000238418579,9,25,2,4,277
24,65,57,28.585664749145508,27.80018424987793,2.3891892433166504,0.0,0.6000000238418579,9,25,2,4,283
24,65,58,28.384611129760742,27.82861328125,2.429287910461426,0.0,0.550000011920929,9,25,2,4,290
24,65,59,28.532506942749023,27.797306060791016,2.3838725090026855,0.0,0.550000011920929,9,26,2,3,299
24,65,60,28.330745697021484,27.825834274291992,2.423976421356201,0.0,0.5,9,26,2,3,304
24,65,61,28.478605270385742,27.794431686401367,2.378516674041748,0.0,0.5,9,26,2,3,310
24,65,62,28.276264190673828,27.823036193847656,2.4186158180236816,0.0,0.44999998807907104,9,28,2,1,316
24,65,63,28.424020767211914,27.79155921936035,2.373138189315796,0.0,0.44999998807907104,9,28,2,1,319
24,65,64,28.424020767211914,27.79155921936035,2.373138189315796,0.0,0.44999998807907104,9,28,2,1,327
24,65,65,28.221233367919922,27.820219039916992,2.4132227897644043,0.0,0.4000000059604645,9,28,2,1,333
24,65,66,28.368824005126953,27.7886905670166,2.3677542209625244,0.0,0.4000000059604645,9,28,2,1,341
24,65,67,28.368824005126953,27.7886905670166,2.3677542209625244,0.0,0.4000000059604645,9,28,2,1,346
24,65,68,28.368824005126953,27.7886905670166,2.3677542209625244,0.0,0.4000000059604645,9,28,2,1,352
24,65,69,28.368824005126953,27.7886905670166,2.3677542209625244,0.0,0.4000000059604645,9,28,2,1,356
24,65,70,28.368824005126953,27.7886905670166,2.3677542209625244,0.0,0.4000000059604645,9,28,2,1,365
24,65,71,28.368824005126953,27.7886905670166,2.3677542209625244,0.0,0.4000000059604645,9,28,2,1,372
24,65,72,28.165727615356445,27.8173828125,2.4078140258789062,0.0,0.3499999940395355,9,28,2,1,379
24,65,73,28.313085556030273,27.785829544067383,2.3623814582824707,0.0,0.3499999940395355,9,28,2,1,386
24,65,74,28.313085556030273,27.785829544067383,2.3623814582824707,0.0,0.3499999940395355,9,28,2,1,392
24,65,75,28.109819412231445,27.814531326293945,2.4024062156677246,0.0,0.30000001192092896,9,28,2,1,398
24,65,76,28.256881713867188,27.78297233581543,2.3570375442504883,0.0,0.30000001192092896,9,28,2,1,402
24,65,77,28.256881713867188,27.78297233581543,2.3570375442504883,0.0,0.30000001192092896,9,28,2,1,409
24,65,78,28.053585052490234,27.811662673950195,2.397017002105713,0.0,0.25,9,28,2,1,417
24,65,79,28.20029067993164,27.780122756958008,2.3517396450042725,0.0,0.25,9,28,2,1,424
24,65,80,27.997106552124023,27.808778762817383,2.3916635513305664,0.0,0.20000000298023224,9,28,2,1,434
24,65,81,27.940460205078125,27.80588150024414,2.3863627910614014,0.0,0.15000000596046448,9,28,2,1,440
24,65,82,28.086271286010742,27.77444839477539,2.3413496017456055,0.0,0.15000000596046448,9,28,2,1,449
24,65,83,28.086271286010742,27.77444839477539,2.3413496017456055,0.0,0.15000000596046448,9,28,2,1,458
24,65,84,28.086271286010742,27.77444839477539,2.3413496017456055,0.0,0.15000000596046448,9,28,2,1,469
24,65,85,28.086271286010742,27.77444839477539,2.3413496017456055,0.0,0.15000000596046448,9,28,2,1,475
24,65,86,28.086271286010742,27.77444839477539,2.3413496017456055,0.0,0.15000000596046448,9,28,2,1,485
24,65,87,28.086271286010742,27.77444839477539,2.3413496017456055,0.0,0.15000000596046448,9,28,2,1,494
24,65,88,27.883729934692383,27.80297088623047,2.3811309337615967,0.0,0.10000000149011612,9,28,2,1,502
24,65,89,28.029006958007812,27.77162742614746,2.336289644241333,0.0,0.10000000149011612,9,28,2,1,510
24,65,90,28.029006958007812,27.77162742614746,2.336289644241333,0.0,0.10000000149011612,9,28,2,1,517
24,65,91,28.029006958007812,27.77162742614746,2.336289644241333,0.0,0.10000000149011612,9,28,2,1,526
24,65,92,27.826995849609375,27.800048828125,2.375983953475952,0.0,0.05000000074505806,9,28,2,1,534
24,65,93,27.9716854095459,27.768814086914062,2.3313403129577637,0.0,0.05000000074505806,9,28,2,1,539
24,65,94,27.9716854095459,27.768814086914062,2.3313403129577637,0.0,0.05000000074505806,9,28,3,0,549
25,66,1,28.03417205810547,27.12654685974121,3.4387741088867188,0.30000001192092896,1.0,0,0,0,40,1
25,66,2,28.528785705566406,27.844396591186523,2.4620747566223145,0.30000001192092896,1.0,0,0,0,40,3
25,66,3,28.587200164794922,27.732587814331055,2.6015894412994385,0.25,1.0,0,1,0,39,5
25,66,4,28.663463592529297,27.72933006286621,2.5956015586853027,0.20000000298023224,1.0,0,2,0,38,7
25,66,5,28.683456420898438,27.83733367919922,2.450861692428589,0.20000000298023224,1.0,0,2,0,38,10
25,66,6,28.73859405517578,27.726102828979492,2.5895774364471436,0.15000000596046448,1.0,1,2,0,37,13
25,66,7,28.75908851623535,27.833782196044922,2.4452786445617676,0.15000000596046448,1.0,1,4,0,35,15
25,66,8,28.75908851623535,27.833782196044922,2.4452786445617676,0.15000000596046448,1.0,3,4,0,33,17
25,66,9,28.812503814697266,27.722909927368164,2.583522319793701,0.10000000149011612,1.0,3,4,0,33,18
25,66,10,28.83346176147461,27.83022689819336,2.4397149085998535,0.10000000149011612,1.0,3,4,0,33,21
25,66,11,28.639568328857422,27.857370376586914,2.4794905185699463,0.10000000149011612,0.949999988079071,3,4,0,33,22
25,66,12,28.786277770996094,27.8273868560791,2.4351675510406494,0.10000000149011612,0.949999988079071,4,4,1,31,26
25,66,13,28.786277770996094,27.8273868560791,2.4351675510406494,0.10000000149011612,0.949999988079071,4,5,1,30,27
25,66,14,28.786277770996094,27.8273868560791,2.4351675510406494,0.10000000149011612,0.949999988079071,4,5,1,30,32
25,66,15,28.590896606445312,27.854766845703125,2.475038766860962,0.10000000149011612,0.8999999761581421,4,7,1,28,35
25,66,16,28.73805809020996,27.824535369873047,2.4304821491241455,0.10000000149011612,0.8999999761581421,4,7,1,28,39
25,66,17,28.73805809020996,27.824535369873047,2.4304821491241455,0.10000000149011612,0.8999999761581421,4,8,1,27,41
25,66,18,28.73805809020996,27.824535369873047,2.4304821491241455,0.10000000149011612,0.8999999761581421,4,9,1,26,48
25,66,19,28.598073959350586,27.740270614624023,2.609722375869751,0.05000000074505806,0.8500000238418579,5,9,1,25,52
25,66,20,28.56732749938965,27.84584617614746,2.460146188735962,0.05000000074505806,0.800000011920929,5,10,1,24,57
25,66,21,28.57452964782715,27.731090545654297,2.5950818061828613,0.0,0.75,5,10,1,24,63
25,66,22,28.74009895324707,27.80881690979004,2.404754877090454,0.0,0.75,5,10,1,24,66
25,66,23,28.74009895324707,27.80881690979004,2.404754877090454,0.0,0.75,5,10,1,24,75
25,66,24,28.541898727416992,27.836833953857422,2.4447779655456543,0.0,0.699999988079071,5,11,1,23,79
25,66,25,28.490245819091797,27.83411407470703,2.4397029876708984,0.0,0.6499999761581421,5,12,1,22,86
25,66,26,28.43779754638672,27.831375122070312,2.434535264968872,0.0,0.6000000238418579,5,13,1,21,97
25,66,27,28.384611129760742,27.82861328125,2.429287910461426,0.0,0.550000011920929,5,14,1,20,110
25,66,28,28.330745697021484,27.825834274291992,2.423976421356201,0.0,0.5,5,16,1,18,125
25,66,29,28.478605270385742,27.794431686401367,2.378516674041748,0.0,0.5,5,16,1,18,134
25,66,30,28.478605270385742,27.794431686401367,2.378516674041748,0.0,0.5,5,16,1,18,147
25,66,31,28.276264190673828,27.823036193847656,2.4186158180236816,0.0,0.44999998807907104,5,17,1,17,161
25,66,32,28.424020767211914,27.79155921936035,2.373138189315796,0.0,0.44999998807907104,5,17,1,17,167
25,66,33,28.221233367919922,27.820219039916992,2.4132227897644043,0.0,0.4000000059604645,5,17,1,17,179
25,66,34,28.165727615356445,27.8173828125,2.4078140258789062,0.0,0.3499999940395355,5,17,1,17,186
25,66,35,28.313085556030273,27.785829544067383,2.3623814582824707,0.0,0.3499999940395355,5,18,1,16,203
25,66,36,28.313085556030273,27.785829544067383,2.3623814582824707,0.0,0.3499999940395355,5,19,1,15,211
25,66,37,28.313085556030273,27.785829544067383,2.3623814582824707,0.0,0.3499999940395355,5,20,1,14,217
25,66,38,28.109819412231445,27.814531326293945,2.4024062156677246,0.0,0.30000001192092896,5,22,1,12,224
25,66,39,28.053585052490234,27.811662673950195,2.397017002105713,0.0,0.25,5,24,1,10,231
25,66,40,28.20029067993164,27.780122756958008,2.3517396450042725,0.0,0.25,5,24,1,10,236
25,66,41,28.20029067993164,27.780122756958008,2.3517396450042725,0.0,0.25,5,25,1,9,247
25,66,42,28.20029067993164,27.780122756958008,2.3517396450042725,0.0,0.25,5,26,1,8,255
25,66,43,27.997106552124023,27.808778762817383,2.3916635513305664,0.0,0.20000000298023224,5,26,1,8,266
25,66,44,27.940460205078125,27.80588150024414,2.3863627910614014,0.0,0.15000000596046448,5,26,1,8,278
25,66,45,28.086271286010742,27.77444839477539,2.3413496017456055,0.0,0.15000000596046448,5,28,1,6,285
25,66,46,28.086271286010742,27.77444839477539,2.3413496017456055,0.0,0.15000000596046448,5,28,1,6,294
25,66,47,28.086271286010742,27.77444839477539,2.3413496017456055,0.0,0.15000000596046448,5,29,1,5,304
25,66,48,27.883729934692383,27.80297088623047,2.3811309337615967,0.0,0.10000000149011612,5,29,1,5,309
25,66,49,28.029006958007812,27.77162742614746,2.336289644241333,0.0,0.10000000149011612,5,29,1,5,318
25,66,50,28.029006958007812,27.77162742614746,2.336289644241333,0.0,0.10000000149011612,5,29,1,5,327
25,66,51,27.826995849609375,27.800048828125,2.375983953475952,0.0,0.05000000074505806,5,29,2,4,340
25,66,52,27.9716854095459,27.768814086914062,2.3313403129577637,0.0,0.05000000074505806,5,29,2,4,351
25,66,53,27.9716854095459,27.768814086914062,2.3313403129577637,0.0,0.05000000074505806,5,29,2,4,359
25,66,54,27.9716854095459,27.768814086914062,2.3313403129577637,0.0,0.05000000074505806,5,30,2,3,374
25,66,55,27.770336151123047,27.797117233276367,2.3709373474121094,0.0,0.0,5,30,3,2,379
25,66,56,27.91438865661621,27.766014099121094,2.3265156745910645,0.0,0.0,5,30,3,2,385
25,66,57,27.91438865661621,27.766014099121094,2.3265156745910645,0.0,0.0,5,30,3,2,391
25,66,58,27.91438865661621,27.766014099121094,2.3265156745910645,0.0,0.0,5,30,3,2,399
25,66,59,27.91438865661621,27.766014099121094,2.3265156745910645,0.0,0.0,5,30,3,2,404
25,66,60,27.91438865661621,27.766014099121094,2.3265156745910645,0.0,0.0,5,31,3,1,412
25,66,61,27.91438865661621,27.766014099121094,2.3265156745910645,0.0,0.0,5,31,3,1,425
25,66,62,27.91438865661621,27.766014099121094,2.3265156745910645,0.0,0.0,5,31,3,1,434
25,66,63,27.91438865661621,27.766014099121094,2.3265156745910645,0.0,0.0,5,31,3,1,440
25,66,64,27.91438865661621,27.766014099121094,2.3265156745910645,0.0,0.0,5,31,3,1,451
25,66,65,27.91438865661621,27.766014099121094,2.3265156745910645,0.0,0.0,5,31,3,1,460
25,66,66,27.91438865661621,27.766014099121094,2.3265156745910645,0.0,0.0,5,31,3,1,470
25,66,67,27.91438865661621,27.766014099121094,2.3265156745910645,0.0,0.0,5,31,3,1,477
25,66,68,27.91438865661621,27.766014099121094,2.3265156745910645,0.0,0.0,5,31,3,1,484
25,66,69,27.91438865661621,27.766014099121094,2.3265156745910645,0.0,0.0,5,31,3,1,493
25,66,70,27.91438865661621,27.766014099121094,2.3265156745910645,0.0,0.0,5,31,3,1,500
25,66,71,27.91438865661621,27.766014099121094,2.3265156745910645,0.0,0.0,5,31,3,1,509
25,66,72,27.91438865661621,27.766014099121094,2.3265156745910645,0.0,0.0,5,31,3,1,518
25,66,73,27.91438865661621,27.766014099121094,2.3265156745910645,0.0,0.0,5,31,4,0,529
26,67,1,28.066585540771484,27.108444213867188,3.4532198905944824,0.20000000298023224,1.0,0,0,0,40,3
26,67,2,28.683456420898438,27.83733367919922,2.450861692428589,0.20000000298023224,1.0,0,0,0,40,3
26,67,3,28.683456420898438,27.83733367919922,2.450861692428589,0.20000000298023224,1.0,0,0,0,40,6
26,67,4,28.683456420898438,27.83733367919922,2.450861692428589,0.20000000298023224,1.0,1,0,0,39,8
26,67,5,28.683456420898438,27.83733367919922,2.450861692428589,0.20000000298023224,1.0,1,0,0,39,10
26,67,6,28.683456420898438,27.83733367919922,2.450861692428589,0.20000000298023224,1.0,2,0,0,38,11
26,67,7,28.683456420898438,27.83733367919922,2.450861692428589,0.20000000298023224,1.0,2,1,0,37,13
26,67,8,28.73859405517578,27.726102828979492,2.5895774364471436,0.15000000596046448,1.0,3,1,0,36,15
26,67,9,28.75908851623535,27.833782196044922,2.4452786445617676,0.15000000596046448,1.0,4,1,0,35,19
26,67,10,28.75908851623535,27.833782196044922,2.4452786445617676,0.15000000596046448,1.0,4,1,0,35,25
26,67,11,28.61972999572754,27.74949836730957,2.6236586570739746,0.10000000149011612,0.949999988079071,4,2,0,34,30
26,67,12,28.590896606445312,27.854766845703125,2.475038766860962,0.10000000149011612,0.8999999761581421,4,2,0,34,32
26,67,13,28.73805809020996,27.824535369873047,2.4304821491241455,0.10000000149011612,0.8999999761581421,4,3,0,33,36
26,67,14,28.73805809020996,27.824535369873047,2.4304821491241455,0.10000000149011612,0.8999999761581421,4,4,0,32,40
26,67,15,28.73805809020996,27.824535369873047,2.4304821491241455,0.10000000149011612,0.8999999761581421,4,4,0,32,42
26,67,16,28.541275024414062,27.852136611938477,2.4704394340515137,0.10000000149011612,0.8500000238418579,4,4,0,32,45
26,67,17,28.68882942199707,27.821672439575195,2.425666570663452,0.10000000149011612,0.8500000238418579,4,4,0,32,51
26,67,18,28.68882942199707,27.821672439575195,2.425666570663452,0.10000000149011612,0.8500000238418579,4,4,0,32,55
26,67,19,28.54890251159668,27.737295150756836,2.6055288314819336,0.05000000074505806,0.800000011920929,4,5,0,31,58
26,67,20,28.71486473083496,27.815237045288086,2.415236711502075,0.05000000074505806,0.800000011920929,5,5,0,30,66
26,67,21,28.71486473083496,27.815237045288086,2.415236711502075,0.05000000074505806,0.800000011920929,5,6,0,29,70
26,67,22,28.71486473083496,27.815237045288086,2.415236711502075,0.05000000074505806,0.800000011920929,5,7,1,27,75
26,67,23,28.71486473083496,27.815237045288086,2.415236711502075,0.05000000074505806,0.800000011920929,5,8,1,26,85
26,67,24,28.57452964782715,27.731090545654297,2.5950818061828613,0.0,0.75,5,8,1,26,93
26,67,25,28.541898727416992,27.836833953857422,2.4447779655456543,0.0,0.699999988079071,5,10,1,24,101
26,67,26,28.689512252807617,27.805940628051758,2.3996448516845703,0.0,0.699999988079071,5,11,2,22,113
26,67,27,28.490245819091797,27.83411407470703,2.4397029876708984,0.0,0.6499999761581421,5,12,2,21,122
26,67,28,28.638017654418945,27.803062438964844,2.394451856613159,0.0,0.6499999761581421,5,12,2,21,131
26,67,29,28.43779754638672,27.831375122070312,2.434535264968872,0.0,0.6000000238418579,5,13,2,20,139
26,67,30,28.585664749145508,27.80018424987793,2.3891892433166504,0.0,0.6000000238418579,5,16,2,17,146
26,67,31,28.585664749145508,27.80018424987793,2.3891892433166504,0.0,0.6000000238418579,5,16,2,17,154
26,67,32,28.585664749145508,27.80018424987793,2.3891892433166504,0.0,0.6000000238418579,5,17,2,16,165
26,67,33,28.384611129760742,27.82861328125,2.429287910461426,0.0,0.550000011920929,5,18,2,15,174
26,67,34,28.532506942749023,27.797306060791016,2.3838725090026855,0.0,0.550000011920929,5,18,2,15,177
26,67,35,28.532506942749023,27.797306060791016,2.3838725090026855,0.0,0.550000011920929,5,19,2,14,182
26,67,36,28.532506942749023,27.797306060791016,2.3838725090026855,0.0,0.550000011920929,5,19,2,14,189
26,67,37,28.532506942749023,27.797306060791016,2.3838725090026855,0.0,0.550000011920929,5,20,2,13,201
26,67,38,28.330745697021484,27.825834274291992,2.423976421356201,0.0,0.5,5,21,2,12,208
26,67,39,28.478605270385742,27.794431686401367,2.378516674041748,0.0,0.5,5,22,2,11,216
26,67,40,28.276264190673828,27.823036193847656,2.4186158180236816,0.0,0.44999998807907104,5,22,2,11,224
26,67,41,28.424020767211914,27.79155921936035,2.373138189315796,0.0,0.44999998807907104,5,22,2,11,232
26,67,42,28.221233367919922,27.820219039916992,2.4132227897644043,0.0,0.4000000059604645,5,23,2,10,245
26,67,43,28.368824005126953,27.7886905670166,2.3677542209625244,0.0,0.4000000059604645,5,23,2,10,255
26,67,44,28.165727615356445,27.8173828125,2.4078140258789062,0.0,0.3499999940395355,5,23,2,10,263
26,67,45,28.109819412231445,27.814531326293945,2.4024062156677246,0.0,0.30000001192092896,5,23,2,10,269
26,67,46,28.256881713867188,27.78297233581543,2.3570375442504883,0.0,0.30000001192092896,5,23,2,10,280
26,67,47,28.053585052490234,27.811662673950195,2.397017002105713,0.0,0.25,5,25,2,8,294
26,67,48,28.20029067993164,27.780122756958008,2.3517396450042725,0.0,0.25,5,25,2,8,306
26,67,49,28.20029067993164,27.780122756958008,2.3517396450042725,0.0,0.25,5,26,2,7,317
26,67,50,28.20029067993164,27.780122756958008,2.3517396450042725,0.0,0.25,5,27,2,6,327
26,67,51,28.20029067993164,27.780122756958008,2.3517396450042725,0.0,0.25,5,27,2,6,340
26,67,52,28.20029067993164,27.780122756958008,2.3517396450042725,0.0,0.25,5,27,2,6,352
26,67,53,28.20029067993164,27.780122756958008,2.3517396450042725,0.0,0.25,5,28,2,5,360
26,67,54,28.20029067993164,27.780122756958008,2.3517396450042725,0.0,0.25,5,28,2,5,367
26,67,55,28.20029067993164,27.780122756958008,2.3517396450042725,0.0,0.25,5,29,2,4,378
26,67,56,28.20029067993164,27.780122756958008,2.3517396450042725,0.0,0.25,5,29,3,3,389
26,67,57,28.20029067993164,27.780122756958008,2.3517396450042725,0.0,0.25,5,29,3,3,398
26,67,58,28.20029067993164,27.780122756958008,2.3517396450042725,0.0,0.25,5,29,3,3,410
26,67,59,28.20029067993164,27.780122756958008,2.3517396450042725,0.0,0.25,5,29,3,3,416
26,67,60,27.997106552124023,27.808778762817383,2.3916635513305664,0.0,0.20000000298023224,5,29,3,3,426
26,67,61,28.14339256286621,27.777280807495117,2.3465049266815186,0.0,0.20000000298023224,5,29,3,3,438
26,67,62,28.14339256286621,27.777280807495117,2.3465049266815186,0.0,0.20000000298023224,5,29,3,3,448
26,67,63,28.14339256286621,27.777280807495117,2.3465049266815186,0.0,0.20000000298023224,5,29,3,3,453
26,67,64,27.940460205078125,27.80588150024414,2.3863627910614014,0.0,0.15000000596046448,5,30,3,2,468
26,67,65,28.086271286010742,27.77444839477539,2.3413496017456055,0.0,0.15000000596046448,5,30,3,2,476
26,67,66,28.086271286010742,27.77444839477539,2.3413496017456055,0.0,0.15000000596046448,5,30,3,2,488
26,67,67,27.883729934692383,27.80297088623047,2.3811309337615967,0.0,0.10000000149011612,5,30,3,2,499
26,67,68,27.826995849609375,27.800048828125,2.375983953475952,0.0,0.05000000074505806,5,30,3,2,506
26,67,69,27.9716854095459,27.768814086914062,2.3313403129577637,0.0,0.05000000074505806,5,31,3,1,515
26,67,70,27.9716854095459,27.768814086914062,2.3313403129577637,0.0,0.05000000074505806,5,31,3,1,522
26,67,71,27.770336151123047,27.797117233276367,2.3709373474121094,0.0,0.0,5,31,3,1,529
26,67,72,27.91438865661621,27.766014099121094,2.3265156745910645,0.0,0.0,5,31,4,0,537
27,68,1,28.066585540771484,27.108444213867188,3.4532198905944824,0.20000000298023224,1.0,0,0,0,40,2
27,68,2,28.683456420898438,27.83733367919922,2.450861692428589,0.20000000298023224,1.0,1,0,0,39,2
27,68,3,28.683456420898438,27.83733367919922,2.450861692428589,0.20000000298023224,1.0,2,0,0,38,2
27,68,4,28.683456420898438,27.83733367919922,2.450861692428589,0.20000000298023224,1.0,2,0,0,38,5
27,68,5,28.73859405517578,27.726102828979492,2.5895774364471436,0.15000000596046448,1.0,3,0,0,37,6
27,68,6,28.75908851623535,27.833782196044922,2.4452786445617676,0.15000000596046448,1.0,3,1,0,36,6
27,68,7,28.75908851623535,27.833782196044922,2.4452786445617676,0.15000000596046448,1.0,4,3,0,33,9
27,68,8,28.61972999572754,27.74949836730957,2.6236586570739746,0.10000000149011612,0.949999988079071,4,3,0,33,13
27,68,9,28.83929443359375,27.716476440429688,2.573575973510742,0.05000000074505806,0.949999988079071,4,3,0,33,16
27,68,10,28.86014175415039,27.823827743530273,2.429635524749756,0.05000000074505806,0.949999988079071,4,5,0,31,17
27,68,11,28.665937423706055,27.851137161254883,2.4694716930389404,0.05000000074505806,0.8999999761581421,4,6,0,30,22
27,68,12,28.81273651123047,27.820972442626953,2.4249613285064697,0.05000000074505806,0.8999999761581421,5,6,0,29,26
27,68,13,28.81273651123047,27.820972442626953,2.4249613285064697,0.05000000074505806,0.8999999761581421,5,9,0,26,29
27,68,14,28.81273651123047,27.820972442626953,2.4249613285064697,0.05000000074505806,0.8999999761581421,5,10,0,25,32
27,68,15,28.617103576660156,27.84850311279297,2.4648780822753906,0.05000000074505806,0.8500000238418579,5,10,0,25,34
27,68,16,28.764301300048828,27.8181095123291,2.420158624649048,0.05000000074505806,0.8500000238418579,5,10,0,25,39
27,68,17,28.56732749938965,27.84584617614746,2.460146188735962,0.05000000074505806,0.800000011920929,5,10,0,25,46
27,68,18,28.57452964782715,27.731090545654297,2.5950818061828613,0.0,0.75,5,10,0,25,52
27,68,19,28.74009895324707,27.80881690979004,2.404754877090454,0.0,0.75,5,10,0,25,57
27,68,20,28.541898727416992,27.836833953857422,2.4447779655456543,0.0,0.699999988079071,5,10,0,25,65
27,68,21,28.490245819091797,27.83411407470703,2.4397029876708984,0.0,0.6499999761581421,5,12,1,22,70
27,68,22,28.638017654418945,27.803062438964844,2.394451856613159,0.0,0.6499999761581421,5,12,1,22,74
27,68,23,28.638017654418945,27.803062438964844,2.394451856613159,0.0,0.6499999761581421,5,12,1,22,81
27,68,24,28.638017654418945,27.803062438964844,2.394451856613159,0.0,0.6499999761581421,5,13,1,21,90
27,68,25,28.43779754638672,27.831375122070312,2.434535264968872,0.0,0.6000000238418579,5,13,2,20,99
27,68,26,28.384611129760742,27.82861328125,2.429287910461426,0.0,0.550000011920929,5,15,2,18,112
27,68,27,28.532506942749023,27.797306060791016,2.3838725090026855,0.0,0.550000011920929,5,15,2,18,128
27,68,28,28.330745697021484,27.825834274291992,2.423976421356201,0.0,0.5,5,15,2,18,138
27,68,29,28.478605270385742,27.794431686401367,2.378516674041748,0.0,0.5,5,16,2,17,149
27,68,30,28.478605270385742,27.794431686401367,2.378516674041748,0.0,0.5,5,16,2,17,159
27,68,31,28.478605270385742,27.794431686401367,2.378516674041748,0.0,0.5,5,17,3,15,169
27,68,32,28.276264190673828,27.823036193847656,2.4186158180236816,0.0,0.44999998807907104,5,18,3,14,178
27,68,33,28.424020767211914,27.79155921936035,2.373138189315796,0.0,0.44999998807907104,5,18,3,14,188
27,68,34,28.424020767211914,27.79155921936035,2.373138189315796,0.0,0.44999998807907104,5,20,3,12,200
27,68,35,28.221233367919922,27.820219039916992,2.4132227897644043,0.0,0.4000000059604645,5,22,3,10,211
27,68,36,28.368824005126953,27.7886905670166,2.3677542209625244,0.0,0.4000000059604645,5,22,3,10,221
27,68,37,28.368824005126953,27.7886905670166,2.3677542209625244,0.0,0.4000000059604645,5,22,3,10,234
27,68,38,28.165727615356445,27.8173828125,2.4078140258789062,0.0,0.3499999940395355,5,22,3,10,245
27,68,39,28.109819412231445,27.814531326293945,2.4024062156677246,0.0,0.30000001192092896,5,23,3,9,252
27,68,40,28.256881713867188,27.78297233581543,2.3570375442504883,0.0,0.30000001192092896,5,23,3,9,263
27,68,41,28.256881713867188,27.78297233581543,2.3570375442504883,0.0,0.30000001192092896,5,23,3,9,269
27,68,42,28.256881713867188,27.78297233581543,2.3570375442504883,0.0,0.30000001192092896,5,23,3,9,278
27,68,43,28.256881713867188,27.78297233581543,2.3570375442504883,0.0,0.30000001192092896,5,23,3,9,287
27,68,44,28.053585052490234,27.811662673950195,2.397017002105713,0.0,0.25,5,23,3,9,299
27,68,45,27.997106552124023,27.808778762817383,2.3916635513305664,0.0,0.20000000298023224,5,23,3,9,307
27,68,46,28.14339256286621,27.777280807495117,2.3465049266815186,0.0,0.20000000298023224,5,23,3,9,315
27,68,47,28.14339256286621,27.777280807495117,2.3465049266815186,0.0,0.20000000298023224,5,23,3,9,324
27,68,48,28.14339256286621,27.777280807495117,2.3465049266815186,0.0,0.20000000298023224,5,23,3,9,330
27,68,49,28.14339256286621,27.777280807495117,2.3465049266815186,0.0,0.20000000298023224,5,23,3,9,342
27,68,50,28.14339256286621,27.777280807495117,2.3465049266815186,0.0,0.20000000298023224,5,23,3,9,348
27,68,51,28.14339256286621,27.777280807495117,2.3465049266815186,0.0,0.20000000298023224,5,23,3,9,359
27,68,52,27.940460205078125,27.80588150024414,2.3863627910614014,0.0,0.15000000596046448,5,23,3,9,368
27,68,53,28.086271286010742,27.77444839477539,2.3413496017456055,0.0,0.15000000596046448,5,23,3,9,378
27,68,54,28.086271286010742,27.77444839477539,2.3413496017456055,0.0,0.15000000596046448,5,23,3,9,388
27,68,55,28.086271286010742,27.77444839477539,2.3413496017456055,0.0,0.15000000596046448,5,23,4,8,398
27,68,56,27.883729934692383,27.80297088623047,2.3811309337615967,0.0,0.10000000149011612,5,24,4,7,407
27,68,57,28.029006958007812,27.77162742614746,2.336289644241333,0.0,0.10000000149011612,5,24,4,7,420
27,68,58,27.826995849609375,27.800048828125,2.375983953475952,0.0,0.05000000074505806,5,24,4,7,429
27,68,59,27.9716854095459,27.768814086914062,2.3313403129577637,0.0,0.05000000074505806,5,24,4,7,440
27,68,60,27.9716854095459,27.768814086914062,2.3313403129577637,0.0,0.05000000074505806,5,24,4,7,448
27,68,61,27.770336151123047,27.797117233276367,2.3709373474121094,0.0,0.0,5,24,4,7,456
27,68,62,27.91438865661621,27.766014099121094,2.3265156745910645,0.0,0.0,5,24,4,7,466
27,68,63,27.91438865661621,27.766014099121094,2.3265156745910645,0.0,0.0,5,24,4,7,471
27,68,64,27.91438865661621,27.766014099121094,2.3265156745910645,0.0,0.0,5,24,4,7,482
27,68,65,27.91438865661621,27.766014099121094,2.3265156745910645,0.0,0.0,5,24,4,7,492
27,68,66,27.91438865661621,27.766014099121094,2.3265156745910645,0.0,0.0,5,24,4,7,501
27,68,67,27.91438865661621,27.766014099121094,2.3265156745910645,0.0,0.0,5,24,4,7,507
27,68,68,27.91438865661621,27.766014099121094,2.3265156745910645,0.0,0.0,5,24,4,7,517
27,68,69,27.91438865661621,27.766014099121094,2.3265156745910645,0.0,0.0,5,24,5,6,528
27,68,70,27.91438865661621,27.766014099121094,2.3265156745910645,0.0,0.0,5,24,5,6,537
27,68,71,27.91438865661621,27.766014099121094,2.3265156745910645,0.0,0.0,5,24,6,5,545
27,68,72,27.91438865661621,27.766014099121094,2.3265156745910645,0.0,0.0,5,24,6,5,552
27,68,73,27.91438865661621,27.766014099121094,2.3265156745910645,0.0,0.0,5,24,7,4,565
27,68,74,27.91438865661621,27.766014099121094,2.3265156745910645,0.0,0.0,5,24,7,4,575
27,68,75,27.91438865661621,27.766014099121094,2.3265156745910645,0.0,0.0,5,24,7,4,585
27,68,76,27.91438865661621,27.766014099121094,2.3265156745910645,0.0,0.0,5,24,7,4,589
27,68,77,27.91438865661621,27.766014099121094,2.3265156745910645,0.0,0.0,5,24,8,3,597
27,68,78,27.91438865661621,27.766014099121094,2.3265156745910645,0.0,0.0,5,24,9,2,602
27,68,79,27.91438865661621,27.766014099121094,2.3265156745910645,0.0,0.0,5,24,10,1,613
27,68,80,27.91438865661621,27.766014099121094,2.3265156745910645,0.0,0.0,5,24,10,1,620
27,68,81,27.91438865661621,27.766014099121094,2.3265156745910645,0.0,0.0,5,24,10,1,625
27,68,82,27.91438865661621,27.766014099121094,2.3265156745910645,0.0,0.0,5,24,10,1,629
27,68,83,27.91438865661621,27.766014099121094,2.3265156745910645,0.0,0.0,5,24,10,1,634
27,68,84,27.91438865661621,27.766014099121094,2.3265156745910645,0.0,0.0,5,24,10,1,640
27,68,85,27.91438865661621,27.766014099121094,2.3265156745910645,0.0,0.0,5,24,10,1,651
27,68,86,27.91438865661621,27.766014099121094,2.3265156745910645,0.0,0.0,5,24,10,1,656
27,68,87,27.91438865661621,27.766014099121094,2.3265156745910645,0.0,0.0,5,24,10,1,660
27,68,88,27.91438865661621,27.766014099121094,2.3265156745910645,0.0,0.0,5,24,10,1,661
27,68,89,27.91438865661621,27.766014099121094,2.3265156745910645,0.0,0.0,5,24,10,1,667
27,68,90,27.91438865661621,27.766014099121094,2.3265156745910645,0.0,0.0,5,24,10,1,669
27,68,91,27.91438865661621,27.766014099121094,2.3265156745910645,0.0,0.0,5,24,10,1,675
27,68,92,27.91438865661621,27.766014099121094,2.3265156745910645,0.0,0.0,5,24,10,1,683
27,68,93,27.91438865661621,27.766014099121094,2.3265156745910645,0.0,0.0,5,24,10,1,686
27,68,94,27.91438865661621,27.766014099121094,2.3265156745910645,0.0,0.0,5,24,10,1,690
27,68,95,27.91438865661621,27.766014099121094,2.3265156745910645,0.0,0.0,5,24,10,1,697
27,68,96,27.91438865661621,27.766014099121094,2.3265156745910645,0.0,0.0,5,24,10,1,704
27,68,97,27.91438865661621,27.766014099121094,2.3265156745910645,0.0,0.0,5,24,10,1,709
27,68,98,27.91438865661621,27.766014099121094,2.3265156745910645,0.0,0.0,5,24,11,0,711
28,69,1,28.066585540771484,27.108444213867188,3.4532198905944824,0.20000000298023224,1.0,0,0,0,40,3
28,69,2,28.683456420898438,27.83733367919922,2.450861692428589,0.20000000298023224,1.0,0,0,0,40,5
28,69,3,28.683456420898438,27.83733367919922,2.450861692428589,0.20000000298023224,1.0,0,0,0,40,6
28,69,4,28.73859405517578,27.726102828979492,2.5895774364471436,0.15000000596046448,1.0,2,0,0,38,8
28,69,5,28.812503814697266,27.722909927368164,2.583522319793701,0.10000000149011612,1.0,2,0,0,38,8
28,69,6,28.83346176147461,27.83022689819336,2.4397149085998535,0.10000000149011612,1.0,2,0,0,38,11
28,69,7,28.885112762451172,27.719757080078125,2.577442169189453,0.05000000074505806,1.0,2,1,0,37,13
28,69,8,28.906494140625,27.82667350769043,2.434173822402954,0.05000000074505806,1.0,2,2,0,36,19
28,69,9,28.95634651184082,27.716646194458008,2.5713422298431396,0.0,1.0,2,4,0,34,20
28,69,10,28.978116989135742,27.8231258392334,2.4286580085754395,0.0,1.0,2,6,0,32,23
28,69,11,28.978116989135742,27.8231258392334,2.4286580085754395,0.0,1.0,2,8,1,29,27
28,69,12,28.978116989135742,27.8231258392334,2.4286580085754395,0.0,1.0,2,8,1,29,30
28,69,13,28.978116989135742,27.8231258392334,2.4286580085754395,0.0,1.0,2,10,1,27,33
28,69,14,28.978116989135742,27.8231258392334,2.4286580085754395,0.0,1.0,2,12,1,25,36
28,69,15,28.978116989135742,27.8231258392334,2.4286580085754395,0.0,1.0,2,13,1,24,39
28,69,16,28.978116989135742,27.8231258392334,2.4286580085754395,0.0,1.0,2,13,1,24,43
28,69,17,28.978116989135742,27.8231258392334,2.4286580085754395,0.0,1.0,2,13,2,23,50
28,69,18,28.978116989135742,27.8231258392334,2.4286580085754395,0.0,1.0,2,13,2,23,55
28,69,19,28.978116989135742,27.8231258392334,2.4286580085754395,0.0,1.0,2,14,2,22,60
28,69,20,28.978116989135742,27.8231258392334,2.4286580085754395,0.0,1.0,2,14,2,22,67
28,69,21,28.78670310974121,27.85011863708496,2.468353509902954,0.0,0.949999988079071,2,16,2,20,70
28,69,22,28.739660263061523,27.847503662109375,2.4639103412628174,0.0,0.8999999761581421,2,16,2,20,79
28,69,23,28.886016845703125,27.81742286682129,2.4194657802581787,0.0,0.8999999761581421,2,17,2,19,86
28,69,24,28.691627502441406,27.84486961364746,2.459322929382324,0.0,0.8500000238418579,2,17,2,19,92
28,69,25,28.83838653564453,27.814558029174805,2.4146761894226074,0.0,0.8500000238418579,2,17,2,19,98
28,69,26,28.83838653564453,27.814558029174805,2.4146761894226074,0.0,0.8500000238418579,2,17,2,19,103
28,69,27,28.83838653564453,27.814558029174805,2.4146761894226074,0.0,0.8500000238418579,2,17,2,19,115
28,69,28,28.64263153076172,27.842212677001953,2.454598903656006,0.0,0.800000011920929,2,17,2,19,127
28,69,29,28.592710494995117,27.83953285217285,2.449747085571289,0.0,0.75,2,17,2,19,139
28,69,30,28.74009895324707,27.80881690979004,2.404754877090454,0.0,0.75,2,19,2,17,146
28,69,31,28.74009895324707,27.80881690979004,2.404754877090454,0.0,0.75,2,20,2,16,157
28,69,32,28.541898727416992,27.836833953857422,2.4447779655456543,0.0,0.699999988079071,2,21,2,15,175
28,69,33,28.689512252807617,27.805940628051758,2.3996448516845703,0.0,0.699999988079071,2,21,3,14,184
28,69,34,28.689512252807617,27.805940628051758,2.3996448516845703,0.0,0.699999988079071,2,21,3,14,191
28,69,35,28.689512252807617,27.805940628051758,2.3996448516845703,0.0,0.699999988079071,2,21,3,14,198
28,69,36,28.490245819091797,27.83411407470703,2.4397029876708984,0.0,0.6499999761581421,2,22,3,13,211
28,69,37,28.638017654418945,27.803062438964844,2.394451856613159,0.0,0.6499999761581421,2,22,3,13,221
28,69,38,28.638017654418945,27.803062438964844,2.394451856613159,0.0,0.6499999761581421,2,22,3,13,228
28,69,39,28.638017654418945,27.803062438964844,2.394451856613159,0.0,0.6499999761581421,2,22,3,13,234
28,69,40,28.43779754638672,27.831375122070312,2.434535264968872,0.0,0.6000000238418579,2,22,3,13,241
28,69,41,28.585664749145508,27.80018424987793,2.3891892433166504,0.0,0.6000000238418579,2,23,3,12,251
28,69,42,28.384611129760742,27.82861328125,2.429287910461426,0.0,0.550000011920929,2,23,3,12,258
28,69,43,28.532506942749023,27.797306060791016,2.3838725090026855,0.0,0.550000011920929,2,24,3,11,261
28,69,44,28.532506942749023,27.797306060791016,2.3838725090026855,0.0,0.550000011920929,2,24,3,11,271
28,69,45,28.532506942749023,27.797306060791016,2.3838725090026855,0.0,0.550000011920929,2,24,3,11,281
28,69,46,28.330745697021484,27.825834274291992,2.423976421356201,0.0,0.5,2,24,3,11,293
28,69,47,28.478605270385742,27.794431686401367,2.378516674041748,0.0,0.5,2,24,3,11,300
28,69,48,28.478605270385742,27.794431686401367,2.378516674041748,0.0,0.5,2,25,4,9,306
28,69,49,28.276264190673828,27.823036193847656,2.4186158180236816,0.0,0.44999998807907104,2,25,4,9,313
28,69,50,28.424020767211914,27.79155921936035,2.373138189315796,0.0,0.44999998807907104,2,25,4,9,322
28,69,51,28.221233367919922,27.820219039916992,2.4132227897644043,0.0,0.4000000059604645,2,25,4,9,333
28,69,52,28.368824005126953,27.7886905670166,2.3677542209625244,0.0,0.4000000059604645,2,26,5,7,340
28,69,53,28.368824005126953,27.7886905670166,2.3677542209625244,0.0,0.4000000059604645,2,28,5,5,344
28,69,54,28.165727615356445,27.8173828125,2.4078140258789062,0.0,0.3499999940395355,2,28,5,5,356
28,69,55,28.313085556030273,27.785829544067383,2.3623814582824707,0.0,0.3499999940395355,2,28,5,5,367
28,69,56,28.109819412231445,27.814531326293945,2.4024062156677246,0.0,0.30000001192092896,2,28,5,5,373
28,69,57,28.256881713867188,27.78297233581543,2.3570375442504883,0.0,0.30000001192092896,2,28,5,5,379
28,69,58,28.053585052490234,27.811662673950195,2.397017002105713,0.0,0.25,2,28,5,5,385
28,69,59,28.20029067993164,27.780122756958008,2.3517396450042725,0.0,0.25,2,28,5,5,389
28,69,60,27.997106552124023,27.808778762817383,2.3916635513305664,0.0,0.20000000298023224,2,29,5,4,396
28,69,61,28.14339256286621,27.777280807495117,2.3465049266815186,0.0,0.20000000298023224,2,29,5,4,409
28,69,62,28.14339256286621,27.777280807495117,2.3465049266815186,0.0,0.20000000298023224,2,29,5,4,421
28,69,63,28.14339256286621,27.777280807495117,2.3465049266815186,0.0,0.20000000298023224,2,29,5,4,426
28,69,64,28.14339256286621,27.777280807495117,2.3465049266815186,0.0,0.20000000298023224,2,30,5,3,436
28,69,65,27.940460205078125,27.80588150024414,2.3863627910614014,0.0,0.15000000596046448,2,30,5,3,445
28,69,66,28.086271286010742,27.77444839477539,2.3413496017456055,0.0,0.15000000596046448,2,30,5,3,454
28,69,67,27.883729934692383,27.80297088623047,2.3811309337615967,0.0,0.10000000149011612,2,30,5,3,463
28,69,68,28.029006958007812,27.77162742614746,2.336289644241333,0.0,0.10000000149011612,2,30,5,3,470
28,69,69,28.029006958007812,27.77162742614746,2.336289644241333,0.0,0.10000000149011612,2,30,5,3,478
28,69,70,28.029006958007812,27.77162742614746,2.336289644241333,0.0,0.10000000149011612,2,30,6,2,485
28,69,71,28.029006958007812,27.77162742614746,2.336289644241333,0.0,0.10000000149011612,2,30,6,2,491
28,69,72,28.029006958007812,27.77162742614746,2.336289644241333,0.0,0.10000000149011612,2,30,6,2,498
28,69,73,28.029006958007812,27.77162742614746,2.336289644241333,0.0,0.10000000149011612,2,30,7,1,515
28,69,74,27.826995849609375,27.800048828125,2.375983953475952,0.0,0.05000000074505806,2,30,8,0,525
29,70,1,28.03417205810547,27.12654685974121,3.4387741088867188,0.30000001192092896,1.0,0,0,0,40,1
29,70,2,28.528785705566406,27.844396591186523,2.4620747566223145,0.30000001192092896,1.0,0,0,0,40,2
29,70,3,28.587200164794922,27.732587814331055,2.6015894412994385,0.25,1.0,0,0,0,40,4
29,70,4,28.606657028198242,27.84087371826172,2.4564614295959473,0.25,1.0,1,0,0,39,5
29,70,5,28.606657028198242,27.84087371826172,2.4564614295959473,0.25,1.0,1,0,0,39,5
29,70,6,28.606657028198242,27.84087371826172,2.4564614295959473,0.25,1.0,1,0,0,39,7
29,70,7,28.606657028198242,27.84087371826172,2.4564614295959473,0.25,1.0,2,0,0,38,10
29,70,8,28.663463592529297,27.72933006286621,2.5956015586853027,0.20000000298023224,1.0,2,0,0,38,13
29,70,9,28.5446720123291,27.75278663635254,2.629693031311035,0.15000000596046448,0.949999988079071,3,1,0,36,14
29,70,10,28.51462173461914,27.858388900756836,2.480609178543091,0.15000000596046448,0.8999999761581421,3,2,0,35,17
29,70,11,28.662065505981445,27.828102111816406,2.436025619506836,0.15000000596046448,0.8999999761581421,3,2,0,35,20
29,70,12,28.662065505981445,27.828102111816406,2.436025619506836,0.15000000596046448,0.8999999761581421,3,4,0,33,25
29,70,13,28.4642333984375,27.855764389038086,2.4760043621063232,0.15000000596046448,0.8500000238418579,3,4,0,33,28
29,70,14,28.612058639526367,27.825244903564453,2.4311976432800293,0.15000000596046448,0.8500000238418579,3,4,0,33,33
29,70,15,28.41295623779297,27.853113174438477,2.4712588787078857,0.15000000596046448,0.800000011920929,3,4,0,33,35
29,70,16,28.360836029052734,27.850435256958008,2.4663822650909424,0.15000000596046448,0.75,3,4,0,33,38
29,70,17,28.50924301147461,27.819499969482422,2.421187162399292,0.15000000596046448,0.75,4,5,0,31,43
29,70,18,28.50924301147461,27.819499969482422,2.421187162399292,0.15000000596046448,0.75,4,6,0,30,47
29,70,19,28.50924301147461,27.819499969482422,2.421187162399292,0.15000000596046448,0.75,5,7,0,28,55
29,70,20,28.307920455932617,27.84773063659668,2.4613852500915527,0.15000000596046448,0.699999988079071,5,7,0,28,60
29,70,21,28.2542667388916,27.845001220703125,2.456280469894409,0.15000000596046448,0.6499999761581421,6,9,0,25,64
29,70,22,28.199934005737305,27.84224510192871,2.4510810375213623,0.15000000596046448,0.6000000238418579,6,10,0,24,67
29,70,23,28.348718643188477,27.810829162597656,2.4054670333862305,0.15000000596046448,0.6000000238418579,6,11,0,23,74
29,70,24,28.41219711303711,27.69725227355957,2.5480828285217285,0.10000000149011612,0.6000000238418579,6,13,0,21,80
29,70,25,28.428897857666016,27.807260513305664,2.4000113010406494,0.10000000149011612,0.6000000238418579,6,14,0,20,91
29,70,26,28.428897857666016,27.807260513305664,2.4000113010406494,0.10000000149011612,0.6000000238418579,6,15,0,19,98
29,70,27,28.428897857666016,27.807260513305664,2.4000113010406494,0.10000000149011612,0.6000000238418579,6,15,0,19,102
29,70,28,28.428897857666016,27.807260513305664,2.4000113010406494,0.10000000149011612,0.6000000238418579,6,16,0,18,110
29,70,29,28.290372848510742,27.722536087036133,2.5822339057922363,0.05000000074505806,0.550000011920929,6,17,0,17,113
29,70,30,28.45412254333496,27.800823211669922,2.3892481327056885,0.05000000074505806,0.550000011920929,6,17,0,17,120
29,70,31,28.45412254333496,27.800823211669922,2.3892481327056885,0.05000000074505806,0.550000011920929,6,19,0,15,130
29,70,32,28.251388549804688,27.829431533813477,2.429455041885376,0.05000000074505806,0.5,6,21,0,13,139
29,70,33,28.39962387084961,27.797937393188477,2.3838725090026855,0.05000000074505806,0.5,6,21,0,13,146
29,70,34,28.46214485168457,27.68486785888672,2.5261735916137695,0.0,0.5,6,21,0,13,154
29,70,35,28.276264190673828,27.823036193847656,2.4186158180236816,0.0,0.44999998807907104,6,21,0,13,162
29,70,36,28.221233367919922,27.820219039916992,2.4132227897644043,0.0,0.4000000059604645,6,21,0,13,169
29,70,37,28.368824005126953,27.7886905670166,2.3677542209625244,0.0,0.4000000059604645,6,21,0,13,176
29,70,38,28.368824005126953,27.7886905670166,2.3677542209625244,0.0,0.4000000059604645,6,23,0,11,187
29,70,39,28.165727615356445,27.8173828125,2.4078140258789062,0.0,0.3499999940395355,6,23,0,11,196
29,70,40,28.109819412231445,27.814531326293945,2.4024062156677246,0.0,0.30000001192092896,6,24,0,10,205
29,70,41,28.256881713867188,27.78297233581543,2.3570375442504883,0.0,0.30000001192092896,6,24,0,10,212
29,70,42,28.256881713867188,27.78297233581543,2.3570375442504883,0.0,0.30000001192092896,6,25,0,9,220
29,70,43,28.053585052490234,27.811662673950195,2.397017002105713,0.0,0.25,6,25,0,9,230
29,70,44,28.20029067993164,27.780122756958008,2.3517396450042725,0.0,0.25,6,25,0,9,234
29,70,45,28.20029067993164,27.780122756958008,2.3517396450042725,0.0,0.25,6,26,0,8,238
29,70,46,27.997106552124023,27.808778762817383,2.3916635513305664,0.0,0.20000000298023224,6,27,0,7,246
29,70,47,28.14339256286621,27.777280807495117,2.3465049266815186,0.0,0.20000000298023224,6,27,0,7,255
29,70,48,28.14339256286621,27.777280807495117,2.3465049266815186,0.0,0.20000000298023224,6,27,0,7,265
29,70,49,28.14339256286621,27.777280807495117,2.3465049266815186,0.0,0.20000000298023224,6,27,0,7,272
29,70,50,28.14339256286621,27.777280807495117,2.3465049266815186,0.0,0.20000000298023224,6,27,0,7,281
29,70,51,27.940460205078125,27.80588150024414,2.3863627910614014,0.0,0.15000000596046448,6,27,0,7,291
29,70,52,27.883729934692383,27.80297088623047,2.3811309337615967,0.0,0.10000000149011612,6,27,0,7,299
29,70,53,28.029006958007812,27.77162742614746,2.336289644241333,0.0,0.10000000149011612,6,27,0,7,309
29,70,54,28.029006958007812,27.77162742614746,2.336289644241333,0.0,0.10000000149011612,6,27,1,6,320
29,70,55,28.029006958007812,27.77162742614746,2.336289644241333,0.0,0.10000000149011612,6,27,1,6,329
29,70,56,27.826995849609375,27.800048828125,2.375983953475952,0.0,0.05000000074505806,6,27,1,6,337
29,70,57,27.9716854095459,27.768814086914062,2.3313403129577637,0.0,0.05000000074505806,6,28,1,5,345
29,70,58,27.9716854095459,27.768814086914062,2.3313403129577637,0.0,0.05000000074505806,6,28,1,5,356
29,70,59,27.770336151123047,27.797117233276367,2.3709373474121094,0.0,0.0,6,28,1,5,367
29,70,60,27.91438865661621,27.766014099121094,2.3265156745910645,0.0,0.0,6,28,1,5,380
29,70,61,27.91438865661621,27.766014099121094,2.3265156745910645,0.0,0.0,6,28,1,5,391
29,70,62,27.91438865661621,27.766014099121094,2.3265156745910645,0.0,0.0,6,28,1,5,407
29,70,63,27.91438865661621,27.766014099121094,2.3265156745910645,0.0,0.0,6,28,1,5,420
29,70,64,27.91438865661621,27.766014099121094,2.3265156745910645,0.0,0.0,6,28,3,3,439
29,70,65,27.91438865661621,27.766014099121094,2.3265156745910645,0.0,0.0,6,28,3,3,450
29,70,66,27.91438865661621,27.766014099121094,2.3265156745910645,0.0,0.0,6,28,3,3,464
29,70,67,27.91438865661621,27.766014099121094,2.3265156745910645,0.0,0.0,6,28,3,3,472
29,70,68,27.91438865661621,27.766014099121094,2.3265156745910645,0.0,0.0,6,28,3,3,480
29,70,69,27.91438865661621,27.766014099121094,2.3265156745910645,0.0,0.0,6,28,3,3,490
29,70,70,27.91438865661621,27.766014099121094,2.3265156745910645,0.0,0.0,6,28,3,3,500
29,70,71,27.91438865661621,27.766014099121094,2.3265156745910645,0.0,0.0,6,28,3,3,513
29,70,72,27.91438865661621,27.766014099121094,2.3265156745910645,0.0,0.0,6,28,4,2,526
29,70,73,27.91438865661621,27.766014099121094,2.3265156745910645,0.0,0.0,6,28,4,2,535
29,70,74,27.91438865661621,27.766014099121094,2.3265156745910645,0.0,0.0,6,28,4,2,552
29,70,75,27.91438865661621,27.766014099121094,2.3265156745910645,0.0,0.0,6,28,4,2,558
29,70,76,27.91438865661621,27.766014099121094,2.3265156745910645,0.0,0.0,6,28,5,1,567
29,70,77,27.91438865661621,27.766014099121094,2.3265156745910645,0.0,0.0,6,28,6,0,578
30,71,1,28.03417205810547,27.12654685974121,3.4387741088867188,0.30000001192092896,1.0,0,0,0,40,3
30,71,2,28.528785705566406,27.844396591186523,2.4620747566223145,0.30000001192092896,1.0,1,0,0,39,4
30,71,3,28.528785705566406,27.844396591186523,2.4620747566223145,0.30000001192092896,1.0,1,0,0,39,4
30,71,4,28.528785705566406,27.844396591186523,2.4620747566223145,0.30000001192092896,1.0,2,2,0,36,6
30,71,5,28.587200164794922,27.732587814331055,2.6015894412994385,0.25,1.0,2,2,0,36,9
30,71,6,28.663463592529297,27.72933006286621,2.5956015586853027,0.20000000298023224,1.0,2,3,0,35,13
30,71,7,28.73859405517578,27.726102828979492,2.5895774364471436,0.15000000596046448,1.0,2,3,0,35,14
30,71,8,28.75908851623535,27.833782196044922,2.4452786445617676,0.15000000596046448,1.0,2,3,1,34,16
30,71,9,28.564085006713867,27.860984802246094,2.485064744949341,0.15000000596046448,0.949999988079071,4,4,1,31,20
30,71,10,28.51462173461914,27.858388900756836,2.480609178543091,0.15000000596046448,0.8999999761581421,4,4,1,31,27
30,71,11,28.718183517456055,27.716373443603516,2.5755958557128906,0.10000000149011612,0.8999999761581421,4,4,1,31,29
30,71,12,28.73805809020996,27.824535369873047,2.4304821491241455,0.10000000149011612,0.8999999761581421,5,5,1,29,33
30,71,13,28.598073959350586,27.740270614624023,2.609722375869751,0.05000000074505806,0.8500000238418579,5,5,2,28,39
30,71,14,28.764301300048828,27.8181095123291,2.420158624649048,0.05000000074505806,0.8500000238418579,6,6,3,25,44
30,71,15,28.56732749938965,27.84584617614746,2.460146188735962,0.05000000074505806,0.800000011920929,7,6,3,24,51
30,71,16,28.71486473083496,27.815237045288086,2.415236711502075,0.05000000074505806,0.800000011920929,7,6,4,23,60
30,71,17,28.71486473083496,27.815237045288086,2.415236711502075,0.05000000074505806,0.800000011920929,7,6,4,23,66
30,71,18,28.71486473083496,27.815237045288086,2.415236711502075,0.05000000074505806,0.800000011920929,7,7,4,22,77
30,71,19,28.51664924621582,27.84316635131836,2.45528507232666,0.05000000074505806,0.75,7,7,4,22,85
30,71,20,28.664464950561523,27.812360763549805,2.410205841064453,0.05000000074505806,0.75,7,7,4,22,90
30,71,21,28.52432632446289,27.728130340576172,2.590575933456421,0.0,0.699999988079071,7,7,4,22,101
30,71,22,28.689512252807617,27.805940628051758,2.3996448516845703,0.0,0.699999988079071,7,7,4,22,110
30,71,23,28.490245819091797,27.83411407470703,2.4397029876708984,0.0,0.6499999761581421,7,7,4,22,119
30,71,24,28.638017654418945,27.803062438964844,2.394451856613159,0.0,0.6499999761581421,7,7,4,22,130
30,71,25,28.638017654418945,27.803062438964844,2.394451856613159,0.0,0.6499999761581421,7,7,5,21,136
30,71,26,28.638017654418945,27.803062438964844,2.394451856613159,0.0,0.6499999761581421,7,7,5,21,143
30,71,27,28.638017654418945,27.803062438964844,2.394451856613159,0.0,0.6499999761581421,7,7,5,21,146
30,71,28,28.638017654418945,27.803062438964844,2.394451856613159,0.0,0.6499999761581421,7,7,5,21,154
30,71,29,28.638017654418945,27.803062438964844,2.394451856613159,0.0,0.6499999761581421,7,7,5,21,159
30,71,30,28.43779754638672,27.831375122070312,2.434535264968872,0.0,0.6000000238418579,7,7,5,21,167
30,71,31,28.384611129760742,27.82861328125,2.429287910461426,0.0,0.550000011920929,7,9,5,19,177
30,71,32,28.532506942749023,27.797306060791016,2.3838725090026855,0.0,0.550000011920929,7,9,6,18,183
30,71,33,28.330745697021484,27.825834274291992,2.423976421356201,0.0,0.5,7,10,6,17,191
30,71,34,28.478605270385742,27.794431686401367,2.378516674041748,0.0,0.5,7,11,6,16,198
30,71,35,28.478605270385742,27.794431686401367,2.378516674041748,0.0,0.5,7,12,6,15,204
30,71,36,28.478605270385742,27.794431686401367,2.378516674041748,0.0,0.5,7,13,6,14,209
30,71,37,28.478605270385742,27.794431686401367,2.378516674041748,0.0,0.5,7,13,6,14,217
30,71,38,28.478605270385742,27.794431686401367,2.378516674041748,0.0,0.5,7,13,6,14,228
30,71,39,28.276264190673828,27.823036193847656,2.4186158180236816,0.0,0.44999998807907104,7,13,6,14,235
30,71,40,28.424020767211914,27.79155921936035,2.373138189315796,0.0,0.44999998807907104,7,13,6,14,246
30,71,41,28.424020767211914,27.79155921936035,2.373138189315796,0.0,0.44999998807907104,7,14,6,13,255
30,71,42,28.424020767211914,27.79155921936035,2.373138189315796,0.0,0.44999998807907104,7,14,6,13,268
30,71,43,28.221233367919922,27.820219039916992,2.4132227897644043,0.0,0.4000000059604645,7,14,6,13,279
30,71,44,28.368824005126953,27.7886905670166,2.3677542209625244,0.0,0.4000000059604645,7,14,6,13,291
30,71,45,28.368824005126953,27.7886905670166,2.3677542209625244,0.0,0.4000000059604645,7,15,6,12,305
30,71,46,28.165727615356445,27.8173828125,2.4078140258789062,0.0,0.3499999940395355,7,15,7,11,317
30,71,47,28.313085556030273,27.785829544067383,2.3623814582824707,0.0,0.3499999940395355,7,16,7,10,327
30,71,48,28.313085556030273,27.785829544067383,2.3623814582824707,0.0,0.3499999940395355,7,16,7,10,334
30,71,49,28.313085556030273,27.785829544067383,2.3623814582824707,0.0,0.3499999940395355,7,17,7,9,343
30,71,50,28.313085556030273,27.785829544067383,2.3623814582824707,0.0,0.3499999940395355,7,17,7,9,355
30,71,51,28.313085556030273,27.785829544067383,2.3623814582824707,0.0,0.3499999940395355,7,17,7,9,370
30,71,52,28.313085556030273,27.785829544067383,2.3623814582824707,0.0,0.3499999940395355,7,17,7,9,377
30,71,53,28.109819412231445,27.814531326293945,2.4024062156677246,0.0,0.30000001192092896,7,17,7,9,384
30,71,54,28.256881713867188,27.78297233581543,2.3570375442504883,0.0,0.30000001192092896,7,18,7,8,396
30,71,55,28.256881713867188,27.78297233581543,2.3570375442504883,0.0,0.30000001192092896,7,19,7,7,409
30,71,56,28.053585052490234,27.811662673950195,2.397017002105713,0.0,0.25,7,19,8,6,415
30,71,57,28.20029067993164,27.780122756958008,2.3517396450042725,0.0,0.25,7,20,8,5,431
30,71,58,28.20029067993164,27.780122756958008,2.3517396450042725,0.0,0.25,7,20,8,5,444
30,71,59,27.997106552124023,27.808778762817383,2.3916635513305664,0.0,0.20000000298023224,7,21,8,4,450
30,71,60,28.14339256286621,27.777280807495117,2.3465049266815186,0.0,0.20000000298023224,7,21,8,4,461
30,71,61,28.14339256286621,27.777280807495117,2.3465049266815186,0.0,0.20000000298023224,7,21,8,4,473
30,71,62,28.14339256286621,27.777280807495117,2.3465049266815186,0.0,0.20000000298023224,7,21,8,4,480
30,71,63,27.940460205078125,27.80588150024414,2.3863627910614014,0.0,0.15000000596046448,7,21,8,4,493
30,71,64,27.883729934692383,27.80297088623047,2.3811309337615967,0.0,0.10000000149011612,7,21,8,4,501
30,71,65,28.029006958007812,27.77162742614746,2.336289644241333,0.0,0.10000000149011612,7,21,8,4,504
30,71,66,28.029006958007812,27.77162742614746,2.336289644241333,0.0,0.10000000149011612,7,21,8,4,511
30,71,67,28.029006958007812,27.77162742614746,2.336289644241333,0.0,0.10000000149011612,7,21,8,4,516
30,71,68,28.029006958007812,27.77162742614746,2.336289644241333,0.0,0.10000000149011612,7,21,8,4,522
30,71,69,28.029006958007812,27.77162742614746,2.336289644241333,0.0,0.10000000149011612,7,21,8,4,526
30,71,70,27.826995849609375,27.800048828125,2.375983953475952,0.0,0.05000000074505806,7,21,8,4,532
30,71,71,27.9716854095459,27.768814086914062,2.3313403129577637,0.0,0.05000000074505806,7,21,10,2,540
30,71,72,27.9716854095459,27.768814086914062,2.3313403129577637,0.0,0.05000000074505806,7,21,10,2,545
30,71,73,27.9716854095459,27.768814086914062,2.3313403129577637,0.0,0.05000000074505806,7,21,10,2,549
30,71,74,27.9716854095459,27.768814086914062,2.3313403129577637,0.0,0.05000000074505806,7,21,10,2,558
30,71,75,27.770336151123047,27.797117233276367,2.3709373474121094,0.0,0.0,7,21,10,2,563
30,71,76,27.91438865661621,27.766014099121094,2.3265156745910645,0.0,0.0,7,21,10,2,568
30,71,77,27.91438865661621,27.766014099121094,2.3265156745910645,0.0,0.0,7,21,10,2,575
30,71,78,27.91438865661621,27.766014099121094,2.3265156745910645,0.0,0.0,7,21,10,2,582
30,71,79,27.91438865661621,27.766014099121094,2.3265156745910645,0.0,0.0,7,21,10,2,591
30,71,80,27.91438865661621,27.766014099121094,2.3265156745910645,0.0,0.0,7,21,10,2,602
30,71,81,27.91438865661621,27.766014099121094,2.3265156745910645,0.0,0.0,7,21,11,1,612
30,71,82,27.91438865661621,27.766014099121094,2.3265156745910645,0.0,0.0,7,21,11,1,620
30,71,83,27.91438865661621,27.766014099121094,2.3265156745910645,0.0,0.0,7,21,11,1,627
30,71,84,27.91438865661621,27.766014099121094,2.3265156745910645,0.0,0.0,7,21,11,1,634
30,71,85,27.91438865661621,27.766014099121094,2.3265156745910645,0.0,0.0,7,21,11,1,641
30,71,86,27.91438865661621,27.766014099121094,2.3265156745910645,0.0,0.0,7,21,11,1,646
30,71,87,27.91438865661621,27.766014099121094,2.3265156745910645,0.0,0.0,7,21,11,1,653
30,71,88,27.91438865661621,27.766014099121094,2.3265156745910645,0.0,0.0,7,21,11,1,662
30,71,89,27.91438865661621,27.766014099121094,2.3265156745910645,0.0,0.0,7,21,11,1,669
30,71,90,27.91438865661621,27.766014099121094,2.3265156745910645,0.0,0.0,7,21,12,0,675
