episode,seed,step,cA,cB,wc,F1_exitA_threat,F2_exitB_threat,escaped_A,escaped_B,dead,remaining,fire_cells
1,42,1,28.09886932373047,27.106313705444336,3.451124668121338,0.15000000596046448,1.0,0,0,0,40,1
1,42,2,28.75908851623535,27.833782196044922,2.4452786445617676,0.15000000596046448,1.0,0,1,0,39,1
1,42,3,28.75908851623535,27.833782196044922,2.4452786445617676,0.15000000596046448,1.0,0,1,0,39,1
1,42,4,28.75908851623535,27.833782196044922,2.4452786445617676,0.15000000596046448,1.0,1,2,0,37,1
1,42,5,28.75908851623535,27.833782196044922,2.4452786445617676,0.15000000596046448,1.0,2,2,0,36,2
1,42,6,28.75908851623535,27.833782196044922,2.4452786445617676,0.15000000596046448,1.0,2,3,0,35,3
1,42,7,28.812503814697266,27.722909927368164,2.583522319793701,0.10000000149011612,1.0,2,4,0,34,3
1,42,8,28.83346176147461,27.83022689819336,2.4397149085998535,0.10000000149011612,1.0,3,4,0,33,5
1,42,9,28.83346176147461,27.83022689819336,2.4397149085998535,0.10000000149011612,1.0,3,4,0,33,5
1,42,10,28.83346176147461,27.83022689819336,2.4397149085998535,0.10000000149011612,1.0,4,4,0,32,6
1,42,11,28.83346176147461,27.83022689819336,2.4397149085998535,0.10000000149011612,1.0,4,5,0,31,6
1,42,12,28.83346176147461,27.83022689819336,2.4397149085998535,0.10000000149011612,1.0,5,5,0,30,7
1,42,13,28.885112762451172,27.719757080078125,2.577442169189453,0.05000000074505806,1.0,5,5,0,30,10
1,42,14,28.906494140625,27.82667350769043,2.434173822402954,0.05000000074505806,1.0,5,6,0,29,10
1,42,15,28.906494140625,27.82667350769043,2.434173822402954,0.05000000074505806,1.0,5,6,0,29,12
1,42,16,28.906494140625,27.82667350769043,2.434173822402954,0.05000000074505806,1.0,5,6,0,29,14
1,42,17,28.906494140625,27.82667350769043,2.434173822402954,0.05000000074505806,1.0,5,6,0,29,15
1,42,18,28.906494140625,27.82667350769043,2.434173822402954,0.05000000074505806,1.0,5,6,0,29,16
1,42,19,28.906494140625,27.82667350769043,2.434173822402954,0.05000000074505806,1.0,5,6,0,29,19
1,42,20,28.906494140625,27.82667350769043,2.434173822402954,0.05000000074505806,1.0,6,7,0,27,22
1,42,21,28.95634651184082,27.716646194458008,2.5713422298431396,0.0,1.0,6,7,0,27,24
1,42,22,28.978116989135742,27.8231258392334,2.4286580085754395,0.0,1.0,6,7,0,27,25
1,42,23,28.978116989135742,27.8231258392334,2.4286580085754395,0.0,1.0,6,9,0,25,28
1,42,24,28.978116989135742,27.8231258392334,2.4286580085754395,0.0,1.0,6,9,0,25,29
1,42,25,28.978116989135742,27.8231258392334,2.4286580085754395,0.0,1.0,6,9,0,25,29
1,42,26,28.978116989135742,27.8231258392334,2.4286580085754395,0.0,1.0,6,9,1,24,33
1,42,27,28.978116989135742,27.8231258392334,2.4286580085754395,0.0,1.0,6,9,1,24,37
1,42,28,28.978116989135742,27.8231258392334,2.4286580085754395,0.0,1.0,6,10,1,23,40
1,42,29,28.978116989135742,27.8231258392334,2.4286580085754395,0.0,1.0,6,11,1,22,42
1,42,30,28.978116989135742,27.8231258392334,2.4286580085754395,0.0,1.0,6,11,1,22,45
1,42,31,28.978116989135742,27.8231258392334,2.4286580085754395,0.0,1.0,6,12,1,21,46
1,42,32,28.978116989135742,27.8231258392334,2.4286580085754395,0.0,1.0,6,12,1,21,47
1,42,33,28.978116989135742,27.8231258392334,2.4286580085754395,0.0,1.0,6,15,1,18,51
1,42,34,28.978116989135742,27.8231258392334,2.4286580085754395,0.0,1.0,6,15,1,18,55
1,42,35,28.978116989135742,27.8231258392334,2.4286580085754395,0.0,1.0,6,15,1,18,56
1,42,36,28.978116989135742,27.8231258392334,2.4286580085754395,0.0,1.0,6,15,1,18,62
1,42,37,28.978116989135742,27.8231258392334,2.4286580085754395,0.0,1.0,6,16,1,17,67
1,42,38,28.978116989135742,27.8231258392334,2.4286580085754395,0.0,1.0,6,17,1,16,73
1,42,39,28.978116989135742,27.8231258392334,2.4286580085754395,0.0,1.0,6,18,1,15,74
1,42,40,28.978116989135742,27.8231258392334,2.4286580085754395,0.0,1.0,6,18,2,14,78
1,42,41,28.978116989135742,27.8231258392334,2.4286580085754395,0.0,1.0,6,18,2,14,83
1,42,42,28.978116989135742,27.8231258392334,2.4286580085754395,0.0,1.0,6,18,2,14,87
1,42,43,28.978116989135742,27.8231258392334,2.4286580085754395,0.0,1.0,6,18,2,14,90
1,42,44,28.978116989135742,27.8231258392334,2.4286580085754395,0.0,1.0,6,20,2,12,93
1,42,45,28.978116989135742,27.8231258392334,2.4286580085754395,0.0,1.0,6,20,2,12,95
1,42,46,28.978116989135742,27.8231258392334,2.4286580085754395,0.0,1.0,6,20,2,12,102
1,42,47,28.978116989135742,27.8231258392334,2.4286580085754395,0.0,1.0,6,20,2,12,104
1,42,48,28.978116989135742,27.8231258392334,2.4286580085754395,0.0,1.0,6,20,2,12,109
1,42,49,28.978116989135742,27.8231258392334,2.4286580085754395,0.0,1.0,6,21,2,11,113
1,42,50,28.978116989135742,27.8231258392334,2.4286580085754395,0.0,1.0,6,21,2,11,115
1,42,51,28.978116989135742,27.8231258392334,2.4286580085754395,0.0,1.0,6,21,2,11,116
1,42,52,28.978116989135742,27.8231258392334,2.4286580085754395,0.0,1.0,6,21,2,11,118
1,42,53,28.78670310974121,27.85011863708496,2.468353509902954,0.0,0.949999988079071,6,21,2,11,121
1,42,54,28.932601928710938,27.82027816772461,2.424129009246826,0.0,0.949999988079071,6,21,2,11,124
1,42,55,28.739660263061523,27.847503662109375,2.4639103412628174,0.0,0.8999999761581421,6,21,2,11,126
1,42,56,28.886016845703125,27.81742286682129,2.4194657802581787,0.0,0.8999999761581421,6,21,2,11,130
1,42,57,28.691627502441406,27.84486961364746,2.459322929382324,0.0,0.8500000238418579,6,22,2,10,133
1,42,58,28.83838653564453,27.814558029174805,2.4146761894226074,0.0,0.8500000238418579,6,22,2,10,137
1,42,59,28.83838653564453,27.814558029174805,2.4146761894226074,0.0,0.8500000238418579,6,22,2,10,140
1,42,60,28.83838653564453,27.814558029174805,2.4146761894226074,0.0,0.8500000238418579,6,22,2,10,143
1,42,61,28.64263153076172,27.842212677001953,2.454598903656006,0.0,0.800000011920929,6,22,2,10,145
1,42,62,28.789737701416016,27.811689376831055,2.409769058227539,0.0,0.800000011920929,6,22,2,10,146
1,42,63,28.789737701416016,27.811689376831055,2.409769058227539,0.0,0.800000011920929,6,24,2,8,151
1,42,64,28.789737701416016,27.811689376831055,2.409769058227539,0.0,0.800000011920929,6,24,2,8,152
1,42,65,28.789737701416016,27.811689376831055,2.409769058227539,0.0,0.800000011920929,6,24,2,8,154
1,42,66,28.789737701416016,27.811689376831055,2.409769058227539,0.0,0.800000011920929,6,24,2,8,157
1,42,67,28.789737701416016,27.811689376831055,2.409769058227539,0.0,0.800000011920929,6,25,2,7,161
1,42,68,28.789737701416016,27.811689376831055,2.409769058227539,0.0,0.800000011920929,6,25,2,7,163
1,42,69,28.592710494995117,27.83953285217285,2.449747085571289,0.0,0.75,6,25,2,7,171
1,42,70,28.74009895324707,27.80881690979004,2.404754877090454,0.0,0.75,6,26,2,6,175
1,42,71,28.541898727416992,27.836833953857422,2.4447779655456543,0.0,0.699999988079071,6,26,2,6,177
1,42,72,28.689512252807617,27.805940628051758,2.3996448516845703,0.0,0.699999988079071,6,26,2,6,178
1,42,73,28.689512252807617,27.805940628051758,2.3996448516845703,0.0,0.699999988079071,6,26,2,6,179
1,42,74,28.689512252807617,27.805940628051758,2.3996448516845703,0.0,0.699999988079071,6,26,2,6,183
1,42,75,28.689512252807617,27.805940628051758,2.3996448516845703,0.0,0.699999988079071,6,26,2,6,190
1,42,76,28.490245819091797,27.83411407470703,2.4397029876708984,0.0,0.6499999761581421,6,26,2,6,197
1,42,77,28.638017654418945,27.803062438964844,2.394451856613159,0.0,0.6499999761581421,6,26,2,6,202
1,42,78,28.638017654418945,27.803062438964844,2.394451856613159,0.0,0.6499999761581421,6,26,2,6,205
1,42,79,28.638017654418945,27.803062438964844,2.394451856613159,0.0,0.6499999761581421,6,27,2,5,210
1,42,80,28.638017654418945,27.803062438964844,2.394451856613159,0.0,0.6499999761581421,6,28,2,4,213
1,42,81,28.638017654418945,27.803062438964844,2.394451856613159,0.0,0.6499999761581421,6,28,2,4,218
1,42,82,28.638017654418945,27.803062438964844,2.394451856613159,0.0,0.6499999761581421,6,28,2,4,223
1,42,83,28.43779754638672,27.831375122070312,2.434535264968872,0.0,0.6000000238418579,6,29,2,3,227
1,42,84,28.585664749145508,27.80018424987793,2.3891892433166504,0.0,0.6000000238418579,6,29,2,3,234
1,42,85,28.384611129760742,27.82861328125,2.429287910461426,0.0,0.550000011920929,6,29,2,3,238
1,42,86,28.330745697021484,27.825834274291992,2.423976421356201,0.0,0.5,6,29,2,3,248
1,42,87,28.276264190673828,27.823036193847656,2.4186158180236816,0.0,0.44999998807907104,6,29,2,3,253
1,42,88,28.424020767211914,27.79155921936035,2.373138189315796,0.0,0.44999998807907104,6,30,2,2,260
1,42,89,28.424020767211914,27.79155921936035,2.373138189315796,0.0,0.44999998807907104,6,30,2,2,268
1,42,90,28.424020767211914,27.79155921936035,2.373138189315796,0.0,0.44999998807907104,6,30,2,2,272
1,42,91,28.424020767211914,27.79155921936035,2.373138189315796,0.0,0.44999998807907104,6,30,2,2,274
1,42,92,28.424020767211914,27.79155921936035,2.373138189315796,0.0,0.44999998807907104,6,30,2,2,277
1,42,93,28.424020767211914,27.79155921936035,2.373138189315796,0.0,0.44999998807907104,6,30,2,2,284
1,42,94,28.221233367919922,27.820219039916992,2.4132227897644043,0.0,0.4000000059604645,6,30,2,2,288
1,42,95,28.368824005126953,27.7886905670166,2.3677542209625244,0.0,0.4000000059604645,6,30,2,2,291
1,42,96,28.368824005126953,27.7886905670166,2.3677542209625244,0.0,0.4000000059604645,6,30,2,2,293
1,42,97,28.368824005126953,27.7886905670166,2.3677542209625244,0.0,0.4000000059604645,6,30,2,2,299
1,42,98,28.368824005126953,27.7886905670166,2.3677542209625244,0.0,0.4000000059604645,6,30,2,2,302
1,42,99,28.368824005126953,27.7886905670166,2.3677542209625244,0.0,0.4000000059604645,6,30,2,2,309
1,42,100,28.368824005126953,27.7886905670166,2.3677542209625244,0.0,0.4000000059604645,6,30,2,2,314
1,42,101,28.165727615356445,27.8173828125,2.4078140258789062,0.0,0.3499999940395355,6,30,2,2,319
1,42,102,28.313085556030273,27.785829544067383,2.3623814582824707,0.0,0.3499999940395355,6,30,2,2,322
1,42,103,28.313085556030273,27.785829544067383,2.3623814582824707,0.0,0.3499999940395355,6,30,2,2,327
1,42,104,28.313085556030273,27.785829544067383,2.3623814582824707,0.0,0.3499999940395355,6,31,2,1,332
1,42,105,28.109819412231445,27.814531326293945,2.4024062156677246,0.0,0.30000001192092896,6,31,2,1,339
1,42,106,28.256881713867188,27.78297233581543,2.3570375442504883,0.0,0.30000001192092896,6,31,2,1,342
1,42,107,28.256881713867188,27.78297233581543,2.3570375442504883,0.0,0.30000001192092896,6,31,2,1,347
1,42,108,28.256881713867188,27.78297233581543,2.3570375442504883,0.0,0.30000001192092896,6,31,2,1,354
1,42,109,28.256881713867188,27.78297233581543,2.3570375442504883,0.0,0.30000001192092896,6,31,2,1,361
1,42,110,28.256881713867188,27.78297233581543,2.3570375442504883,0.0,0.30000001192092896,6,31,2,1,367
1,42,111,28.256881713867188,27.78297233581543,2.3570375442504883,0.0,0.30000001192092896,6,31,2,1,375
1,42,112,28.256881713867188,27.78297233581543,2.3570375442504883,0.0,0.30000001192092896,6,31,2,1,383
1,42,113,28.053585052490234,27.811662673950195,2.397017002105713,0.0,0.25,6,31,2,1,389
1,42,114,28.20029067993164,27.780122756958008,2.3517396450042725,0.0,0.25,6,31,2,1,395
1,42,115,28.20029067993164,27.780122756958008,2.3517396450042725,0.0,0.25,6,31,2,1,400
1,42,116,28.20029067993164,27.780122756958008,2.3517396450042725,0.0,0.25,6,31,2,1,404
1,42,117,27.997106552124023,27.808778762817383,2.3916635513305664,0.0,0.20000000298023224,6,31,2,1,410
1,42,118,28.14339256286621,27.777280807495117,2.3465049266815186,0.0,0.20000000298023224,6,31,2,1,414
1,42,119,28.14339256286621,27.777280807495117,2.3465049266815186,0.0,0.20000000298023224,6,31,2,1,422
1,42,120,28.14339256286621,27.777280807495117,2.3465049266815186,0.0,0.20000000298023224,6,31,2,1,429
1,42,121,28.14339256286621,27.777280807495117,2.3465049266815186,0.0,0.20000000298023224,6,31,2,1,431
1,42,122,28.14339256286621,27.777280807495117,2.3465049266815186,0.0,0.20000000298023224,6,31,2,1,437
1,42,123,28.14339256286621,27.777280807495117,2.3465049266815186,0.0,0.20000000298023224,6,31,2,1,446
1,42,124,28.14339256286621,27.777280807495117,2.3465049266815186,0.0,0.20000000298023224,6,32,2,0,453
2,43,1,28.132909774780273,27.104772567749023,3.4482035636901855,0.10000000149011612,1.0,0,0,0,40,1
2,43,2,28.83346176147461,27.83022689819336,2.4397149085998535,0.10000000149011612,1.0,0,0,0,40,1
2,43,3,28.83346176147461,27.83022689819336,2.4397149085998535,0.10000000149011612,1.0,0,0,0,40,1
2,43,4,28.83346176147461,27.83022689819336,2.4397149085998535,0.10000000149011612,1.0,0,0,0,40,2
2,43,5,28.885112762451172,27.719757080078125,2.577442169189453,0.05000000074505806,1.0,0,1,0,39,2
2,43,6,28.906494140625,27.82667350769043,2.434173822402954,0.05000000074505806,1.0,0,1,0,39,2
2,43,7,28.906494140625,27.82667350769043,2.434173822402954,0.05000000074505806,1.0,0,1,0,39,2
2,43,8,28.906494140625,27.82667350769043,2.434173822402954,0.05000000074505806,1.0,0,2,0,38,3
2,43,9,28.906494140625,27.82667350769043,2.434173822402954,0.05000000074505806,1.0,0,2,0,38,4
2,43,10,28.906494140625,27.82667350769043,2.434173822402954,0.05000000074505806,1.0,0,3,0,37,4
2,43,11,28.906494140625,27.82667350769043,2.434173822402954,0.05000000074505806,1.0,0,4,0,36,4
2,43,12,28.906494140625,27.82667350769043,2.434173822402954,0.05000000074505806,1.0,0,5,0,35,6
2,43,13,28.906494140625,27.82667350769043,2.434173822402954,0.05000000074505806,1.0,0,6,0,34,6
2,43,14,28.906494140625,27.82667350769043,2.434173822402954,0.05000000074505806,1.0,1,7,0,32,6
2,43,15,28.906494140625,27.82667350769043,2.434173822402954,0.05000000074505806,1.0,1,9,0,30,8
2,43,16,28.906494140625,27.82667350769043,2.434173822402954,0.05000000074505806,1.0,1,12,0,27,8
2,43,17,28.906494140625,27.82667350769043,2.434173822402954,0.05000000074505806,1.0,1,13,0,26,9
2,43,18,28.906494140625,27.82667350769043,2.434173822402954,0.05000000074505806,1.0,1,14,0,25,9
2,43,19,28.906494140625,27.82667350769043,2.434173822402954,0.05000000074505806,1.0,2,14,0,24,11
2,43,20,28.906494140625,27.82667350769043,2.434173822402954,0.05000000074505806,1.0,3,15,0,22,11
2,43,21,28.906494140625,27.82667350769043,2.434173822402954,0.05000000074505806,1.0,3,15,0,22,12
2,43,22,28.906494140625,27.82667350769043,2.434173822402954,0.05000000074505806,1.0,3,15,0,22,14
2,43,23,28.906494140625,27.82667350769043,2.434173822402954,0.05000000074505806,1.0,3,15,0,22,17
2,43,24,28.906494140625,27.82667350769043,2.434173822402954,0.05000000074505806,1.0,3,15,0,22,18
2,43,25,28.906494140625,27.82667350769043,2.434173822402954,0.05000000074505806,1.0,3,16,0,21,20
2,43,26,28.906494140625,27.82667350769043,2.434173822402954,0.05000000074505806,1.0,3,18,0,19,22
2,43,27,28.95634651184082,27.716646194458008,2.5713422298431396,0.0,1.0,3,18,0,19,26
2,43,28,28.978116989135742,27.8231258392334,2.4286580085754395,0.0,1.0,4,18,0,18,28
2,43,29,28.978116989135742,27.8231258392334,2.4286580085754395,0.0,1.0,4,19,0,17,33
2,43,30,28.978116989135742,27.8231258392334,2.4286580085754395,0.0,1.0,4,19,0,17,36
2,43,31,28.978116989135742,27.8231258392334,2.4286580085754395,0.0,1.0,5,19,0,16,41
2,43,32,28.978116989135742,27.8231258392334,2.4286580085754395,0.0,1.0,5,19,0,16,44
2,43,33,28.978116989135742,27.8231258392334,2.4286580085754395,0.0,1.0,5,19,0,16,44
2,43,34,28.978116989135742,27.8231258392334,2.4286580085754395,0.0,1.0,5,19,1,15,49
2,43,35,28.978116989135742,27.8231258392334,2.4286580085754395,0.0,1.0,5,19,1,15,53
2,43,36,28.978116989135742,27.8231258392334,2.4286580085754395,0.0,1.0,5,19,1,15,55
2,43,37,28.978116989135742,27.8231258392334,2.4286580085754395,0.0,1.0,5,21,2,12,59
2,43,38,28.978116989135742,27.8231258392334,2.4286580085754395,0.0,1.0,5,22,3,10,62
2,43,39,28.978116989135742,27.8231258392334,2.4286580085754395,0.0,1.0,5,22,3,10,64
2,43,40,28.978116989135742,27.8231258392334,2.4286580085754395,0.0,1.0,5,22,3,10,68
2,43,41,28.978116989135742,27.8231258392334,2.4286580085754395,0.0,1.0,5,23,3,9,69
2,43,42,28.978116989135742,27.8231258392334,2.4286580085754395,0.0,1.0,5,24,3,8,70
2,43,43,28.978116989135742,27.8231258392334,2.4286580085754395,0.0,1.0,5,24,3,8,72
2,43,44,28.978116989135742,27.8231258392334,2.4286580085754395,0.0,1.0,5,24,3,8,74
2,43,45,28.978116989135742,27.8231258392334,2.4286580085754395,0.0,1.0,5,24,4,7,76
2,43,46,28.978116989135742,27.8231258392334,2.4286580085754395,0.0,1.0,5,24,4,7,77
2,43,47,28.978116989135742,27.8231258392334,2.4286580085754395,0.0,1.0,5,25,4,6,77
2,43,48,28.978116989135742,27.8231258392334,2.4286580085754395,0.0,1.0,5,25,4,6,79
2,43,49,28.978116989135742,27.8231258392334,2.4286580085754395,0.0,1.0,5,25,4,6,81
2,43,50,28.978116989135742,27.8231258392334,2.4286580085754395,0.0,1.0,5,26,4,5,82
2,43,51,28.978116989135742,27.8231258392334,2.4286580085754395,0.0,1.0,5,26,4,5,85
2,43,52,28.978116989135742,27.8231258392334,2.4286580085754395,0.0,1.0,5,26,4,5,87
2,43,53,28.978116989135742,27.8231258392334,2.4286580085754395,0.0,1.0,5,26,4,5,90
2,43,54,28.978116989135742,27.8231258392334,2.4286580085754395,0.0,1.0,5,26,4,5,93
2,43,55,28.978116989135742,27.8231258392334,2.4286580085754395,0.0,1.0,5,26,4,5,94
2,43,56,28.978116989135742,27.8231258392334,2.4286580085754395,0.0,1.0,5,26,4,5,95
2,43,57,28.978116989135742,27.8231258392334,2.4286580085754395,0.0,1.0,5,26,4,5,96
2,43,58,28.978116989135742,27.8231258392334,2.4286580085754395,0.0,1.0,5,26,4,5,96
2,43,59,28.978116989135742,27.8231258392334,2.4286580085754395,0.0,1.0,5,26,4,5,97
2,43,60,28.978116989135742,27.8231258392334,2.4286580085754395,0.0,1.0,5,26,4,5,97
2,43,61,28.978116989135742,27.8231258392334,2.4286580085754395,0.0,1.0,5,26,4,5,98
2,43,62,28.978116989135742,27.8231258392334,2.4286580085754395,0.0,1.0,5,26,4,5,98
2,43,63,28.978116989135742,27.8231258392334,2.4286580085754395,0.0,1.0,5,26,4,5,99
2,43,64,28.978116989135742,27.8231258392334,2.4286580085754395,0.0,1.0,5,27,4,4,100
2,43,65,28.978116989135742,27.8231258392334,2.4286580085754395,0.0,1.0,5,27,4,4,101
2,43,66,28.978116989135742,27.8231258392334,2.4286580085754395,0.0,1.0,5,27,4,4,102
2,43,67,28.978116989135742,27.8231258392334,2.4286580085754395,0.0,1.0,5,27,4,4,105
2,43,68,28.978116989135742,27.8231258392334,2.4286580085754395,0.0,1.0,5,27,4,4,106
2,43,69,28.978116989135742,27.8231258392334,2.4286580085754395,0.0,1.0,5,28,4,3,106
2,43,70,28.978116989135742,27.8231258392334,2.4286580085754395,0.0,1.0,5,28,4,3,108
2,43,71,28.978116989135742,27.8231258392334,2.4286580085754395,0.0,1.0,5,28,4,3,111
2,43,72,28.978116989135742,27.8231258392334,2.4286580085754395,0.0,1.0,5,28,4,3,113
2,43,73,28.978116989135742,27.8231258392334,2.4286580085754395,0.0,1.0,5,28,4,3,114
2,43,74,28.978116989135742,27.8231258392334,2.4286580085754395,0.0,1.0,5,28,4,3,116
2,43,75,28.978116989135742,27.8231258392334,2.4286580085754395,0.0,1.0,5,29,4,2,120
2,43,76,28.978116989135742,27.8231258392334,2.4286580085754395,0.0,1.0,5,29,4,2,125
2,43,77,28.978116989135742,27.8231258392334,2.4286580085754395,0.0,1.0,5,29,4,2,130
2,43,78,28.978116989135742,27.8231258392334,2.4286580085754395,0.0,1.0,5,29,4,2,132
2,43,79,28.78670310974121,27.85011863708496,2.468353509902954,0.0,0.949999988079071,5,29,4,2,135
2,43,80,28.739660263061523,27.847503662109375,2.4639103412628174,0.0,0.8999999761581421,5,29,4,2,139
2,43,81,28.886016845703125,27.81742286682129,2.4194657802581787,0.0,0.8999999761581421,5,29,4,2,143
2,43,82,28.886016845703125,27.81742286682129,2.4194657802581787,0.0,0.8999999761581421,5,30,4,1,147
2,43,83,28.886016845703125,27.81742286682129,2.4194657802581787,0.0,0.8999999761581421,5,30,4,1,150
2,43,84,28.886016845703125,27.81742286682129,2.4194657802581787,0.0,0.8999999761581421,5,30,4,1,151
2,43,85,28.886016845703125,27.81742286682129,2.4194657802581787,0.0,0.8999999761581421,5,30,4,1,154
2,43,86,28.886016845703125,27.81742286682129,2.4194657802581787,0.0,0.8999999761581421,5,30,4,1,160
2,43,87,28.691627502441406,27.84486961364746,2.459322929382324,0.0,0.8500000238418579,5,30,4,1,163
2,43,88,28.83838653564453,27.814558029174805,2.4146761894226074,0.0,0.8500000238418579,5,30,4,1,166
2,43,89,28.83838653564453,27.814558029174805,2.4146761894226074,0.0,0.8500000238418579,5,30,4,1,171
2,43,90,28.64263153076172,27.842212677001953,2.454598903656006,0.0,0.800000011920929,5,30,4,1,174
2,43,91,28.789737701416016,27.811689376831055,2.409769058227539,0.0,0.800000011920929,5,30,4,1,175
2,43,92,28.789737701416016,27.811689376831055,2.409769058227539,0.0,0.800000011920929,5,30,4,1,178
2,43,93,28.789737701416016,27.811689376831055,2.409769058227539,0.0,0.800000011920929,5,30,4,1,181
2,43,94,28.592710494995117,27.83953285217285,2.449747085571289,0.0,0.75,5,30,4,1,186
2,43,95,28.541898727416992,27.836833953857422,2.4447779655456543,0.0,0.699999988079071,5,30,4,1,189
2,43,96,28.689512252807617,27.805940628051758,2.3996448516845703,0.0,0.699999988079071,5,30,4,1,193
2,43,97,28.689512252807617,27.805940628051758,2.3996448516845703,0.0,0.699999988079071,5,30,4,1,196
2,43,98,28.689512252807617,27.805940628051758,2.3996448516845703,0.0,0.699999988079071,5,30,4,1,198
2,43,99,28.689512252807617,27.805940628051758,2.3996448516845703,0.0,0.699999988079071,5,30,4,1,200
2,43,100,28.689512252807617,27.805940628051758,2.3996448516845703,0.0,0.699999988079071,5,30,4,1,202
2,43,101,28.689512252807617,27.805940628051758,2.3996448516845703,0.0,0.699999988079071,5,30,4,1,203
2,43,102,28.689512252807617,27.805940628051758,2.3996448516845703,0.0,0.699999988079071,5,31,4,0,208
3,44,1,28.166776657104492,27.103271484375,3.44523024559021,0.05000000074505806,1.0,0,0,0,40,3
3,44,2,28.906494140625,27.82667350769043,2.434173822402954,0.05000000074505806,1.0,0,0,0,40,4
3,44,3,28.906494140625,27.82667350769043,2.434173822402954,0.05000000074505806,1.0,1,0,0,39,4
3,44,4,28.906494140625,27.82667350769043,2.434173822402954,0.05000000074505806,1.0,1,0,0,39,6
3,44,5,28.906494140625,27.82667350769043,2.434173822402954,0.05000000074505806,1.0,1,1,0,38,8
3,44,6,28.906494140625,27.82667350769043,2.434173822402954,0.05000000074505806,1.0,1,1,0,38,8
3,44,7,28.906494140625,27.82667350769043,2.434173822402954,0.05000000074505806,1.0,1,1,0,38,13
3,44,8,28.95634651184082,27.716646194458008,2.5713422298431396,0.0,1.0,1,1,0,38,15
3,44,9,28.978116989135742,27.8231258392334,2.4286580085754395,0.0,1.0,1,1,0,38,18
3,44,10,28.978116989135742,27.8231258392334,2.4286580085754395,0.0,1.0,1,1,2,36,23
3,44,11,28.978116989135742,27.8231258392334,2.4286580085754395,0.0,1.0,1,2,2,35,27
3,44,12,28.978116989135742,27.8231258392334,2.4286580085754395,0.0,1.0,1,2,2,35,29
3,44,13,28.978116989135742,27.8231258392334,2.4286580085754395,0.0,1.0,1,3,3,33,33
3,44,14,28.978116989135742,27.8231258392334,2.4286580085754395,0.0,1.0,1,5,3,31,37
3,44,15,28.978116989135742,27.8231258392334,2.4286580085754395,0.0,1.0,1,5,3,31,43
3,44,16,28.978116989135742,27.8231258392334,2.4286580085754395,0.0,1.0,1,6,4,29,45
3,44,17,28.978116989135742,27.8231258392334,2.4286580085754395,0.0,1.0,1,7,4,28,49
3,44,18,28.978116989135742,27.8231258392334,2.4286580085754395,0.0,1.0,1,8,4,27,50
3,44,19,28.978116989135742,27.8231258392334,2.4286580085754395,0.0,1.0,1,9,5,25,56
3,44,20,28.978116989135742,27.8231258392334,2.4286580085754395,0.0,1.0,1,9,5,25,57
3,44,21,28.978116989135742,27.8231258392334,2.4286580085754395,0.0,1.0,1,10,5,24,61
3,44,22,28.978116989135742,27.8231258392334,2.4286580085754395,0.0,1.0,1,10,7,22,64
3,44,23,28.978116989135742,27.8231258392334,2.4286580085754395,0.0,1.0,1,10,7,22,65
3,44,24,28.978116989135742,27.8231258392334,2.4286580085754395,0.0,1.0,1,12,7,20,68
3,44,25,28.978116989135742,27.8231258392334,2.4286580085754395,0.0,1.0,1,12,7,20,71
3,44,26,28.978116989135742,27.8231258392334,2.4286580085754395,0.0,1.0,1,13,7,19,76
3,44,27,28.978116989135742,27.8231258392334,2.4286580085754395,0.0,1.0,1,14,7,18,79
3,44,28,28.978116989135742,27.8231258392334,2.4286580085754395,0.0,1.0,1,14,7,18,83
3,44,29,28.978116989135742,27.8231258392334,2.4286580085754395,0.0,1.0,1,15,7,17,85
3,44,30,28.978116989135742,27.8231258392334,2.4286580085754395,0.0,1.0,1,15,7,17,88
3,44,31,28.978116989135742,27.8231258392334,2.4286580085754395,0.0,1.0,1,15,7,17,90
3,44,32,28.978116989135742,27.8231258392334,2.4286580085754395,0.0,1.0,1,15,7,17,93
3,44,33,28.978116989135742,27.8231258392334,2.4286580085754395,0.0,1.0,1,15,7,17,97
3,44,34,28.978116989135742,27.8231258392334,2.4286580085754395,0.0,1.0,1,15,7,17,99
3,44,35,28.978116989135742,27.8231258392334,2.4286580085754395,0.0,1.0,1,16,7,16,102
3,44,36,28.978116989135742,27.8231258392334,2.4286580085754395,0.0,1.0,1,17,7,15,106
3,44,37,28.978116989135742,27.8231258392334,2.4286580085754395,0.0,1.0,1,17,7,15,112
3,44,38,28.978116989135742,27.8231258392334,2.4286580085754395,0.0,1.0,1,17,7,15,113
3,44,39,28.78670310974121,27.85011863708496,2.468353509902954,0.0,0.949999988079071,1,17,7,15,115
3,44,40,28.932601928710938,27.82027816772461,2.424129009246826,0.0,0.949999988079071,1,18,7,14,118
3,44,41,28.739660263061523,27.847503662109375,2.4639103412628174,0.0,0.8999999761581421,1,19,7,13,120
3,44,42,28.886016845703125,27.81742286682129,2.4194657802581787,0.0,0.8999999761581421,1,19,7,13,125
3,44,43,28.691627502441406,27.84486961364746,2.459322929382324,0.0,0.8500000238418579,1,19,7,13,127
3,44,44,28.64263153076172,27.842212677001953,2.454598903656006,0.0,0.800000011920929,1,19,7,13,130
3,44,45,28.592710494995117,27.83953285217285,2.449747085571289,0.0,0.75,1,19,7,13,132
3,44,46,28.74009895324707,27.80881690979004,2.404754877090454,0.0,0.75,1,20,7,12,134
3,44,47,28.74009895324707,27.80881690979004,2.404754877090454,0.0,0.75,1,21,7,11,137
3,44,48,28.541898727416992,27.836833953857422,2.4447779655456543,0.0,0.699999988079071,1,22,7,10,140
3,44,49,28.689512252807617,27.805940628051758,2.3996448516845703,0.0,0.699999988079071,1,22,7,10,142
3,44,50,28.490245819091797,27.83411407470703,2.4397029876708984,0.0,0.6499999761581421,1,22,7,10,144
3,44,51,28.638017654418945,27.803062438964844,2.394451856613159,0.0,0.6499999761581421,1,23,7,9,145
3,44,52,28.638017654418945,27.803062438964844,2.394451856613159,0.0,0.6499999761581421,1,24,7,8,150
3,44,53,28.638017654418945,27.803062438964844,2.394451856613159,0.0,0.6499999761581421,1,24,7,8,156
3,44,54,28.43779754638672,27.831375122070312,2.434535264968872,0.0,0.6000000238418579,1,24,7,8,158
3,44,55,28.585664749145508,27.80018424987793,2.3891892433166504,0.0,0.6000000238418579,1,24,7,8,159
3,44,56,28.585664749145508,27.80018424987793,2.3891892433166504,0.0,0.6000000238418579,1,24,7,8,161
3,44,57,28.585664749145508,27.80018424987793,2.3891892433166504,0.0,0.6000000238418579,1,26,7,6,168
3,44,58,28.585664749145508,27.80018424987793,2.3891892433166504,0.0,0.6000000238418579,1,26,7,6,170
3,44,59,28.585664749145508,27.80018424987793,2.3891892433166504,0.0,0.6000000238418579,1,26,7,6,171
3,44,60,28.585664749145508,27.80018424987793,2.3891892433166504,0.0,0.6000000238418579,1,26,7,6,172
3,44,61,28.585664749145508,27.80018424987793,2.3891892433166504,0.0,0.6000000238418579,1,26,7,6,181
3,44,62,28.384611129760742,27.82861328125,2.429287910461426,0.0,0.550000011920929,1,27,7,5,184
3,44,63,28.532506942749023,27.797306060791016,2.3838725090026855,0.0,0.550000011920929,1,28,7,4,188
3,44,64,28.532506942749023,27.797306060791016,2.3838725090026855,0.0,0.550000011920929,1,28,7,4,195
3,44,65,28.532506942749023,27.797306060791016,2.3838725090026855,0.0,0.550000011920929,1,28,7,4,197
3,44,66,28.532506942749023,27.797306060791016,2.3838725090026855,0.0,0.550000011920929,1,28,7,4,205
3,44,67,28.532506942749023,27.797306060791016,2.3838725090026855,0.0,0.550000011920929,1,28,7,4,214
3,44,68,28.532506942749023,27.797306060791016,2.3838725090026855,0.0,0.550000011920929,1,30,7,2,221
3,44,69,28.532506942749023,27.797306060791016,2.3838725090026855,0.0,0.550000011920929,1,30,7,2,226
3,44,70,28.532506942749023,27.797306060791016,2.3838725090026855,0.0,0.550000011920929,1,30,7,2,231
3,44,71,28.330745697021484,27.825834274291992,2.423976421356201,0.0,0.5,1,30,7,2,232
3,44,72,28.478605270385742,27.794431686401367,2.378516674041748,0.0,0.5,1,30,7,2,237
3,44,73,28.478605270385742,27.794431686401367,2.378516674041748,0.0,0.5,1,30,7,2,244
3,44,74,28.478605270385742,27.794431686401367,2.378516674041748,0.0,0.5,1,30,7,2,252
3,44,75,28.276264190673828,27.823036193847656,2.4186158180236816,0.0,0.44999998807907104,1,30,7,2,253
3,44,76,28.424020767211914,27.79155921936035,2.373138189315796,0.0,0.44999998807907104,1,30,7,2,258
3,44,77,28.424020767211914,27.79155921936035,2.373138189315796,0.0,0.44999998807907104,1,30,7,2,261
3,44,78,28.424020767211914,27.79155921936035,2.373138189315796,0.0,0.44999998807907104,1,30,7,2,268
3,44,79,28.221233367919922,27.820219039916992,2.4132227897644043,0.0,0.4000000059604645,1,30,7,2,273
3,44,80,28.165727615356445,27.8173828125,2.4078140258789062,0.0,0.3499999940395355,1,30,7,2,281
3,44,81,28.313085556030273,27.785829544067383,2.3623814582824707,0.0,0.3499999940395355,1,30,7,2,285
3,44,82,28.313085556030273,27.785829544067383,2.3623814582824707,0.0,0.3499999940395355,1,30,7,2,291
3,44,83,28.313085556030273,27.785829544067383,2.3623814582824707,0.0,0.3499999940395355,1,30,7,2,296
3,44,84,28.313085556030273,27.785829544067383,2.3623814582824707,0.0,0.3499999940395355,1,30,7,2,302
3,44,85,28.313085556030273,27.785829544067383,2.3623814582824707,0.0,0.3499999940395355,1,30,7,2,307
3,44,86,28.109819412231445,27.814531326293945,2.4024062156677246,0.0,0.30000001192092896,1,30,7,2,311
3,44,87,28.256881713867188,27.78297233581543,2.3570375442504883,0.0,0.30000001192092896,1,30,7,2,316
3,44,88,28.256881713867188,27.78297233581543,2.3570375442504883,0.0,0.30000001192092896,1,30,7,2,323
3,44,89,28.053585052490234,27.811662673950195,2.397017002105713,0.0,0.25,1,30,7,2,333
3,44,90,27.997106552124023,27.808778762817383,2.3916635513305664,0.0,0.20000000298023224,1,30,7,2,341
3,44,91,27.940460205078125,27.80588150024414,2.3863627910614014,0.0,0.15000000596046448,1,30,7,2,350
3,44,92,28.086271286010742,27.77444839477539,2.3413496017456055,0.0,0.15000000596046448,1,30,7,2,359
3,44,93,28.086271286010742,27.77444839477539,2.3413496017456055,0.0,0.15000000596046448,1,30,7,2,364
3,44,94,28.086271286010742,27.77444839477539,2.3413496017456055,0.0,0.15000000596046448,1,30,7,2,373
3,44,95,28.086271286010742,27.77444839477539,2.3413496017456055,0.0,0.15000000596046448,1,30,7,2,380
3,44,96,28.086271286010742,27.77444839477539,2.3413496017456055,0.0,0.15000000596046448,1,30,7,2,387
3,44,97,28.086271286010742,27.77444839477539,2.3413496017456055,0.0,0.15000000596046448,1,31,7,1,393
3,44,98,28.086271286010742,27.77444839477539,2.3413496017456055,0.0,0.15000000596046448,1,31,7,1,400
3,44,99,28.086271286010742,27.77444839477539,2.3413496017456055,0.0,0.15000000596046448,1,31,7,1,409
3,44,100,28.086271286010742,27.77444839477539,2.3413496017456055,0.0,0.15000000596046448,1,31,7,1,419
3,44,101,28.086271286010742,27.77444839477539,2.3413496017456055,0.0,0.15000000596046448,1,31,7,1,425
3,44,102,27.883729934692383,27.80297088623047,2.3811309337615967,0.0,0.10000000149011612,1,31,7,1,434
3,44,103,28.029006958007812,27.77162742614746,2.336289644241333,0.0,0.10000000149011612,1,31,7,1,441
3,44,104,28.029006958007812,27.77162742614746,2.336289644241333,0.0,0.10000000149011612,1,31,7,1,446
3,44,105,28.029006958007812,27.77162742614746,2.336289644241333,0.0,0.10000000149011612,1,31,7,1,454
3,44,106,28.029006958007812,27.77162742614746,2.336289644241333,0.0,0.10000000149011612,1,31,7,1,459
3,44,107,28.029006958007812,27.77162742614746,2.336289644241333,0.0,0.10000000149011612,1,31,7,1,464
3,44,108,28.029006958007812,27.77162742614746,2.336289644241333,0.0,0.10000000149011612,1,31,7,1,469
3,44,109,28.029006958007812,27.77162742614746,2.336289644241333,0.0,0.10000000149011612,1,31,7,1,472
3,44,110,28.029006958007812,27.77162742614746,2.336289644241333,0.0,0.10000000149011612,1,31,7,1,478
3,44,111,28.029006958007812,27.77162742614746,2.336289644241333,0.0,0.10000000149011612,1,31,7,1,482
3,44,112,27.826995849609375,27.800048828125,2.375983953475952,0.0,0.05000000074505806,1,31,7,1,486
3,44,113,27.9716854095459,27.768814086914062,2.3313403129577637,0.0,0.05000000074505806,1,31,7,1,491
3,44,114,27.9716854095459,27.768814086914062,2.3313403129577637,0.0,0.05000000074505806,1,31,7,1,497
3,44,115,27.9716854095459,27.768814086914062,2.3313403129577637,0.0,0.05000000074505806,1,31,7,1,502
3,44,116,27.9716854095459,27.768814086914062,2.3313403129577637,0.0,0.05000000074505806,1,31,7,1,510
3,44,117,27.9716854095459,27.768814086914062,2.3313403129577637,0.0,0.05000000074505806,1,31,7,1,515
3,44,118,27.9716854095459,27.768814086914062,2.3313403129577637,0.0,0.05000000074505806,1,31,7,1,525
3,44,119,27.9716854095459,27.768814086914062,2.3313403129577637,0.0,0.05000000074505806,1,31,8,0,529
4,45,1,28.132909774780273,27.104772567749023,3.4482035636901855,0.10000000149011612,1.0,0,0,0,40,3
4,45,2,28.83346176147461,27.83022689819336,2.4397149085998535,0.10000000149011612,1.0,0,0,0,40,4
4,45,3,28.83346176147461,27.83022689819336,2.4397149085998535,0.10000000149011612,1.0,0,0,0,40,6
4,45,4,28.885112762451172,27.719757080078125,2.577442169189453,0.05000000074505806,1.0,0,0,1,39,7
4,45,5,28.906494140625,27.82667350769043,2.434173822402954,0.05000000074505806,1.0,0,0,2,38,9
4,45,6,28.906494140625,27.82667350769043,2.434173822402954,0.05000000074505806,1.0,0,0,2,38,10
4,45,7,28.906494140625,27.82667350769043,2.434173822402954,0.05000000074505806,1.0,1,0,2,37,12
4,45,8,28.906494140625,27.82667350769043,2.434173822402954,0.05000000074505806,1.0,1,0,2,37,13
4,45,9,28.906494140625,27.82667350769043,2.434173822402954,0.05000000074505806,1.0,1,0,2,37,13
4,45,10,28.906494140625,27.82667350769043,2.434173822402954,0.05000000074505806,1.0,1,1,3,35,16
4,45,11,28.906494140625,27.82667350769043,2.434173822402954,0.05000000074505806,1.0,1,1,4,34,19
4,45,12,28.906494140625,27.82667350769043,2.434173822402954,0.05000000074505806,1.0,1,2,5,32,21
4,45,13,28.906494140625,27.82667350769043,2.434173822402954,0.05000000074505806,1.0,2,2,5,31,24
4,45,14,28.906494140625,27.82667350769043,2.434173822402954,0.05000000074505806,1.0,2,2,5,31,24
4,45,15,28.906494140625,27.82667350769043,2.434173822402954,0.05000000074505806,1.0,3,2,5,30,27
4,45,16,28.906494140625,27.82667350769043,2.434173822402954,0.05000000074505806,1.0,3,3,5,29,31
4,45,17,28.906494140625,27.82667350769043,2.434173822402954,0.05000000074505806,1.0,3,3,5,29,33
4,45,18,28.95634651184082,27.716646194458008,2.5713422298431396,0.0,1.0,3,3,5,29,34
4,45,19,28.978116989135742,27.8231258392334,2.4286580085754395,0.0,1.0,3,3,6,28,38
4,45,20,28.978116989135742,27.8231258392334,2.4286580085754395,0.0,1.0,3,4,6,27,42
4,45,21,28.978116989135742,27.8231258392334,2.4286580085754395,0.0,1.0,3,5,6,26,43
4,45,22,28.978116989135742,27.8231258392334,2.4286580085754395,0.0,1.0,3,5,6,26,51
4,45,23,28.978116989135742,27.8231258392334,2.4286580085754395,0.0,1.0,3,5,7,25,54
4,45,24,28.978116989135742,27.8231258392334,2.4286580085754395,0.0,1.0,3,5,7,25,57
4,45,25,28.978116989135742,27.8231258392334,2.4286580085754395,0.0,1.0,3,5,7,25,59
4,45,26,28.978116989135742,27.8231258392334,2.4286580085754395,0.0,1.0,3,5,8,24,66
4,45,27,28.978116989135742,27.8231258392334,2.4286580085754395,0.0,1.0,3,6,8,23,69
4,45,28,28.978116989135742,27.8231258392334,2.4286580085754395,0.0,1.0,3,7,8,22,71
4,45,29,28.978116989135742,27.8231258392334,2.4286580085754395,0.0,1.0,3,9,9,19,76
4,45,30,28.978116989135742,27.8231258392334,2.4286580085754395,0.0,1.0,3,9,9,19,79
4,45,31,28.978116989135742,27.8231258392334,2.4286580085754395,0.0,1.0,3,9,9,19,81
4,45,32,28.978116989135742,27.8231258392334,2.4286580085754395,0.0,1.0,3,9,9,19,83
4,45,33,28.978116989135742,27.8231258392334,2.4286580085754395,0.0,1.0,3,9,9,19,84
4,45,34,28.978116989135742,27.8231258392334,2.4286580085754395,0.0,1.0,3,10,9,18,85
4,45,35,28.978116989135742,27.8231258392334,2.4286580085754395,0.0,1.0,3,11,9,17,86
4,45,36,28.978116989135742,27.8231258392334,2.4286580085754395,0.0,1.0,3,11,11,15,87
4,45,37,28.978116989135742,27.8231258392334,2.4286580085754395,0.0,1.0,3,11,11,15,87
4,45,38,28.978116989135742,27.8231258392334,2.4286580085754395,0.0,1.0,3,11,11,15,89
4,45,39,28.978116989135742,27.8231258392334,2.4286580085754395,0.0,1.0,3,13,11,13,90
4,45,40,28.978116989135742,27.8231258392334,2.4286580085754395,0.0,1.0,3,14,11,12,92
4,45,41,28.978116989135742,27.8231258392334,2.4286580085754395,0.0,1.0,3,14,11,12,93
4,45,42,28.978116989135742,27.8231258392334,2.4286580085754395,0.0,1.0,3,14,11,12,94
4,45,43,28.978116989135742,27.8231258392334,2.4286580085754395,0.0,1.0,3,14,11,12,95
4,45,44,28.978116989135742,27.8231258392334,2.4286580085754395,0.0,1.0,3,15,11,11,95
4,45,45,28.978116989135742,27.8231258392334,2.4286580085754395,0.0,1.0,3,15,11,11,95
4,45,46,28.978116989135742,27.8231258392334,2.4286580085754395,0.0,1.0,3,15,11,11,95
4,45,47,28.978116989135742,27.8231258392334,2.4286580085754395,0.0,1.0,3,15,11,11,95
4,45,48,28.978116989135742,27.8231258392334,2.4286580085754395,0.0,1.0,3,15,11,11,96
4,45,49,28.978116989135742,27.8231258392334,2.4286580085754395,0.0,1.0,3,16,11,10,96
4,45,50,28.978116989135742,27.8231258392334,2.4286580085754395,0.0,1.0,3,16,11,10,98
4,45,51,28.978116989135742,27.8231258392334,2.4286580085754395,0.0,1.0,3,18,11,8,99
4,45,52,28.978116989135742,27.8231258392334,2.4286580085754395,0.0,1.0,3,19,11,7,99
4,45,53,28.978116989135742,27.8231258392334,2.4286580085754395,0.0,1.0,3,19,11,7,102
4,45,54,28.978116989135742,27.8231258392334,2.4286580085754395,0.0,1.0,3,19,11,7,102
4,45,55,28.978116989135742,27.8231258392334,2.4286580085754395,0.0,1.0,3,20,11,6,105
4,45,56,28.978116989135742,27.8231258392334,2.4286580085754395,0.0,1.0,3,20,11,6,105
4,45,57,28.978116989135742,27.8231258392334,2.4286580085754395,0.0,1.0,3,21,11,5,105
4,45,58,28.978116989135742,27.8231258392334,2.4286580085754395,0.0,1.0,3,21,11,5,107
4,45,59,28.978116989135742,27.8231258392334,2.4286580085754395,0.0,1.0,3,21,11,5,109
4,45,60,28.78670310974121,27.85011863708496,2.468353509902954,0.0,0.949999988079071,3,21,11,5,110
4,45,61,28.932601928710938,27.82027816772461,2.424129009246826,0.0,0.949999988079071,3,21,11,5,111
4,45,62,28.932601928710938,27.82027816772461,2.424129009246826,0.0,0.949999988079071,3,22,11,4,113
4,45,63,28.932601928710938,27.82027816772461,2.424129009246826,0.0,0.949999988079071,3,22,11,4,114
4,45,64,28.932601928710938,27.82027816772461,2.424129009246826,0.0,0.949999988079071,3,22,11,4,114
4,45,65,28.932601928710938,27.82027816772461,2.424129009246826,0.0,0.949999988079071,3,22,11,4,116
4,45,66,28.739660263061523,27.847503662109375,2.4639103412628174,0.0,0.8999999761581421,3,22,11,4,117
4,45,67,28.886016845703125,27.81742286682129,2.4194657802581787,0.0,0.8999999761581421,3,22,11,4,117
4,45,68,28.886016845703125,27.81742286682129,2.4194657802581787,0.0,0.8999999761581421,3,22,11,4,119
4,45,69,28.886016845703125,27.81742286682129,2.4194657802581787,0.0,0.8999999761581421,3,22,11,4,121
4,45,70,28.691627502441406,27.84486961364746,2.459322929382324,0.0,0.8500000238418579,3,22,11,4,122
4,45,71,28.83838653564453,27.814558029174805,2.4146761894226074,0.0,0.8500000238418579,3,23,11,3,122
4,45,72,28.83838653564453,27.814558029174805,2.4146761894226074,0.0,0.8500000238418579,3,23,11,3,123
4,45,73,28.83838653564453,27.814558029174805,2.4146761894226074,0.0,0.8500000238418579,3,24,11,2,125
4,45,74,28.83838653564453,27.814558029174805,2.4146761894226074,0.0,0.8500000238418579,3,24,11,2,126
4,45,75,28.83838653564453,27.814558029174805,2.4146761894226074,0.0,0.8500000238418579,3,24,11,2,128
4,45,76,28.83838653564453,27.814558029174805,2.4146761894226074,0.0,0.8500000238418579,3,24,11,2,129
4,45,77,28.83838653564453,27.814558029174805,2.4146761894226074,0.0,0.8500000238418579,3,24,11,2,130
4,45,78,28.83838653564453,27.814558029174805,2.4146761894226074,0.0,0.8500000238418579,3,24,11,2,130
4,45,79,28.83838653564453,27.814558029174805,2.4146761894226074,0.0,0.8500000238418579,3,24,11,2,131
4,45,80,28.83838653564453,27.814558029174805,2.4146761894226074,0.0,0.8500000238418579,3,25,11,1,134
4,45,81,28.83838653564453,27.814558029174805,2.4146761894226074,0.0,0.8500000238418579,3,25,11,1,135
4,45,82,28.83838653564453,27.814558029174805,2.4146761894226074,0.0,0.8500000238418579,3,26,11,0,137
5,46,1,28.132909774780273,27.104772567749023,3.4482035636901855,0.10000000149011612,1.0,0,0,0,40,2
5,46,2,28.83346176147461,27.83022689819336,2.4397149085998535,0.10000000149011612,1.0,0,1,0,39,2
5,46,3,28.83346176147461,27.83022689819336,2.4397149085998535,0.10000000149011612,1.0,1,2,0,37,3
5,46,4,28.885112762451172,27.719757080078125,2.577442169189453,0.05000000074505806,1.0,1,3,0,36,4
5,46,5,28.906494140625,27.82667350769043,2.434173822402954,0.05000000074505806,1.0,1,4,1,34,5
5,46,6,28.906494140625,27.82667350769043,2.434173822402954,0.05000000074505806,1.0,1,4,1,34,5
5,46,7,28.906494140625,27.82667350769043,2.434173822402954,0.05000000074505806,1.0,1,4,1,34,6
5,46,8,28.95634651184082,27.716646194458008,2.5713422298431396,0.0,1.0,2,6,1,31,8
5,46,9,28.978116989135742,27.8231258392334,2.4286580085754395,0.0,1.0,2,6,1,31,10
5,46,10,28.978116989135742,27.8231258392334,2.4286580085754395,0.0,1.0,2,6,1,31,12
5,46,11,28.978116989135742,27.8231258392334,2.4286580085754395,0.0,1.0,2,6,1,31,14
5,46,12,28.978116989135742,27.8231258392334,2.4286580085754395,0.0,1.0,2,6,1,31,16
5,46,13,28.978116989135742,27.8231258392334,2.4286580085754395,0.0,1.0,3,6,1,30,19
5,46,14,28.978116989135742,27.8231258392334,2.4286580085754395,0.0,1.0,3,6,1,30,22
5,46,15,28.978116989135742,27.8231258392334,2.4286580085754395,0.0,1.0,3,7,2,28,26
5,46,16,28.978116989135742,27.8231258392334,2.4286580085754395,0.0,1.0,3,10,2,25,26
5,46,17,28.978116989135742,27.8231258392334,2.4286580085754395,0.0,1.0,3,10,2,25,30
5,46,18,28.978116989135742,27.8231258392334,2.4286580085754395,0.0,1.0,3,10,2,25,33
5,46,19,28.978116989135742,27.8231258392334,2.4286580085754395,0.0,1.0,3,11,2,24,36
5,46,20,28.978116989135742,27.8231258392334,2.4286580085754395,0.0,1.0,3,11,2,24,37
5,46,21,28.978116989135742,27.8231258392334,2.4286580085754395,0.0,1.0,3,12,2,23,40
5,46,22,28.978116989135742,27.8231258392334,2.4286580085754395,0.0,1.0,3,12,2,23,43
5,46,23,28.978116989135742,27.8231258392334,2.4286580085754395,0.0,1.0,3,13,2,22,47
5,46,24,28.978116989135742,27.8231258392334,2.4286580085754395,0.0,1.0,3,14,2,21,47
5,46,25,28.978116989135742,27.8231258392334,2.4286580085754395,0.0,1.0,3,14,3,20,51
5,46,26,28.978116989135742,27.8231258392334,2.4286580085754395,0.0,1.0,3,15,3,19,52
5,46,27,28.978116989135742,27.8231258392334,2.4286580085754395,0.0,1.0,3,15,3,19,53
5,46,28,28.978116989135742,27.8231258392334,2.4286580085754395,0.0,1.0,3,15,3,19,54
5,46,29,28.978116989135742,27.8231258392334,2.4286580085754395,0.0,1.0,3,15,4,18,56
5,46,30,28.978116989135742,27.8231258392334,2.4286580085754395,0.0,1.0,3,16,4,17,57
5,46,31,28.978116989135742,27.8231258392334,2.4286580085754395,0.0,1.0,3,16,4,17,58
5,46,32,28.978116989135742,27.8231258392334,2.4286580085754395,0.0,1.0,3,17,4,16,60
5,46,33,28.978116989135742,27.8231258392334,2.4286580085754395,0.0,1.0,3,17,4,16,60
5,46,34,28.978116989135742,27.8231258392334,2.4286580085754395,0.0,1.0,3,17,4,16,62
5,46,35,28.978116989135742,27.8231258392334,2.4286580085754395,0.0,1.0,3,17,4,16,64
5,46,36,28.978116989135742,27.8231258392334,2.4286580085754395,0.0,1.0,3,17,4,16,68
5,46,37,28.978116989135742,27.8231258392334,2.4286580085754395,0.0,1.0,3,17,4,16,72
5,46,38,28.978116989135742,27.8231258392334,2.4286580085754395,0.0,1.0,3,17,4,16,75
5,46,39,28.978116989135742,27.8231258392334,2.4286580085754395,0.0,1.0,3,17,5,15,76
5,46,40,28.978116989135742,27.8231258392334,2.4286580085754395,0.0,1.0,3,17,5,15,78
5,46,41,28.978116989135742,27.8231258392334,2.4286580085754395,0.0,1.0,3,17,5,15,80
5,46,42,28.978116989135742,27.8231258392334,2.4286580085754395,0.0,1.0,3,17,5,15,85
5,46,43,28.978116989135742,27.8231258392334,2.4286580085754395,0.0,1.0,3,17,5,15,88
5,46,44,28.978116989135742,27.8231258392334,2.4286580085754395,0.0,1.0,3,18,5,14,91
5,46,45,28.978116989135742,27.8231258392334,2.4286580085754395,0.0,1.0,3,18,6,13,94
5,46,46,28.978116989135742,27.8231258392334,2.4286580085754395,0.0,1.0,3,18,6,13,97
5,46,47,28.978116989135742,27.8231258392334,2.4286580085754395,0.0,1.0,3,18,6,13,99
5,46,48,28.978116989135742,27.8231258392334,2.4286580085754395,0.0,1.0,3,18,6,13,100
5,46,49,28.978116989135742,27.8231258392334,2.4286580085754395,0.0,1.0,3,18,6,13,102
5,46,50,28.978116989135742,27.8231258392334,2.4286580085754395,0.0,1.0,3,19,6,12,102
5,46,51,28.978116989135742,27.8231258392334,2.4286580085754395,0.0,1.0,3,20,6,11,106
5,46,52,28.978116989135742,27.8231258392334,2.4286580085754395,0.0,1.0,3,21,6,10,106
5,46,53,28.978116989135742,27.8231258392334,2.4286580085754395,0.0,1.0,3,21,6,10,108
5,46,54,28.978116989135742,27.8231258392334,2.4286580085754395,0.0,1.0,3,22,6,9,110
5,46,55,28.978116989135742,27.8231258392334,2.4286580085754395,0.0,1.0,3,22,6,9,112
5,46,56,28.978116989135742,27.8231258392334,2.4286580085754395,0.0,1.0,3,23,6,8,115
5,46,57,28.978116989135742,27.8231258392334,2.4286580085754395,0.0,1.0,3,23,6,8,117
5,46,58,28.978116989135742,27.8231258392334,2.4286580085754395,0.0,1.0,3,23,6,8,118
5,46,59,28.978116989135742,27.8231258392334,2.4286580085754395,0.0,1.0,3,23,6,8,118
5,46,60,28.978116989135742,27.8231258392334,2.4286580085754395,0.0,1.0,3,23,6,8,121
5,46,61,28.978116989135742,27.8231258392334,2.4286580085754395,0.0,1.0,3,23,6,8,121
5,46,62,28.978116989135742,27.8231258392334,2.4286580085754395,0.0,1.0,3,25,6,6,124
5,46,63,28.78670310974121,27.85011863708496,2.468353509902954,0.0,0.949999988079071,3,25,6,6,126
5,46,64,28.739660263061523,27.847503662109375,2.4639103412628174,0.0,0.8999999761581421,3,25,6,6,128
5,46,65,28.886016845703125,27.81742286682129,2.4194657802581787,0.0,0.8999999761581421,3,25,6,6,131
5,46,66,28.691627502441406,27.84486961364746,2.459322929382324,0.0,0.8500000238418579,3,25,6,6,131
5,46,67,28.83838653564453,27.814558029174805,2.4146761894226074,0.0,0.8500000238418579,3,25,6,6,134
5,46,68,28.83838653564453,27.814558029174805,2.4146761894226074,0.0,0.8500000238418579,3,25,6,6,138
5,46,69,28.83838653564453,27.814558029174805,2.4146761894226074,0.0,0.8500000238418579,3,25,6,6,139
5,46,70,28.83838653564453,27.814558029174805,2.4146761894226074,0.0,0.8500000238418579,3,25,6,6,141
5,46,71,28.64263153076172,27.842212677001953,2.454598903656006,0.0,0.800000011920929,3,25,6,6,143
5,46,72,28.789737701416016,27.811689376831055,2.409769058227539,0.0,0.800000011920929,3,26,6,5,147
5,46,73,28.789737701416016,27.811689376831055,2.409769058227539,0.0,0.800000011920929,3,27,6,4,151
5,46,74,28.592710494995117,27.83953285217285,2.449747085571289,0.0,0.75,3,27,6,4,153
5,46,75,28.74009895324707,27.80881690979004,2.404754877090454,0.0,0.75,3,27,6,4,160
5,46,76,28.74009895324707,27.80881690979004,2.404754877090454,0.0,0.75,3,28,6,3,165
5,46,77,28.74009895324707,27.80881690979004,2.404754877090454,0.0,0.75,3,28,6,3,173
5,46,78,28.74009895324707,27.80881690979004,2.404754877090454,0.0,0.75,3,28,6,3,176
5,46,79,28.74009895324707,27.80881690979004,2.404754877090454,0.0,0.75,3,28,6,3,181
5,46,80,28.74009895324707,27.80881690979004,2.404754877090454,0.0,0.75,3,28,6,3,185
5,46,81,28.74009895324707,27.80881690979004,2.404754877090454,0.0,0.75,3,28,6,3,192
5,46,82,28.541898727416992,27.836833953857422,2.4447779655456543,0.0,0.699999988079071,3,28,6,3,199
5,46,83,28.689512252807617,27.805940628051758,2.3996448516845703,0.0,0.699999988079071,3,30,6,1,206
5,46,84,28.689512252807617,27.805940628051758,2.3996448516845703,0.0,0.699999988079071,3,30,6,1,213
5,46,85,28.490245819091797,27.83411407470703,2.4397029876708984,0.0,0.6499999761581421,3,30,6,1,217
5,46,86,28.638017654418945,27.803062438964844,2.394451856613159,0.0,0.6499999761581421,3,31,6,0,223
6,47,1,28.132909774780273,27.104772567749023,3.4482035636901855,0.10000000149011612,1.0,0,0,0,40,2
6,47,2,28.83346176147461,27.83022689819336,2.4397149085998535,0.10000000149011612,1.0,0,0,0,40,2
6,47,3,28.83346176147461,27.83022689819336,2.4397149085998535,0.10000000149011612,1.0,0,2,0,38,2
6,47,4,28.83346176147461,27.83022689819336,2.4397149085998535,0.10000000149011612,1.0,1,3,0,36,3
6,47,5,28.83346176147461,27.83022689819336,2.4397149085998535,0.10000000149011612,1.0,1,5,0,34,3
6,47,6,28.83346176147461,27.83022689819336,2.4397149085998535,0.10000000149011612,1.0,2,5,0,33,3
6,47,7,28.83346176147461,27.83022689819336,2.4397149085998535,0.10000000149011612,1.0,2,5,0,33,3
6,47,8,28.83346176147461,27.83022689819336,2.4397149085998535,0.10000000149011612,1.0,2,5,0,33,4
6,47,9,28.83346176147461,27.83022689819336,2.4397149085998535,0.10000000149011612,1.0,2,5,0,33,5
6,47,10,28.83346176147461,27.83022689819336,2.4397149085998535,0.10000000149011612,1.0,2,5,0,33,5
6,47,11,28.83346176147461,27.83022689819336,2.4397149085998535,0.10000000149011612,1.0,2,6,0,32,8
6,47,12,28.83346176147461,27.83022689819336,2.4397149085998535,0.10000000149011612,1.0,2,6,0,32,8
6,47,13,28.83346176147461,27.83022689819336,2.4397149085998535,0.10000000149011612,1.0,3,6,0,31,11
6,47,14,28.83346176147461,27.83022689819336,2.4397149085998535,0.10000000149011612,1.0,3,6,0,31,12
6,47,15,28.885112762451172,27.719757080078125,2.577442169189453,0.05000000074505806,1.0,3,7,0,30,15
6,47,16,28.906494140625,27.82667350769043,2.434173822402954,0.05000000074505806,1.0,3,8,0,29,17
6,47,17,28.906494140625,27.82667350769043,2.434173822402954,0.05000000074505806,1.0,4,8,0,28,19
6,47,18,28.906494140625,27.82667350769043,2.434173822402954,0.05000000074505806,1.0,4,9,0,27,21
6,47,19,28.95634651184082,27.716646194458008,2.5713422298431396,0.0,1.0,4,9,0,27,22
6,47,20,28.978116989135742,27.8231258392334,2.4286580085754395,0.0,1.0,4,9,0,27,25
6,47,21,28.978116989135742,27.8231258392334,2.4286580085754395,0.0,1.0,4,10,0,26,28
6,47,22,28.978116989135742,27.8231258392334,2.4286580085754395,0.0,1.0,5,10,0,25,30
6,47,23,28.978116989135742,27.8231258392334,2.4286580085754395,0.0,1.0,5,10,0,25,35
6,47,24,28.978116989135742,27.8231258392334,2.4286580085754395,0.0,1.0,5,11,0,24,36
6,47,25,28.978116989135742,27.8231258392334,2.4286580085754395,0.0,1.0,5,11,1,23,38
6,47,26,28.978116989135742,27.8231258392334,2.4286580085754395,0.0,1.0,5,12,1,22,40
6,47,27,28.978116989135742,27.8231258392334,2.4286580085754395,0.0,1.0,5,12,1,22,43
6,47,28,28.978116989135742,27.8231258392334,2.4286580085754395,0.0,1.0,5,12,1,22,47
6,47,29,28.978116989135742,27.8231258392334,2.4286580085754395,0.0,1.0,5,12,1,22,48
6,47,30,28.978116989135742,27.8231258392334,2.4286580085754395,0.0,1.0,5,13,1,21,53
6,47,31,28.978116989135742,27.8231258392334,2.4286580085754395,0.0,1.0,5,14,1,20,54
6,47,32,28.978116989135742,27.8231258392334,2.4286580085754395,0.0,1.0,5,14,1,20,58
6,47,33,28.978116989135742,27.8231258392334,2.4286580085754395,0.0,1.0,5,15,1,19,63
6,47,34,28.978116989135742,27.8231258392334,2.4286580085754395,0.0,1.0,5,15,2,18,65
6,47,35,28.978116989135742,27.8231258392334,2.4286580085754395,0.0,1.0,5,16,2,17,67
6,47,36,28.978116989135742,27.8231258392334,2.4286580085754395,0.0,1.0,5,18,2,15,72
6,47,37,28.978116989135742,27.8231258392334,2.4286580085754395,0.0,1.0,5,18,2,15,75
6,47,38,28.978116989135742,27.8231258392334,2.4286580085754395,0.0,1.0,5,18,2,15,79
6,47,39,28.978116989135742,27.8231258392334,2.4286580085754395,0.0,1.0,5,19,3,13,83
6,47,40,28.978116989135742,27.8231258392334,2.4286580085754395,0.0,1.0,5,19,3,13,85
6,47,41,28.978116989135742,27.8231258392334,2.4286580085754395,0.0,1.0,5,19,4,12,91
6,47,42,28.978116989135742,27.8231258392334,2.4286580085754395,0.0,1.0,5,19,4,12,92
6,47,43,28.978116989135742,27.8231258392334,2.4286580085754395,0.0,1.0,5,20,4,11,92
6,47,44,28.978116989135742,27.8231258392334,2.4286580085754395,0.0,1.0,5,20,4,11,94
6,47,45,28.978116989135742,27.8231258392334,2.4286580085754395,0.0,1.0,5,20,4,11,97
6,47,46,28.978116989135742,27.8231258392334,2.4286580085754395,0.0,1.0,5,20,4,11,102
6,47,47,28.978116989135742,27.8231258392334,2.4286580085754395,0.0,1.0,5,20,4,11,102
6,47,48,28.978116989135742,27.8231258392334,2.4286580085754395,0.0,1.0,5,21,4,10,105
6,47,49,28.978116989135742,27.8231258392334,2.4286580085754395,0.0,1.0,5,21,4,10,109
6,47,50,28.978116989135742,27.8231258392334,2.4286580085754395,0.0,1.0,5,22,4,9,110
6,47,51,28.978116989135742,27.8231258392334,2.4286580085754395,0.0,1.0,5,22,4,9,114
6,47,52,28.978116989135742,27.8231258392334,2.4286580085754395,0.0,1.0,5,22,4,9,119
6,47,53,28.978116989135742,27.8231258392334,2.4286580085754395,0.0,1.0,5,22,4,9,121
6,47,54,28.978116989135742,27.8231258392334,2.4286580085754395,0.0,1.0,5,22,4,9,123
6,47,55,28.978116989135742,27.8231258392334,2.4286580085754395,0.0,1.0,5,22,4,9,126
6,47,56,28.978116989135742,27.8231258392334,2.4286580085754395,0.0,1.0,5,22,4,9,126
6,47,57,28.978116989135742,27.8231258392334,2.4286580085754395,0.0,1.0,5,23,4,8,128
6,47,58,28.978116989135742,27.8231258392334,2.4286580085754395,0.0,1.0,5,25,4,6,129
6,47,59,28.78670310974121,27.85011863708496,2.468353509902954,0.0,0.949999988079071,5,26,4,5,131
6,47,60,28.932601928710938,27.82027816772461,2.424129009246826,0.0,0.949999988079071,5,26,4,5,132
6,47,61,28.932601928710938,27.82027816772461,2.424129009246826,0.0,0.949999988079071,5,26,4,5,137
6,47,62,28.739660263061523,27.847503662109375,2.4639103412628174,0.0,0.8999999761581421,5,27,4,4,139
6,47,63,28.691627502441406,27.84486961364746,2.459322929382324,0.0,0.8500000238418579,5,27,4,4,141
6,47,64,28.83838653564453,27.814558029174805,2.4146761894226074,0.0,0.8500000238418579,5,27,4,4,143
6,47,65,28.83838653564453,27.814558029174805,2.4146761894226074,0.0,0.8500000238418579,5,27,4,4,144
6,47,66,28.64263153076172,27.842212677001953,2.454598903656006,0.0,0.800000011920929,5,27,4,4,146
6,47,67,28.789737701416016,27.811689376831055,2.409769058227539,0.0,0.800000011920929,5,28,4,3,149
6,47,68,28.789737701416016,27.811689376831055,2.409769058227539,0.0,0.800000011920929,5,29,4,2,151
6,47,69,28.789737701416016,27.811689376831055,2.409769058227539,0.0,0.800000011920929,5,29,4,2,156
6,47,70,28.592710494995117,27.83953285217285,2.449747085571289,0.0,0.75,5,29,4,2,159
6,47,71,28.541898727416992,27.836833953857422,2.4447779655456543,0.0,0.699999988079071,5,29,4,2,167
6,47,72,28.689512252807617,27.805940628051758,2.3996448516845703,0.0,0.699999988079071,5,29,4,2,171
6,47,73,28.490245819091797,27.83411407470703,2.4397029876708984,0.0,0.6499999761581421,5,29,4,2,174
6,47,74,28.638017654418945,27.803062438964844,2.394451856613159,0.0,0.6499999761581421,5,30,4,1,177
6,47,75,28.638017654418945,27.803062438964844,2.394451856613159,0.0,0.6499999761581421,5,30,4,1,179
6,47,76,28.638017654418945,27.803062438964844,2.394451856613159,0.0,0.6499999761581421,5,30,4,1,180
6,47,77,28.638017654418945,27.803062438964844,2.394451856613159,0.0,0.6499999761581421,5,30,4,1,188
6,47,78,28.638017654418945,27.803062438964844,2.394451856613159,0.0,0.6499999761581421,5,30,4,1,196
6,47,79,28.43779754638672,27.831375122070312,2.434535264968872,0.0,0.6000000238418579,5,30,4,1,204
6,47,80,28.585664749145508,27.80018424987793,2.3891892433166504,0.0,0.6000000238418579,5,30,4,1,212
6,47,81,28.585664749145508,27.80018424987793,2.3891892433166504,0.0,0.6000000238418579,5,30,4,1,217
6,47,82,28.585664749145508,27.80018424987793,2.3891892433166504,0.0,0.6000000238418579,5,30,4,1,220
6,47,83,28.585664749145508,27.80018424987793,2.3891892433166504,0.0,0.6000000238418579,5,30,4,1,228
6,47,84,28.384611129760742,27.82861328125,2.429287910461426,0.0,0.550000011920929,5,30,4,1,234
6,47,85,28.532506942749023,27.797306060791016,2.3838725090026855,0.0,0.550000011920929,5,30,4,1,241
6,47,86,28.330745697021484,27.825834274291992,2.423976421356201,0.0,0.5,5,30,4,1,243
6,47,87,28.478605270385742,27.794431686401367,2.378516674041748,0.0,0.5,5,30,4,1,249
6,47,88,28.276264190673828,27.823036193847656,2.4186158180236816,0.0,0.44999998807907104,5,30,4,1,254
6,47,89,28.424020767211914,27.79155921936035,2.373138189315796,0.0,0.44999998807907104,5,30,4,1,264
6,47,90,28.221233367919922,27.820219039916992,2.4132227897644043,0.0,0.4000000059604645,5,30,4,1,267
6,47,91,28.368824005126953,27.7886905670166,2.3677542209625244,0.0,0.4000000059604645,5,30,4,1,272
6,47,92,28.368824005126953,27.7886905670166,2.3677542209625244,0.0,0.4000000059604645,5,30,4,1,275
6,47,93,28.368824005126953,27.7886905670166,2.3677542209625244,0.0,0.4000000059604645,5,31,4,0,278
7,48,1,28.166776657104492,27.103271484375,3.44523024559021,0.05000000074505806,1.0,0,0,0,40,2
7,48,2,28.906494140625,27.82667350769043,2.434173822402954,0.05000000074505806,1.0,0,0,0,40,4
7,48,3,28.906494140625,27.82667350769043,2.434173822402954,0.05000000074505806,1.0,0,0,1,39,6
7,48,4,28.906494140625,27.82667350769043,2.434173822402954,0.05000000074505806,1.0,0,0,1,39,9
7,48,5,28.95634651184082,27.716646194458008,2.5713422298431396,0.0,1.0,1,0,1,38,10
7,48,6,28.978116989135742,27.8231258392334,2.4286580085754395,0.0,1.0,1,1,1,37,10
7,48,7,28.978116989135742,27.8231258392334,2.4286580085754395,0.0,1.0,2,2,1,35,12
7,48,8,28.978116989135742,27.8231258392334,2.4286580085754395,0.0,1.0,2,3,1,34,14
7,48,9,28.978116989135742,27.8231258392334,2.4286580085754395,0.0,1.0,2,3,1,34,15
7,48,10,28.978116989135742,27.8231258392334,2.4286580085754395,0.0,1.0,2,3,1,34,18
7,48,11,28.978116989135742,27.8231258392334,2.4286580085754395,0.0,1.0,2,3,1,34,20
7,48,12,28.978116989135742,27.8231258392334,2.4286580085754395,0.0,1.0,2,3,3,32,25
7,48,13,28.978116989135742,27.8231258392334,2.4286580085754395,0.0,1.0,2,3,3,32,27
7,48,14,28.978116989135742,27.8231258392334,2.4286580085754395,0.0,1.0,2,3,3,32,31
7,48,15,28.978116989135742,27.8231258392334,2.4286580085754395,0.0,1.0,2,3,3,32,33
7,48,16,28.978116989135742,27.8231258392334,2.4286580085754395,0.0,1.0,2,3,6,29,36
7,48,17,28.978116989135742,27.8231258392334,2.4286580085754395,0.0,1.0,2,3,6,29,38
7,48,18,28.978116989135742,27.8231258392334,2.4286580085754395,0.0,1.0,2,4,7,27,42
7,48,19,28.978116989135742,27.8231258392334,2.4286580085754395,0.0,1.0,2,4,7,27,44
7,48,20,28.978116989135742,27.8231258392334,2.4286580085754395,0.0,1.0,2,4,7,27,48
7,48,21,28.978116989135742,27.8231258392334,2.4286580085754395,0.0,1.0,2,4,7,27,50
7,48,22,28.978116989135742,27.8231258392334,2.4286580085754395,0.0,1.0,2,4,7,27,55
7,48,23,28.978116989135742,27.8231258392334,2.4286580085754395,0.0,1.0,2,4,7,27,57
7,48,24,28.978116989135742,27.8231258392334,2.4286580085754395,0.0,1.0,2,4,8,26,61
7,48,25,28.978116989135742,27.8231258392334,2.4286580085754395,0.0,1.0,2,5,8,25,62
7,48,26,28.978116989135742,27.8231258392334,2.4286580085754395,0.0,1.0,2,7,8,23,66
7,48,27,28.978116989135742,27.8231258392334,2.4286580085754395,0.0,1.0,2,7,8,23,66
7,48,28,28.978116989135742,27.8231258392334,2.4286580085754395,0.0,1.0,2,8,8,22,70
7,48,29,28.978116989135742,27.8231258392334,2.4286580085754395,0.0,1.0,2,8,8,22,76
7,48,30,28.978116989135742,27.8231258392334,2.4286580085754395,0.0,1.0,2,8,8,22,78
7,48,31,28.978116989135742,27.8231258392334,2.4286580085754395,0.0,1.0,2,9,8,21,82
7,48,32,28.978116989135742,27.8231258392334,2.4286580085754395,0.0,1.0,2,11,8,19,86
7,48,33,28.978116989135742,27.8231258392334,2.4286580085754395,0.0,1.0,2,12,8,18,92
7,48,34,28.978116989135742,27.8231258392334,2.4286580085754395,0.0,1.0,2,12,8,18,97
7,48,35,28.978116989135742,27.8231258392334,2.4286580085754395,0.0,1.0,2,14,8,16,97
7,48,36,28.978116989135742,27.8231258392334,2.4286580085754395,0.0,1.0,2,14,8,16,100
7,48,37,28.978116989135742,27.8231258392334,2.4286580085754395,0.0,1.0,2,17,8,13,102
7,48,38,28.978116989135742,27.8231258392334,2.4286580085754395,0.0,1.0,2,17,8,13,103
7,48,39,28.978116989135742,27.8231258392334,2.4286580085754395,0.0,1.0,2,17,8,13,107
7,48,40,28.78670310974121,27.85011863708496,2.468353509902954,0.0,0.949999988079071,2,18,8,12,110
7,48,41,28.739660263061523,27.847503662109375,2.4639103412628174,0.0,0.8999999761581421,2,20,8,10,111
7,48,42,28.886016845703125,27.81742286682129,2.4194657802581787,0.0,0.8999999761581421,2,20,8,10,115
7,48,43,28.886016845703125,27.81742286682129,2.4194657802581787,0.0,0.8999999761581421,2,21,8,9,117
7,48,44,28.691627502441406,27.84486961364746,2.459322929382324,0.0,0.8500000238418579,2,21,8,9,120
7,48,45,28.83838653564453,27.814558029174805,2.4146761894226074,0.0,0.8500000238418579,2,21,8,9,124
7,48,46,28.83838653564453,27.814558029174805,2.4146761894226074,0.0,0.8500000238418579,2,21,8,9,124
7,48,47,28.83838653564453,27.814558029174805,2.4146761894226074,0.0,0.8500000238418579,2,21,8,9,126
7,48,48,28.83838653564453,27.814558029174805,2.4146761894226074,0.0,0.8500000238418579,2,21,8,9,128
7,48,49,28.83838653564453,27.814558029174805,2.4146761894226074,0.0,0.8500000238418579,2,21,8,9,130
7,48,50,28.83838653564453,27.814558029174805,2.4146761894226074,0.0,0.8500000238418579,2,23,8,7,132
7,48,51,28.83838653564453,27.814558029174805,2.4146761894226074,0.0,0.8500000238418579,2,23,8,7,135
7,48,52,28.83838653564453,27.814558029174805,2.4146761894226074,0.0,0.8500000238418579,2,24,8,6,139
7,48,53,28.64263153076172,27.842212677001953,2.454598903656006,0.0,0.800000011920929,2,24,8,6,142
7,48,54,28.789737701416016,27.811689376831055,2.409769058227539,0.0,0.800000011920929,2,24,8,6,146
7,48,55,28.789737701416016,27.811689376831055,2.409769058227539,0.0,0.800000011920929,2,25,8,5,148
7,48,56,28.592710494995117,27.83953285217285,2.449747085571289,0.0,0.75,2,25,8,5,150
7,48,57,28.74009895324707,27.80881690979004,2.404754877090454,0.0,0.75,2,25,8,5,154
7,48,58,28.74009895324707,27.80881690979004,2.404754877090454,0.0,0.75,2,27,8,3,154
7,48,59,28.74009895324707,27.80881690979004,2.404754877090454,0.0,0.75,2,27,8,3,158
7,48,60,28.74009895324707,27.80881690979004,2.404754877090454,0.0,0.75,2,27,8,3,160
7,48,61,28.74009895324707,27.80881690979004,2.404754877090454,0.0,0.75,2,27,8,3,164
7,48,62,28.74009895324707,27.80881690979004,2.404754877090454,0.0,0.75,2,27,8,3,167
7,48,63,28.74009895324707,27.80881690979004,2.404754877090454,0.0,0.75,2,27,8,3,172
7,48,64,28.541898727416992,27.836833953857422,2.4447779655456543,0.0,0.699999988079071,2,28,8,2,180
7,48,65,28.689512252807617,27.805940628051758,2.3996448516845703,0.0,0.699999988079071,2,28,8,2,183
7,48,66,28.490245819091797,27.83411407470703,2.4397029876708984,0.0,0.6499999761581421,2,28,8,2,188
7,48,67,28.638017654418945,27.803062438964844,2.394451856613159,0.0,0.6499999761581421,2,28,8,2,193
7,48,68,28.43779754638672,27.831375122070312,2.434535264968872,0.0,0.6000000238418579,2,28,8,2,199
7,48,69,28.384611129760742,27.82861328125,2.429287910461426,0.0,0.550000011920929,2,29,8,1,202
7,48,70,28.532506942749023,27.797306060791016,2.3838725090026855,0.0,0.550000011920929,2,29,8,1,206
7,48,71,28.532506942749023,27.797306060791016,2.3838725090026855,0.0,0.550000011920929,2,30,8,0,210
8,49,1,28.132909774780273,27.104772567749023,3.4482035636901855,0.10000000149011612,1.0,0,0,0,40,1
8,49,2,28.83346176147461,27.83022689819336,2.4397149085998535,0.10000000149011612,1.0,0,1,0,39,1
8,49,3,28.83346176147461,27.83022689819336,2.4397149085998535,0.10000000149011612,1.0,0,1,0,39,3
8,49,4,28.885112762451172,27.719757080078125,2.577442169189453,0.05000000074505806,1.0,0,3,0,37,5
8,49,5,28.906494140625,27.82667350769043,2.434173822402954,0.05000000074505806,1.0,0,3,0,37,5
8,49,6,28.906494140625,27.82667350769043,2.434173822402954,0.05000000074505806,1.0,2,3,0,35,5
8,49,7,28.906494140625,27.82667350769043,2.434173822402954,0.05000000074505806,1.0,2,3,0,35,6
8,49,8,28.906494140625,27.82667350769043,2.434173822402954,0.05000000074505806,1.0,2,3,0,35,7
8,49,9,28.906494140625,27.82667350769043,2.434173822402954,0.05000000074505806,1.0,2,3,0,35,7
8,49,10,28.906494140625,27.82667350769043,2.434173822402954,0.05000000074505806,1.0,2,3,0,35,8
8,49,11,28.906494140625,27.82667350769043,2.434173822402954,0.05000000074505806,1.0,3,4,0,33,9
8,49,12,28.906494140625,27.82667350769043,2.434173822402954,0.05000000074505806,1.0,3,5,0,32,9
8,49,13,28.906494140625,27.82667350769043,2.434173822402954,0.05000000074505806,1.0,5,5,0,30,11
8,49,14,28.95634651184082,27.716646194458008,2.5713422298431396,0.0,1.0,5,5,0,30,12
8,49,15,28.978116989135742,27.8231258392334,2.4286580085754395,0.0,1.0,6,6,0,28,13
8,49,16,28.978116989135742,27.8231258392334,2.4286580085754395,0.0,1.0,6,6,0,28,14
8,49,17,28.978116989135742,27.8231258392334,2.4286580085754395,0.0,1.0,6,6,0,28,15
8,49,18,28.978116989135742,27.8231258392334,2.4286580085754395,0.0,1.0,6,6,0,28,16
8,49,19,28.978116989135742,27.8231258392334,2.4286580085754395,0.0,1.0,6,7,0,27,17
8,49,20,28.978116989135742,27.8231258392334,2.4286580085754395,0.0,1.0,6,7,1,26,22
8,49,21,28.978116989135742,27.8231258392334,2.4286580085754395,0.0,1.0,6,7,1,26,22
8,49,22,28.978116989135742,27.8231258392334,2.4286580085754395,0.0,1.0,6,8,1,25,24
8,49,23,28.978116989135742,27.8231258392334,2.4286580085754395,0.0,1.0,6,9,2,23,25
8,49,24,28.978116989135742,27.8231258392334,2.4286580085754395,0.0,1.0,6,9,2,23,30
8,49,25,28.978116989135742,27.8231258392334,2.4286580085754395,0.0,1.0,6,11,3,20,34
8,49,26,28.978116989135742,27.8231258392334,2.4286580085754395,0.0,1.0,6,11,3,20,35
8,49,27,28.978116989135742,27.8231258392334,2.4286580085754395,0.0,1.0,6,11,3,20,39
8,49,28,28.978116989135742,27.8231258392334,2.4286580085754395,0.0,1.0,6,11,3,20,40
8,49,29,28.978116989135742,27.8231258392334,2.4286580085754395,0.0,1.0,6,11,3,20,45
8,49,30,28.978116989135742,27.8231258392334,2.4286580085754395,0.0,1.0,6,12,3,19,51
8,49,31,28.978116989135742,27.8231258392334,2.4286580085754395,0.0,1.0,6,12,3,19,53
8,49,32,28.978116989135742,27.8231258392334,2.4286580085754395,0.0,1.0,6,14,3,17,59
8,49,33,28.978116989135742,27.8231258392334,2.4286580085754395,0.0,1.0,6,15,3,16,63
8,49,34,28.978116989135742,27.8231258392334,2.4286580085754395,0.0,1.0,6,16,3,15,63
8,49,35,28.978116989135742,27.8231258392334,2.4286580085754395,0.0,1.0,6,16,4,14,68
8,49,36,28.978116989135742,27.8231258392334,2.4286580085754395,0.0,1.0,6,17,4,13,74
8,49,37,28.978116989135742,27.8231258392334,2.4286580085754395,0.0,1.0,6,18,4,12,79
8,49,38,28.978116989135742,27.8231258392334,2.4286580085754395,0.0,1.0,6,19,4,11,86
8,49,39,28.978116989135742,27.8231258392334,2.4286580085754395,0.0,1.0,6,20,4,10,90
8,49,40,28.978116989135742,27.8231258392334,2.4286580085754395,0.0,1.0,6,21,4,9,93
8,49,41,28.978116989135742,27.8231258392334,2.4286580085754395,0.0,1.0,6,22,4,8,96
8,49,42,28.978116989135742,27.8231258392334,2.4286580085754395,0.0,1.0,6,24,4,6,97
8,49,43,28.978116989135742,27.8231258392334,2.4286580085754395,0.0,1.0,6,24,4,6,98
8,49,44,28.978116989135742,27.8231258392334,2.4286580085754395,0.0,1.0,6,25,4,5,101
8,49,45,28.978116989135742,27.8231258392334,2.4286580085754395,0.0,1.0,6,25,4,5,104
8,49,46,28.978116989135742,27.8231258392334,2.4286580085754395,0.0,1.0,6,25,4,5,108
8,49,47,28.978116989135742,27.8231258392334,2.4286580085754395,0.0,1.0,6,25,4,5,110
8,49,48,28.978116989135742,27.8231258392334,2.4286580085754395,0.0,1.0,6,25,4,5,111
8,49,49,28.978116989135742,27.8231258392334,2.4286580085754395,0.0,1.0,6,26,4,4,114
8,49,50,28.78670310974121,27.85011863708496,2.468353509902954,0.0,0.949999988079071,6,26,4,4,117
8,49,51,28.932601928710938,27.82027816772461,2.424129009246826,0.0,0.949999988079071,6,26,4,4,119
8,49,52,28.739660263061523,27.847503662109375,2.4639103412628174,0.0,0.8999999761581421,6,26,4,4,120
8,49,53,28.886016845703125,27.81742286682129,2.4194657802581787,0.0,0.8999999761581421,6,26,4,4,124
8,49,54,28.691627502441406,27.84486961364746,2.459322929382324,0.0,0.8500000238418579,6,26,4,4,125
8,49,55,28.83838653564453,27.814558029174805,2.4146761894226074,0.0,0.8500000238418579,6,26,4,4,125
8,49,56,28.83838653564453,27.814558029174805,2.4146761894226074,0.0,0.8500000238418579,6,27,4,3,126
8,49,57,28.83838653564453,27.814558029174805,2.4146761894226074,0.0,0.8500000238418579,6,27,4,3,131
8,49,58,28.64263153076172,27.842212677001953,2.454598903656006,0.0,0.800000011920929,6,28,4,2,134
8,49,59,28.789737701416016,27.811689376831055,2.409769058227539,0.0,0.800000011920929,6,28,4,2,138
8,49,60,28.592710494995117,27.83953285217285,2.449747085571289,0.0,0.75,6,28,4,2,140
8,49,61,28.541898727416992,27.836833953857422,2.4447779655456543,0.0,0.699999988079071,6,28,4,2,144
8,49,62,28.490245819091797,27.83411407470703,2.4397029876708984,0.0,0.6499999761581421,6,28,4,2,147
8,49,63,28.638017654418945,27.803062438964844,2.394451856613159,0.0,0.6499999761581421,6,28,4,2,150
8,49,64,28.638017654418945,27.803062438964844,2.394451856613159,0.0,0.6499999761581421,6,28,4,2,150
8,49,65,28.638017654418945,27.803062438964844,2.394451856613159,0.0,0.6499999761581421,6,28,4,2,154
8,49,66,28.43779754638672,27.831375122070312,2.434535264968872,0.0,0.6000000238418579,6,28,4,2,158
8,49,67,28.585664749145508,27.80018424987793,2.3891892433166504,0.0,0.6000000238418579,6,28,4,2,159
8,49,68,28.585664749145508,27.80018424987793,2.3891892433166504,0.0,0.6000000238418579,6,28,4,2,162
8,49,69,28.585664749145508,27.80018424987793,2.3891892433166504,0.0,0.6000000238418579,6,28,4,2,163
8,49,70,28.585664749145508,27.80018424987793,2.3891892433166504,0.0,0.6000000238418579,6,28,4,2,167
8,49,71,28.585664749145508,27.80018424987793,2.3891892433166504,0.0,0.6000000238418579,6,28,4,2,170
8,49,72,28.585664749145508,27.80018424987793,2.3891892433166504,0.0,0.6000000238418579,6,28,4,2,174
8,49,73,28.585664749145508,27.80018424987793,2.3891892433166504,0.0,0.6000000238418579,6,28,4,2,178
8,49,74,28.384611129760742,27.82861328125,2.429287910461426,0.0,0.550000011920929,6,29,4,1,183
8,49,75,28.532506942749023,27.797306060791016,2.3838725090026855,0.0,0.550000011920929,6,29,4,1,184
8,49,76,28.532506942749023,27.797306060791016,2.3838725090026855,0.0,0.550000011920929,6,29,4,1,187
8,49,77,28.330745697021484,27.825834274291992,2.423976421356201,0.0,0.5,6,29,4,1,188
8,49,78,28.478605270385742,27.794431686401367,2.378516674041748,0.0,0.5,6,29,4,1,193
8,49,79,28.478605270385742,27.794431686401367,2.378516674041748,0.0,0.5,6,29,4,1,199
8,49,80,28.478605270385742,27.794431686401367,2.378516674041748,0.0,0.5,6,29,4,1,204
8,49,81,28.478605270385742,27.794431686401367,2.378516674041748,0.0,0.5,6,29,4,1,210
8,49,82,28.478605270385742,27.794431686401367,2.378516674041748,0.0,0.5,6,29,4,1,214
8,49,83,28.478605270385742,27.794431686401367,2.378516674041748,0.0,0.5,6,29,4,1,217
8,49,84,28.478605270385742,27.794431686401367,2.378516674041748,0.0,0.5,6,29,4,1,218
8,49,85,28.478605270385742,27.794431686401367,2.378516674041748,0.0,0.5,6,29,4,1,219
8,49,86,28.478605270385742,27.794431686401367,2.378516674041748,0.0,0.5,6,29,4,1,222
8,49,87,28.478605270385742,27.794431686401367,2.378516674041748,0.0,0.5,6,29,4,1,228
8,49,88,28.276264190673828,27.823036193847656,2.4186158180236816,0.0,0.44999998807907104,6,29,4,1,230
8,49,89,28.424020767211914,27.79155921936035,2.373138189315796,0.0,0.44999998807907104,6,29,4,1,233
8,49,90,28.424020767211914,27.79155921936035,2.373138189315796,0.0,0.44999998807907104,6,29,4,1,237
8,49,91,28.424020767211914,27.79155921936035,2.373138189315796,0.0,0.44999998807907104,6,29,4,1,245
8,49,92,28.221233367919922,27.820219039916992,2.4132227897644043,0.0,0.4000000059604645,6,29,4,1,250
8,49,93,28.368824005126953,27.7886905670166,2.3677542209625244,0.0,0.4000000059604645,6,29,4,1,250
8,49,94,28.368824005126953,27.7886905670166,2.3677542209625244,0.0,0.4000000059604645,6,29,4,1,252
8,49,95,28.165727615356445,27.8173828125,2.4078140258789062,0.0,0.3499999940395355,6,29,4,1,254
8,49,96,28.313085556030273,27.785829544067383,2.3623814582824707,0.0,0.3499999940395355,6,29,4,1,260
8,49,97,28.109819412231445,27.814531326293945,2.4024062156677246,0.0,0.30000001192092896,6,29,4,1,265
8,49,98,28.256881713867188,27.78297233581543,2.3570375442504883,0.0,0.30000001192092896,6,29,4,1,269
8,49,99,28.256881713867188,27.78297233581543,2.3570375442504883,0.0,0.30000001192092896,6,29,4,1,277
8,49,100,28.053585052490234,27.811662673950195,2.397017002105713,0.0,0.25,6,29,4,1,280
8,49,101,28.20029067993164,27.780122756958008,2.3517396450042725,0.0,0.25,6,29,4,1,286
8,49,102,28.20029067993164,27.780122756958008,2.3517396450042725,0.0,0.25,6,29,4,1,289
8,49,103,27.997106552124023,27.808778762817383,2.3916635513305664,0.0,0.20000000298023224,6,29,4,1,294
8,49,104,28.14339256286621,27.777280807495117,2.3465049266815186,0.0,0.20000000298023224,6,29,4,1,303
8,49,105,27.940460205078125,27.80588150024414,2.3863627910614014,0.0,0.15000000596046448,6,29,4,1,308
8,49,106,28.086271286010742,27.77444839477539,2.3413496017456055,0.0,0.15000000596046448,6,30,4,0,317
9,50,1,28.132909774780273,27.104772567749023,3.4482035636901855,0.10000000149011612,1.0,0,0,0,40,4
9,50,2,28.83346176147461,27.83022689819336,2.4397149085998535,0.10000000149011612,1.0,2,0,0,38,4
9,50,3,28.83346176147461,27.83022689819336,2.4397149085998535,0.10000000149011612,1.0,2,0,0,38,6
9,50,4,28.885112762451172,27.719757080078125,2.577442169189453,0.05000000074505806,1.0,3,0,0,37,7
9,50,5,28.906494140625,27.82667350769043,2.434173822402954,0.05000000074505806,1.0,3,1,0,36,9
9,50,6,28.906494140625,27.82667350769043,2.434173822402954,0.05000000074505806,1.0,3,2,0,35,9
9,50,7,28.906494140625,27.82667350769043,2.434173822402954,0.05000000074505806,1.0,4,3,0,33,10
9,50,8,28.906494140625,27.82667350769043,2.434173822402954,0.05000000074505806,1.0,5,4,0,31,10
9,50,9,28.906494140625,27.82667350769043,2.434173822402954,0.05000000074505806,1.0,5,4,0,31,10
9,50,10,28.906494140625,27.82667350769043,2.434173822402954,0.05000000074505806,1.0,5,5,0,30,11
9,50,11,28.906494140625,27.82667350769043,2.434173822402954,0.05000000074505806,1.0,5,5,0,30,11
9,50,12,28.906494140625,27.82667350769043,2.434173822402954,0.05000000074505806,1.0,5,5,0,30,13
9,50,13,28.906494140625,27.82667350769043,2.434173822402954,0.05000000074505806,1.0,5,5,0,30,13
9,50,14,28.906494140625,27.82667350769043,2.434173822402954,0.05000000074505806,1.0,5,5,0,30,16
9,50,15,28.906494140625,27.82667350769043,2.434173822402954,0.05000000074505806,1.0,6,6,0,28,19
9,50,16,28.95634651184082,27.716646194458008,2.5713422298431396,0.0,1.0,7,6,0,27,23
9,50,17,28.978116989135742,27.8231258392334,2.4286580085754395,0.0,1.0,7,7,0,26,26
9,50,18,28.978116989135742,27.8231258392334,2.4286580085754395,0.0,1.0,8,9,0,23,30
9,50,19,28.978116989135742,27.8231258392334,2.4286580085754395,0.0,1.0,8,10,0,22,33
9,50,20,28.978116989135742,27.8231258392334,2.4286580085754395,0.0,1.0,8,10,0,22,34
9,50,21,28.978116989135742,27.8231258392334,2.4286580085754395,0.0,1.0,8,10,0,22,38
9,50,22,28.978116989135742,27.8231258392334,2.4286580085754395,0.0,1.0,8,12,0,20,41
9,50,23,28.978116989135742,27.8231258392334,2.4286580085754395,0.0,1.0,8,13,0,19,45
9,50,24,28.978116989135742,27.8231258392334,2.4286580085754395,0.0,1.0,8,13,0,19,48
9,50,25,28.978116989135742,27.8231258392334,2.4286580085754395,0.0,1.0,8,13,0,19,51
9,50,26,28.978116989135742,27.8231258392334,2.4286580085754395,0.0,1.0,8,13,0,19,54
9,50,27,28.978116989135742,27.8231258392334,2.4286580085754395,0.0,1.0,8,13,0,19,57
9,50,28,28.978116989135742,27.8231258392334,2.4286580085754395,0.0,1.0,8,13,0,19,59
9,50,29,28.978116989135742,27.8231258392334,2.4286580085754395,0.0,1.0,8,14,0,18,60
9,50,30,28.978116989135742,27.8231258392334,2.4286580085754395,0.0,1.0,8,14,1,17,65
9,50,31,28.978116989135742,27.8231258392334,2.4286580085754395,0.0,1.0,8,15,1,16,67
9,50,32,28.978116989135742,27.8231258392334,2.4286580085754395,0.0,1.0,8,15,1,16,68
9,50,33,28.978116989135742,27.8231258392334,2.4286580085754395,0.0,1.0,8,15,1,16,70
9,50,34,28.978116989135742,27.8231258392334,2.4286580085754395,0.0,1.0,8,15,2,15,75
9,50,35,28.978116989135742,27.8231258392334,2.4286580085754395,0.0,1.0,8,15,2,15,77
9,50,36,28.978116989135742,27.8231258392334,2.4286580085754395,0.0,1.0,8,17,3,12,81
9,50,37,28.978116989135742,27.8231258392334,2.4286580085754395,0.0,1.0,8,17,3,12,84
9,50,38,28.978116989135742,27.8231258392334,2.4286580085754395,0.0,1.0,8,17,3,12,89
9,50,39,28.978116989135742,27.8231258392334,2.4286580085754395,0.0,1.0,8,17,3,12,92
9,50,40,28.978116989135742,27.8231258392334,2.4286580085754395,0.0,1.0,8,18,3,11,92
9,50,41,28.978116989135742,27.8231258392334,2.4286580085754395,0.0,1.0,8,20,3,9,93
9,50,42,28.978116989135742,27.8231258392334,2.4286580085754395,0.0,1.0,8,20,3,9,94
9,50,43,28.978116989135742,27.8231258392334,2.4286580085754395,0.0,1.0,8,20,3,9,94
9,50,44,28.978116989135742,27.8231258392334,2.4286580085754395,0.0,1.0,8,20,3,9,96
9,50,45,28.978116989135742,27.8231258392334,2.4286580085754395,0.0,1.0,8,22,3,7,96
9,50,46,28.978116989135742,27.8231258392334,2.4286580085754395,0.0,1.0,8,22,3,7,97
9,50,47,28.978116989135742,27.8231258392334,2.4286580085754395,0.0,1.0,8,23,3,6,98
9,50,48,28.978116989135742,27.8231258392334,2.4286580085754395,0.0,1.0,8,23,3,6,99
9,50,49,28.978116989135742,27.8231258392334,2.4286580085754395,0.0,1.0,8,23,3,6,99
9,50,50,28.978116989135742,27.8231258392334,2.4286580085754395,0.0,1.0,8,24,3,5,99
9,50,51,28.978116989135742,27.8231258392334,2.4286580085754395,0.0,1.0,8,24,3,5,99
9,50,52,28.978116989135742,27.8231258392334,2.4286580085754395,0.0,1.0,8,24,3,5,100
9,50,53,28.978116989135742,27.8231258392334,2.4286580085754395,0.0,1.0,8,24,3,5,101
9,50,54,28.978116989135742,27.8231258392334,2.4286580085754395,0.0,1.0,8,24,3,5,102
9,50,55,28.978116989135742,27.8231258392334,2.4286580085754395,0.0,1.0,8,24,3,5,102
9,50,56,28.978116989135742,27.8231258392334,2.4286580085754395,0.0,1.0,8,25,3,4,102
9,50,57,28.978116989135742,27.8231258392334,2.4286580085754395,0.0,1.0,8,25,3,4,103
9,50,58,28.978116989135742,27.8231258392334,2.4286580085754395,0.0,1.0,8,26,3,3,104
9,50,59,28.978116989135742,27.8231258392334,2.4286580085754395,0.0,1.0,8,27,3,2,106
9,50,60,28.978116989135742,27.8231258392334,2.4286580085754395,0.0,1.0,8,27,3,2,107
9,50,61,28.978116989135742,27.8231258392334,2.4286580085754395,0.0,1.0,8,28,3,1,109
9,50,62,28.978116989135742,27.8231258392334,2.4286580085754395,0.0,1.0,8,28,3,1,109
9,50,63,28.978116989135742,27.8231258392334,2.4286580085754395,0.0,1.0,8,28,3,1,112
9,50,64,28.978116989135742,27.8231258392334,2.4286580085754395,0.0,1.0,8,28,3,1,115
9,50,65,28.78670310974121,27.85011863708496,2.468353509902954,0.0,0.949999988079071,8,28,3,1,116
9,50,66,28.932601928710938,27.82027816772461,2.424129009246826,0.0,0.949999988079071,8,28,3,1,118
9,50,67,28.739660263061523,27.847503662109375,2.4639103412628174,0.0,0.8999999761581421,8,28,3,1,121
9,50,68,28.886016845703125,27.81742286682129,2.4194657802581787,0.0,0.8999999761581421,8,28,3,1,123
9,50,69,28.886016845703125,27.81742286682129,2.4194657802581787,0.0,0.8999999761581421,8,28,3,1,124
9,50,70,28.886016845703125,27.81742286682129,2.4194657802581787,0.0,0.8999999761581421,8,28,3,1,125
9,50,71,28.886016845703125,27.81742286682129,2.4194657802581787,0.0,0.8999999761581421,8,28,3,1,125
9,50,72,28.886016845703125,27.81742286682129,2.4194657802581787,0.0,0.8999999761581421,8,29,3,0,126
10,51,1,28.166776657104492,27.103271484375,3.44523024559021,0.05000000074505806,1.0,0,0,0,40,1
10,51,2,28.906494140625,27.82667350769043,2.434173822402954,0.05000000074505806,1.0,1,0,0,39,1
10,51,3,28.906494140625,27.82667350769043,2.434173822402954,0.05000000074505806,1.0,1,0,0,39,2
10,51,4,28.906494140625,27.82667350769043,2.434173822402954,0.05000000074505806,1.0,1,2,0,37,2
10,51,5,28.906494140625,27.82667350769043,2.434173822402954,0.05000000074505806,1.0,1,2,0,37,2
10,51,6,28.906494140625,27.82667350769043,2.434173822402954,0.05000000074505806,1.0,2,2,0,36,2
10,51,7,28.906494140625,27.82667350769043,2.434173822402954,0.05000000074505806,1.0,2,2,0,36,2
10,51,8,28.906494140625,27.82667350769043,2.434173822402954,0.05000000074505806,1.0,2,2,0,36,2
10,51,9,28.906494140625,27.82667350769043,2.434173822402954,0.05000000074505806,1.0,3,3,0,34,3
10,51,10,28.906494140625,27.82667350769043,2.434173822402954,0.05000000074505806,1.0,3,4,0,33,4
10,51,11,28.95634651184082,27.716646194458008,2.5713422298431396,0.0,1.0,3,5,0,32,4
10,51,12,28.978116989135742,27.8231258392334,2.4286580085754395,0.0,1.0,4,5,0,31,5
10,51,13,28.978116989135742,27.8231258392334,2.4286580085754395,0.0,1.0,4,5,0,31,6
10,51,14,28.978116989135742,27.8231258392334,2.4286580085754395,0.0,1.0,4,6,0,30,9
10,51,15,28.978116989135742,27.8231258392334,2.4286580085754395,0.0,1.0,4,7,0,29,9
10,51,16,28.978116989135742,27.8231258392334,2.4286580085754395,0.0,1.0,4,7,0,29,11
10,51,17,28.978116989135742,27.8231258392334,2.4286580085754395,0.0,1.0,4,7,0,29,12
10,51,18,28.978116989135742,27.8231258392334,2.4286580085754395,0.0,1.0,4,9,0,27,12
10,51,19,28.978116989135742,27.8231258392334,2.4286580085754395,0.0,1.0,4,9,1,26,13
10,51,20,28.978116989135742,27.8231258392334,2.4286580085754395,0.0,1.0,4,10,1,25,16
10,51,21,28.978116989135742,27.8231258392334,2.4286580085754395,0.0,1.0,4,10,1,25,18
10,51,22,28.978116989135742,27.8231258392334,2.4286580085754395,0.0,1.0,4,11,1,24,20
10,51,23,28.978116989135742,27.8231258392334,2.4286580085754395,0.0,1.0,4,12,1,23,22
10,51,24,28.978116989135742,27.8231258392334,2.4286580085754395,0.0,1.0,4,12,1,23,25
10,51,25,28.978116989135742,27.8231258392334,2.4286580085754395,0.0,1.0,4,13,1,22,28
10,51,26,28.978116989135742,27.8231258392334,2.4286580085754395,0.0,1.0,4,14,1,21,34
10,51,27,28.978116989135742,27.8231258392334,2.4286580085754395,0.0,1.0,4,14,1,21,38
10,51,28,28.978116989135742,27.8231258392334,2.4286580085754395,0.0,1.0,4,15,2,19,41
10,51,29,28.978116989135742,27.8231258392334,2.4286580085754395,0.0,1.0,4,15,2,19,44
10,51,30,28.978116989135742,27.8231258392334,2.4286580085754395,0.0,1.0,4,15,2,19,48
10,51,31,28.978116989135742,27.8231258392334,2.4286580085754395,0.0,1.0,4,15,2,19,53
10,51,32,28.978116989135742,27.8231258392334,2.4286580085754395,0.0,1.0,4,17,2,17,61
10,51,33,28.978116989135742,27.8231258392334,2.4286580085754395,0.0,1.0,4,18,2,16,63
10,51,34,28.978116989135742,27.8231258392334,2.4286580085754395,0.0,1.0,4,19,2,15,67
10,51,35,28.978116989135742,27.8231258392334,2.4286580085754395,0.0,1.0,4,19,2,15,69
10,51,36,28.978116989135742,27.8231258392334,2.4286580085754395,0.0,1.0,4,19,2,15,70
10,51,37,28.978116989135742,27.8231258392334,2.4286580085754395,0.0,1.0,4,20,2,14,72
10,51,38,28.978116989135742,27.8231258392334,2.4286580085754395,0.0,1.0,4,21,2,13,72
10,51,39,28.978116989135742,27.8231258392334,2.4286580085754395,0.0,1.0,4,21,2,13,76
10,51,40,28.978116989135742,27.8231258392334,2.4286580085754395,0.0,1.0,4,22,2,12,78
10,51,41,28.978116989135742,27.8231258392334,2.4286580085754395,0.0,1.0,4,22,2,12,80
10,51,42,28.978116989135742,27.8231258392334,2.4286580085754395,0.0,1.0,4,23,2,11,82
10,51,43,28.978116989135742,27.8231258392334,2.4286580085754395,0.0,1.0,4,23,2,11,84
10,51,44,28.978116989135742,27.8231258392334,2.4286580085754395,0.0,1.0,4,23,2,11,86
10,51,45,28.978116989135742,27.8231258392334,2.4286580085754395,0.0,1.0,4,23,2,11,87
10,51,46,28.978116989135742,27.8231258392334,2.4286580085754395,0.0,1.0,4,23,2,11,90
10,51,47,28.978116989135742,27.8231258392334,2.4286580085754395,0.0,1.0,4,23,2,11,90
10,51,48,28.978116989135742,27.8231258392334,2.4286580085754395,0.0,1.0,4,23,2,11,93
10,51,49,28.978116989135742,27.8231258392334,2.4286580085754395,0.0,1.0,4,23,2,11,97
10,51,50,28.978116989135742,27.8231258392334,2.4286580085754395,0.0,1.0,4,23,2,11,98
10,51,51,28.978116989135742,27.8231258392334,2.4286580085754395,0.0,1.0,4,23,2,11,98
10,51,52,28.978116989135742,27.8231258392334,2.4286580085754395,0.0,1.0,4,23,2,11,100
10,51,53,28.978116989135742,27.8231258392334,2.4286580085754395,0.0,1.0,4,23,2,11,104
10,51,54,28.978116989135742,27.8231258392334,2.4286580085754395,0.0,1.0,4,23,2,11,105
10,51,55,28.978116989135742,27.8231258392334,2.4286580085754395,0.0,1.0,4,24,2,10,106
10,51,56,28.978116989135742,27.8231258392334,2.4286580085754395,0.0,1.0,4,25,2,9,110
10,51,57,28.978116989135742,27.8231258392334,2.4286580085754395,0.0,1.0,4,25,2,9,115
10,51,58,28.78670310974121,27.85011863708496,2.468353509902954,0.0,0.949999988079071,4,25,2,9,119
10,51,59,28.932601928710938,27.82027816772461,2.424129009246826,0.0,0.949999988079071,4,25,2,9,123
10,51,60,28.932601928710938,27.82027816772461,2.424129009246826,0.0,0.949999988079071,4,26,2,8,127
10,51,61,28.932601928710938,27.82027816772461,2.424129009246826,0.0,0.949999988079071,4,26,2,8,132
10,51,62,28.739660263061523,27.847503662109375,2.4639103412628174,0.0,0.8999999761581421,4,26,2,8,133
10,51,63,28.886016845703125,27.81742286682129,2.4194657802581787,0.0,0.8999999761581421,4,26,2,8,137
10,51,64,28.886016845703125,27.81742286682129,2.4194657802581787,0.0,0.8999999761581421,4,27,2,7,139
10,51,65,28.886016845703125,27.81742286682129,2.4194657802581787,0.0,0.8999999761581421,4,27,2,7,144
10,51,66,28.691627502441406,27.84486961364746,2.459322929382324,0.0,0.8500000238418579,4,27,2,7,145
10,51,67,28.83838653564453,27.814558029174805,2.4146761894226074,0.0,0.8500000238418579,4,27,2,7,147
10,51,68,28.83838653564453,27.814558029174805,2.4146761894226074,0.0,0.8500000238418579,4,27,2,7,151
10,51,69,28.83838653564453,27.814558029174805,2.4146761894226074,0.0,0.8500000238418579,4,27,2,7,153
10,51,70,28.83838653564453,27.814558029174805,2.4146761894226074,0.0,0.8500000238418579,4,28,2,6,156
10,51,71,28.83838653564453,27.814558029174805,2.4146761894226074,0.0,0.8500000238418579,4,28,2,6,158
10,51,72,28.83838653564453,27.814558029174805,2.4146761894226074,0.0,0.8500000238418579,4,28,2,6,163
10,51,73,28.83838653564453,27.814558029174805,2.4146761894226074,0.0,0.8500000238418579,4,28,2,6,166
10,51,74,28.64263153076172,27.842212677001953,2.454598903656006,0.0,0.800000011920929,4,29,2,5,168
10,51,75,28.789737701416016,27.811689376831055,2.409769058227539,0.0,0.800000011920929,4,30,2,4,168
10,51,76,28.789737701416016,27.811689376831055,2.409769058227539,0.0,0.800000011920929,4,30,2,4,170
10,51,77,28.789737701416016,27.811689376831055,2.409769058227539,0.0,0.800000011920929,4,30,2,4,173
10,51,78,28.789737701416016,27.811689376831055,2.409769058227539,0.0,0.800000011920929,4,30,2,4,175
10,51,79,28.789737701416016,27.811689376831055,2.409769058227539,0.0,0.800000011920929,4,30,2,4,181
10,51,80,28.789737701416016,27.811689376831055,2.409769058227539,0.0,0.800000011920929,4,30,2,4,185
10,51,81,28.789737701416016,27.811689376831055,2.409769058227539,0.0,0.800000011920929,4,30,2,4,189
10,51,82,28.592710494995117,27.83953285217285,2.449747085571289,0.0,0.75,4,30,2,4,192
10,51,83,28.74009895324707,27.80881690979004,2.404754877090454,0.0,0.75,4,31,2,3,197
10,51,84,28.74009895324707,27.80881690979004,2.404754877090454,0.0,0.75,4,31,2,3,198
10,51,85,28.74009895324707,27.80881690979004,2.404754877090454,0.0,0.75,4,32,2,2,202
10,51,86,28.541898727416992,27.836833953857422,2.4447779655456543,0.0,0.699999988079071,4,32,2,2,206
10,51,87,28.689512252807617,27.805940628051758,2.3996448516845703,0.0,0.699999988079071,4,32,2,2,209
10,51,88,28.689512252807617,27.805940628051758,2.3996448516845703,0.0,0.699999988079071,4,32,2,2,211
10,51,89,28.689512252807617,27.805940628051758,2.3996448516845703,0.0,0.699999988079071,4,32,2,2,214
10,51,90,28.689512252807617,27.805940628051758,2.3996448516845703,0.0,0.699999988079071,4,32,2,2,218
10,51,91,28.689512252807617,27.805940628051758,2.3996448516845703,0.0,0.699999988079071,4,32,2,2,221
10,51,92,28.689512252807617,27.805940628051758,2.3996448516845703,0.0,0.699999988079071,4,33,2,1,225
10,51,93,28.689512252807617,27.805940628051758,2.3996448516845703,0.0,0.699999988079071,4,33,2,1,228
10,51,94,28.490245819091797,27.83411407470703,2.4397029876708984,0.0,0.6499999761581421,4,33,2,1,235
10,51,95,28.638017654418945,27.803062438964844,2.394451856613159,0.0,0.6499999761581421,4,33,2,1,238
10,51,96,28.638017654418945,27.803062438964844,2.394451856613159,0.0,0.6499999761581421,4,33,2,1,241
10,51,97,28.638017654418945,27.803062438964844,2.394451856613159,0.0,0.6499999761581421,4,33,2,1,245
10,51,98,28.638017654418945,27.803062438964844,2.394451856613159,0.0,0.6499999761581421,4,33,2,1,249
10,51,99,28.43779754638672,27.831375122070312,2.434535264968872,0.0,0.6000000238418579,4,33,2,1,250
10,51,100,28.585664749145508,27.80018424987793,2.3891892433166504,0.0,0.6000000238418579,4,33,2,1,255
10,51,101,28.585664749145508,27.80018424987793,2.3891892433166504,0.0,0.6000000238418579,4,33,2,1,258
10,51,102,28.384611129760742,27.82861328125,2.429287910461426,0.0,0.550000011920929,4,33,2,1,260
10,51,103,28.532506942749023,27.797306060791016,2.3838725090026855,0.0,0.550000011920929,4,33,2,1,267
10,51,104,28.330745697021484,27.825834274291992,2.423976421356201,0.0,0.5,4,33,2,1,269
10,51,105,28.276264190673828,27.823036193847656,2.4186158180236816,0.0,0.44999998807907104,4,33,2,1,275
10,51,106,28.424020767211914,27.79155921936035,2.373138189315796,0.0,0.44999998807907104,4,33,2,1,281
10,51,107,28.424020767211914,27.79155921936035,2.373138189315796,0.0,0.44999998807907104,4,33,2,1,287
10,51,108,28.221233367919922,27.820219039916992,2.4132227897644043,0.0,0.4000000059604645,4,33,2,1,293
10,51,109,28.368824005126953,27.7886905670166,2.3677542209625244,0.0,0.4000000059604645,4,33,2,1,296
10,51,110,28.368824005126953,27.7886905670166,2.3677542209625244,0.0,0.4000000059604645,4,33,2,1,303
10,51,111,28.368824005126953,27.7886905670166,2.3677542209625244,0.0,0.4000000059604645,4,33,2,1,309
10,51,112,28.165727615356445,27.8173828125,2.4078140258789062,0.0,0.3499999940395355,4,33,2,1,312
10,51,113,28.313085556030273,27.785829544067383,2.3623814582824707,0.0,0.3499999940395355,4,33,2,1,318
10,51,114,28.313085556030273,27.785829544067383,2.3623814582824707,0.0,0.3499999940395355,4,33,2,1,325
10,51,115,28.313085556030273,27.785829544067383,2.3623814582824707,0.0,0.3499999940395355,4,33,2,1,329
10,51,116,28.313085556030273,27.785829544067383,2.3623814582824707,0.0,0.3499999940395355,4,33,2,1,335
10,51,117,28.313085556030273,27.785829544067383,2.3623814582824707,0.0,0.3499999940395355,4,33,2,1,337
10,51,118,28.313085556030273,27.785829544067383,2.3623814582824707,0.0,0.3499999940395355,4,33,2,1,344
10,51,119,28.109819412231445,27.814531326293945,2.4024062156677246,0.0,0.30000001192092896,4,33,2,1,350
10,51,120,28.256881713867188,27.78297233581543,2.3570375442504883,0.0,0.30000001192092896,4,33,2,1,355
10,51,121,28.256881713867188,27.78297233581543,2.3570375442504883,0.0,0.30000001192092896,4,33,2,1,360
10,51,122,28.256881713867188,27.78297233581543,2.3570375442504883,0.0,0.30000001192092896,4,33,2,1,370
10,51,123,28.256881713867188,27.78297233581543,2.3570375442504883,0.0,0.30000001192092896,4,34,2,0,377
11,52,1,28.166776657104492,27.103271484375,3.44523024559021,0.05000000074505806,1.0,0,0,0,40,2
11,52,2,28.906494140625,27.82667350769043,2.434173822402954,0.05000000074505806,1.0,0,1,0,39,2
11,52,3,28.906494140625,27.82667350769043,2.434173822402954,0.05000000074505806,1.0,0,2,0,38,2
11,52,4,28.906494140625,27.82667350769043,2.434173822402954,0.05000000074505806,1.0,1,2,0,37,2
11,52,5,28.906494140625,27.82667350769043,2.434173822402954,0.05000000074505806,1.0,1,2,0,37,4
11,52,6,28.906494140625,27.82667350769043,2.434173822402954,0.05000000074505806,1.0,1,2,0,37,6
11,52,7,28.95634651184082,27.716646194458008,2.5713422298431396,0.0,1.0,1,4,0,35,6
11,52,8,28.978116989135742,27.8231258392334,2.4286580085754395,0.0,1.0,1,4,0,35,9
11,52,9,28.978116989135742,27.8231258392334,2.4286580085754395,0.0,1.0,1,4,0,35,9
11,52,10,28.978116989135742,27.8231258392334,2.4286580085754395,0.0,1.0,1,4,0,35,10
11,52,11,28.978116989135742,27.8231258392334,2.4286580085754395,0.0,1.0,1,4,0,35,11
11,52,12,28.978116989135742,27.8231258392334,2.4286580085754395,0.0,1.0,1,5,0,34,12
11,52,13,28.978116989135742,27.8231258392334,2.4286580085754395,0.0,1.0,1,6,1,32,14
11,52,14,28.978116989135742,27.8231258392334,2.4286580085754395,0.0,1.0,1,7,1,31,16
11,52,15,28.978116989135742,27.8231258392334,2.4286580085754395,0.0,1.0,1,9,1,29,19
11,52,16,28.978116989135742,27.8231258392334,2.4286580085754395,0.0,1.0,1,11,1,27,21
11,52,17,28.978116989135742,27.8231258392334,2.4286580085754395,0.0,1.0,1,11,1,27,25
11,52,18,28.978116989135742,27.8231258392334,2.4286580085754395,0.0,1.0,1,12,1,26,29
11,52,19,28.978116989135742,27.8231258392334,2.4286580085754395,0.0,1.0,1,13,1,25,31
11,52,20,28.978116989135742,27.8231258392334,2.4286580085754395,0.0,1.0,1,13,1,25,36
11,52,21,28.978116989135742,27.8231258392334,2.4286580085754395,0.0,1.0,1,13,1,25,40
11,52,22,28.978116989135742,27.8231258392334,2.4286580085754395,0.0,1.0,1,13,1,25,40
11,52,23,28.978116989135742,27.8231258392334,2.4286580085754395,0.0,1.0,1,14,1,24,41
11,52,24,28.978116989135742,27.8231258392334,2.4286580085754395,0.0,1.0,1,15,1,23,43
11,52,25,28.978116989135742,27.8231258392334,2.4286580085754395,0.0,1.0,1,15,2,22,49
11,52,26,28.978116989135742,27.8231258392334,2.4286580085754395,0.0,1.0,1,16,2,21,51
11,52,27,28.978116989135742,27.8231258392334,2.4286580085754395,0.0,1.0,1,16,2,21,54
11,52,28,28.978116989135742,27.8231258392334,2.4286580085754395,0.0,1.0,1,16,2,21,58
11,52,29,28.978116989135742,27.8231258392334,2.4286580085754395,0.0,1.0,1,16,2,21,60
11,52,30,28.978116989135742,27.8231258392334,2.4286580085754395,0.0,1.0,1,17,2,20,64
11,52,31,28.978116989135742,27.8231258392334,2.4286580085754395,0.0,1.0,1,18,2,19,66
11,52,32,28.978116989135742,27.8231258392334,2.4286580085754395,0.0,1.0,1,18,3,18,72
11,52,33,28.978116989135742,27.8231258392334,2.4286580085754395,0.0,1.0,1,18,3,18,74
11,52,34,28.978116989135742,27.8231258392334,2.4286580085754395,0.0,1.0,1,18,3,18,77
11,52,35,28.978116989135742,27.8231258392334,2.4286580085754395,0.0,1.0,1,19,3,17,82
11,52,36,28.978116989135742,27.8231258392334,2.4286580085754395,0.0,1.0,1,20,3,16,87
11,52,37,28.978116989135742,27.8231258392334,2.4286580085754395,0.0,1.0,1,20,3,16,88
11,52,38,28.978116989135742,27.8231258392334,2.4286580085754395,0.0,1.0,1,20,3,16,90
11,52,39,28.978116989135742,27.8231258392334,2.4286580085754395,0.0,1.0,1,21,3,15,91
11,52,40,28.978116989135742,27.8231258392334,2.4286580085754395,0.0,1.0,1,22,3,14,93
11,52,41,28.978116989135742,27.8231258392334,2.4286580085754395,0.0,1.0,1,22,3,14,96
11,52,42,28.978116989135742,27.8231258392334,2.4286580085754395,0.0,1.0,1,22,3,14,98
11,52,43,28.978116989135742,27.8231258392334,2.4286580085754395,0.0,1.0,1,23,3,13,101
11,52,44,28.978116989135742,27.8231258392334,2.4286580085754395,0.0,1.0,1,23,3,13,102
11,52,45,28.978116989135742,27.8231258392334,2.4286580085754395,0.0,1.0,1,23,3,13,104
11,52,46,28.978116989135742,27.8231258392334,2.4286580085754395,0.0,1.0,1,23,3,13,106
11,52,47,28.978116989135742,27.8231258392334,2.4286580085754395,0.0,1.0,1,23,3,13,106
11,52,48,28.978116989135742,27.8231258392334,2.4286580085754395,0.0,1.0,1,24,3,12,108
11,52,49,28.978116989135742,27.8231258392334,2.4286580085754395,0.0,1.0,1,25,3,11,108
11,52,50,28.978116989135742,27.8231258392334,2.4286580085754395,0.0,1.0,1,25,3,11,110
11,52,51,28.978116989135742,27.8231258392334,2.4286580085754395,0.0,1.0,1,25,3,11,114
11,52,52,28.978116989135742,27.8231258392334,2.4286580085754395,0.0,1.0,1,26,3,10,118
11,52,53,28.978116989135742,27.8231258392334,2.4286580085754395,0.0,1.0,1,26,3,10,118
11,52,54,28.978116989135742,27.8231258392334,2.4286580085754395,0.0,1.0,1,27,3,9,121
11,52,55,28.978116989135742,27.8231258392334,2.4286580085754395,0.0,1.0,1,27,3,9,121
11,52,56,28.978116989135742,27.8231258392334,2.4286580085754395,0.0,1.0,1,28,3,8,121
11,52,57,28.978116989135742,27.8231258392334,2.4286580085754395,0.0,1.0,1,29,3,7,123
11,52,58,28.978116989135742,27.8231258392334,2.4286580085754395,0.0,1.0,1,30,3,6,124
11,52,59,28.978116989135742,27.8231258392334,2.4286580085754395,0.0,1.0,1,30,3,6,128
11,52,60,28.78670310974121,27.85011863708496,2.468353509902954,0.0,0.949999988079071,1,30,3,6,132
11,52,61,28.739660263061523,27.847503662109375,2.4639103412628174,0.0,0.8999999761581421,1,31,3,5,133
11,52,62,28.886016845703125,27.81742286682129,2.4194657802581787,0.0,0.8999999761581421,1,32,3,4,136
11,52,63,28.691627502441406,27.84486961364746,2.459322929382324,0.0,0.8500000238418579,1,32,3,4,139
11,52,64,28.83838653564453,27.814558029174805,2.4146761894226074,0.0,0.8500000238418579,1,32,3,4,141
11,52,65,28.83838653564453,27.814558029174805,2.4146761894226074,0.0,0.8500000238418579,1,33,3,3,144
11,52,66,28.83838653564453,27.814558029174805,2.4146761894226074,0.0,0.8500000238418579,1,33,3,3,148
11,52,67,28.83838653564453,27.814558029174805,2.4146761894226074,0.0,0.8500000238418579,1,33,3,3,154
11,52,68,28.64263153076172,27.842212677001953,2.454598903656006,0.0,0.800000011920929,1,33,3,3,157
11,52,69,28.789737701416016,27.811689376831055,2.409769058227539,0.0,0.800000011920929,1,33,3,3,162
11,52,70,28.789737701416016,27.811689376831055,2.409769058227539,0.0,0.800000011920929,1,33,3,3,164
11,52,71,28.789737701416016,27.811689376831055,2.409769058227539,0.0,0.800000011920929,1,34,3,2,169
11,52,72,28.592710494995117,27.83953285217285,2.449747085571289,0.0,0.75,1,34,3,2,171
11,52,73,28.74009895324707,27.80881690979004,2.404754877090454,0.0,0.75,1,34,3,2,175
11,52,74,28.74009895324707,27.80881690979004,2.404754877090454,0.0,0.75,1,34,3,2,178
11,52,75,28.74009895324707,27.80881690979004,2.404754877090454,0.0,0.75,1,34,3,2,183
11,52,76,28.541898727416992,27.836833953857422,2.4447779655456543,0.0,0.699999988079071,1,34,3,2,188
11,52,77,28.689512252807617,27.805940628051758,2.3996448516845703,0.0,0.699999988079071,1,34,3,2,192
11,52,78,28.689512252807617,27.805940628051758,2.3996448516845703,0.0,0.699999988079071,1,34,3,2,193
11,52,79,28.689512252807617,27.805940628051758,2.3996448516845703,0.0,0.699999988079071,1,34,3,2,195
11,52,80,28.689512252807617,27.805940628051758,2.3996448516845703,0.0,0.699999988079071,1,34,3,2,197
11,52,81,28.689512252807617,27.805940628051758,2.3996448516845703,0.0,0.699999988079071,1,34,3,2,198
11,52,82,28.689512252807617,27.805940628051758,2.3996448516845703,0.0,0.699999988079071,1,35,3,1,202
11,52,83,28.689512252807617,27.805940628051758,2.3996448516845703,0.0,0.699999988079071,1,35,3,1,203
11,52,84,28.689512252807617,27.805940628051758,2.3996448516845703,0.0,0.699999988079071,1,35,3,1,205
11,52,85,28.490245819091797,27.83411407470703,2.4397029876708984,0.0,0.6499999761581421,1,35,3,1,212
11,52,86,28.638017654418945,27.803062438964844,2.394451856613159,0.0,0.6499999761581421,1,35,3,1,215
11,52,87,28.638017654418945,27.803062438964844,2.394451856613159,0.0,0.6499999761581421,1,35,3,1,222
11,52,88,28.43779754638672,27.831375122070312,2.434535264968872,0.0,0.6000000238418579,1,35,3,1,225
11,52,89,28.585664749145508,27.80018424987793,2.3891892433166504,0.0,0.6000000238418579,1,36,3,0,232
12,53,1,28.132909774780273,27.104772567749023,3.4482035636901855,0.10000000149011612,1.0,0,0,0,40,2
12,53,2,28.83346176147461,27.83022689819336,2.4397149085998535,0.10000000149011612,1.0,0,0,0,40,2
12,53,3,28.83346176147461,27.83022689819336,2.4397149085998535,0.10000000149011612,1.0,0,0,0,40,3
12,53,4,28.83346176147461,27.83022689819336,2.4397149085998535,0.10000000149011612,1.0,1,0,0,39,4
12,53,5,28.83346176147461,27.83022689819336,2.4397149085998535,0.10000000149011612,1.0,2,0,0,38,5
12,53,6,28.83346176147461,27.83022689819336,2.4397149085998535,0.10000000149011612,1.0,2,0,0,38,6
12,53,7,28.83346176147461,27.83022689819336,2.4397149085998535,0.10000000149011612,1.0,2,0,0,38,8
12,53,8,28.83346176147461,27.83022689819336,2.4397149085998535,0.10000000149011612,1.0,2,1,0,37,9
12,53,9,28.83346176147461,27.83022689819336,2.4397149085998535,0.10000000149011612,1.0,2,1,0,37,10
12,53,10,28.83346176147461,27.83022689819336,2.4397149085998535,0.10000000149011612,1.0,3,1,0,36,12
12,53,11,28.83346176147461,27.83022689819336,2.4397149085998535,0.10000000149011612,1.0,3,2,0,35,13
12,53,12,28.83346176147461,27.83022689819336,2.4397149085998535,0.10000000149011612,1.0,3,4,0,33,16
12,53,13,28.83346176147461,27.83022689819336,2.4397149085998535,0.10000000149011612,1.0,3,4,0,33,22
12,53,14,28.83346176147461,27.83022689819336,2.4397149085998535,0.10000000149011612,1.0,4,5,0,31,24
12,53,15,28.83346176147461,27.83022689819336,2.4397149085998535,0.10000000149011612,1.0,5,6,1,28,29
12,53,16,28.885112762451172,27.719757080078125,2.577442169189453,0.05000000074505806,1.0,5,6,1,28,34
12,53,17,28.906494140625,27.82667350769043,2.434173822402954,0.05000000074505806,1.0,5,7,1,27,39
12,53,18,28.906494140625,27.82667350769043,2.434173822402954,0.05000000074505806,1.0,6,7,1,26,43
12,53,19,28.906494140625,27.82667350769043,2.434173822402954,0.05000000074505806,1.0,7,7,1,25,44
12,53,20,28.906494140625,27.82667350769043,2.434173822402954,0.05000000074505806,1.0,7,9,1,23,49
12,53,21,28.906494140625,27.82667350769043,2.434173822402954,0.05000000074505806,1.0,8,9,1,22,52
12,53,22,28.906494140625,27.82667350769043,2.434173822402954,0.05000000074505806,1.0,8,9,1,22,54
12,53,23,28.906494140625,27.82667350769043,2.434173822402954,0.05000000074505806,1.0,8,9,1,22,55
12,53,24,28.906494140625,27.82667350769043,2.434173822402954,0.05000000074505806,1.0,8,10,1,21,59
12,53,25,28.906494140625,27.82667350769043,2.434173822402954,0.05000000074505806,1.0,8,10,1,21,63
12,53,26,28.906494140625,27.82667350769043,2.434173822402954,0.05000000074505806,1.0,9,11,1,19,63
12,53,27,28.906494140625,27.82667350769043,2.434173822402954,0.05000000074505806,1.0,9,11,1,19,64
12,53,28,28.906494140625,27.82667350769043,2.434173822402954,0.05000000074505806,1.0,10,12,1,17,67
12,53,29,28.95634651184082,27.716646194458008,2.5713422298431396,0.0,1.0,10,13,1,16,69
12,53,30,28.978116989135742,27.8231258392334,2.4286580085754395,0.0,1.0,10,14,1,15,69
12,53,31,28.978116989135742,27.8231258392334,2.4286580085754395,0.0,1.0,10,15,1,14,72
12,53,32,28.978116989135742,27.8231258392334,2.4286580085754395,0.0,1.0,10,15,1,14,72
12,53,33,28.978116989135742,27.8231258392334,2.4286580085754395,0.0,1.0,10,15,1,14,73
12,53,34,28.978116989135742,27.8231258392334,2.4286580085754395,0.0,1.0,10,15,1,14,73
12,53,35,28.978116989135742,27.8231258392334,2.4286580085754395,0.0,1.0,10,15,1,14,74
12,53,36,28.978116989135742,27.8231258392334,2.4286580085754395,0.0,1.0,10,15,1,14,76
12,53,37,28.978116989135742,27.8231258392334,2.4286580085754395,0.0,1.0,10,16,1,13,76
12,53,38,28.978116989135742,27.8231258392334,2.4286580085754395,0.0,1.0,10,16,1,13,77
12,53,39,28.978116989135742,27.8231258392334,2.4286580085754395,0.0,1.0,10,18,1,11,79
12,53,40,28.978116989135742,27.8231258392334,2.4286580085754395,0.0,1.0,10,19,2,9,82
12,53,41,28.978116989135742,27.8231258392334,2.4286580085754395,0.0,1.0,10,19,2,9,83
12,53,42,28.978116989135742,27.8231258392334,2.4286580085754395,0.0,1.0,10,20,2,8,83
12,53,43,28.978116989135742,27.8231258392334,2.4286580085754395,0.0,1.0,10,20,2,8,83
12,53,44,28.978116989135742,27.8231258392334,2.4286580085754395,0.0,1.0,10,20,2,8,83
12,53,45,28.978116989135742,27.8231258392334,2.4286580085754395,0.0,1.0,10,21,2,7,86
12,53,46,28.978116989135742,27.8231258392334,2.4286580085754395,0.0,1.0,10,22,2,6,87
12,53,47,28.978116989135742,27.8231258392334,2.4286580085754395,0.0,1.0,10,22,2,6,89
12,53,48,28.978116989135742,27.8231258392334,2.4286580085754395,0.0,1.0,10,22,2,6,89
12,53,49,28.978116989135742,27.8231258392334,2.4286580085754395,0.0,1.0,10,22,2,6,90
12,53,50,28.978116989135742,27.8231258392334,2.4286580085754395,0.0,1.0,10,22,2,6,91
12,53,51,28.978116989135742,27.8231258392334,2.4286580085754395,0.0,1.0,10,22,2,6,93
12,53,52,28.978116989135742,27.8231258392334,2.4286580085754395,0.0,1.0,10,22,2,6,94
12,53,53,28.978116989135742,27.8231258392334,2.4286580085754395,0.0,1.0,10,22,2,6,95
12,53,54,28.978116989135742,27.8231258392334,2.4286580085754395,0.0,1.0,10,23,2,5,99
12,53,55,28.978116989135742,27.8231258392334,2.4286580085754395,0.0,1.0,10,23,2,5,101
12,53,56,28.978116989135742,27.8231258392334,2.4286580085754395,0.0,1.0,10,23,2,5,102
12,53,57,28.978116989135742,27.8231258392334,2.4286580085754395,0.0,1.0,10,23,2,5,104
12,53,58,28.978116989135742,27.8231258392334,2.4286580085754395,0.0,1.0,10,23,2,5,108
12,53,59,28.978116989135742,27.8231258392334,2.4286580085754395,0.0,1.0,10,24,2,4,109
12,53,60,28.978116989135742,27.8231258392334,2.4286580085754395,0.0,1.0,10,24,2,4,109
12,53,61,28.978116989135742,27.8231258392334,2.4286580085754395,0.0,1.0,10,24,2,4,109
12,53,62,28.978116989135742,27.8231258392334,2.4286580085754395,0.0,1.0,10,24,2,4,109
12,53,63,28.978116989135742,27.8231258392334,2.4286580085754395,0.0,1.0,10,24,2,4,109
12,53,64,28.978116989135742,27.8231258392334,2.4286580085754395,0.0,1.0,10,24,2,4,109
12,53,65,28.978116989135742,27.8231258392334,2.4286580085754395,0.0,1.0,10,24,2,4,111
12,53,66,28.978116989135742,27.8231258392334,2.4286580085754395,0.0,1.0,10,24,2,4,111
12,53,67,28.978116989135742,27.8231258392334,2.4286580085754395,0.0,1.0,10,24,2,4,112
12,53,68,28.978116989135742,27.8231258392334,2.4286580085754395,0.0,1.0,10,24,2,4,112
12,53,69,28.978116989135742,27.8231258392334,2.4286580085754395,0.0,1.0,10,24,2,4,112
12,53,70,28.978116989135742,27.8231258392334,2.4286580085754395,0.0,1.0,10,25,2,3,113
12,53,71,28.978116989135742,27.8231258392334,2.4286580085754395,0.0,1.0,10,25,2,3,115
12,53,72,28.978116989135742,27.8231258392334,2.4286580085754395,0.0,1.0,10,25,2,3,115
12,53,73,28.978116989135742,27.8231258392334,2.4286580085754395,0.0,1.0,10,25,2,3,116
12,53,74,28.978116989135742,27.8231258392334,2.4286580085754395,0.0,1.0,10,26,2,2,118
12,53,75,28.978116989135742,27.8231258392334,2.4286580085754395,0.0,1.0,10,27,2,1,121
12,53,76,28.978116989135742,27.8231258392334,2.4286580085754395,0.0,1.0,10,27,2,1,121
12,53,77,28.978116989135742,27.8231258392334,2.4286580085754395,0.0,1.0,10,27,2,1,123
12,53,78,28.978116989135742,27.8231258392334,2.4286580085754395,0.0,1.0,10,27,2,1,125
12,53,79,28.78670310974121,27.85011863708496,2.468353509902954,0.0,0.949999988079071,10,27,2,1,128
12,53,80,28.932601928710938,27.82027816772461,2.424129009246826,0.0,0.949999988079071,10,27,2,1,131
12,53,81,28.932601928710938,27.82027816772461,2.424129009246826,0.0,0.949999988079071,10,27,2,1,133
12,53,82,28.739660263061523,27.847503662109375,2.4639103412628174,0.0,0.8999999761581421,10,27,2,1,138
12,53,83,28.886016845703125,27.81742286682129,2.4194657802581787,0.0,0.8999999761581421,10,27,2,1,139
12,53,84,28.886016845703125,27.81742286682129,2.4194657802581787,0.0,0.8999999761581421,10,27,2,1,142
12,53,85,28.691627502441406,27.84486961364746,2.459322929382324,0.0,0.8500000238418579,10,27,2,1,146
12,53,86,28.64263153076172,27.842212677001953,2.454598903656006,0.0,0.800000011920929,10,27,2,1,151
12,53,87,28.789737701416016,27.811689376831055,2.409769058227539,0.0,0.800000011920929,10,27,2,1,154
12,53,88,28.789737701416016,27.811689376831055,2.409769058227539,0.0,0.800000011920929,10,28,2,0,154
13,54,1,28.132909774780273,27.104772567749023,3.4482035636901855,0.10000000149011612,1.0,0,0,0,40,1
13,54,2,28.83346176147461,27.83022689819336,2.4397149085998535,0.10000000149011612,1.0,0,0,0,40,1
13,54,3,28.83346176147461,27.83022689819336,2.4397149085998535,0.10000000149011612,1.0,0,0,0,40,2
13,54,4,28.83346176147461,27.83022689819336,2.4397149085998535,0.10000000149011612,1.0,1,2,0,37,2
13,54,5,28.83346176147461,27.83022689819336,2.4397149085998535,0.10000000149011612,1.0,1,2,0,37,3
13,54,6,28.83346176147461,27.83022689819336,2.4397149085998535,0.10000000149011612,1.0,1,2,0,37,3
13,54,7,28.83346176147461,27.83022689819336,2.4397149085998535,0.10000000149011612,1.0,1,4,0,35,4
13,54,8,28.83346176147461,27.83022689819336,2.4397149085998535,0.10000000149011612,1.0,2,4,0,34,4
13,54,9,28.83346176147461,27.83022689819336,2.4397149085998535,0.10000000149011612,1.0,2,6,0,32,6
13,54,10,28.83346176147461,27.83022689819336,2.4397149085998535,0.10000000149011612,1.0,3,6,0,31,8
13,54,11,28.83346176147461,27.83022689819336,2.4397149085998535,0.10000000149011612,1.0,3,6,0,31,9
13,54,12,28.83346176147461,27.83022689819336,2.4397149085998535,0.10000000149011612,1.0,3,6,0,31,11
13,54,13,28.885112762451172,27.719757080078125,2.577442169189453,0.05000000074505806,1.0,4,6,0,30,12
13,54,14,28.906494140625,27.82667350769043,2.434173822402954,0.05000000074505806,1.0,6,6,0,28,12
13,54,15,28.906494140625,27.82667350769043,2.434173822402954,0.05000000074505806,1.0,7,6,0,27,13
13,54,16,28.906494140625,27.82667350769043,2.434173822402954,0.05000000074505806,1.0,7,7,0,26,13
13,54,17,28.906494140625,27.82667350769043,2.434173822402954,0.05000000074505806,1.0,7,8,0,25,17
13,54,18,28.95634651184082,27.716646194458008,2.5713422298431396,0.0,1.0,7,9,0,24,19
13,54,19,28.978116989135742,27.8231258392334,2.4286580085754395,0.0,1.0,7,9,0,24,21
13,54,20,28.978116989135742,27.8231258392334,2.4286580085754395,0.0,1.0,7,11,0,22,22
13,54,21,28.978116989135742,27.8231258392334,2.4286580085754395,0.0,1.0,7,12,0,21,25
13,54,22,28.978116989135742,27.8231258392334,2.4286580085754395,0.0,1.0,7,13,0,20,27
13,54,23,28.978116989135742,27.8231258392334,2.4286580085754395,0.0,1.0,7,14,1,18,32
13,54,24,28.978116989135742,27.8231258392334,2.4286580085754395,0.0,1.0,7,15,1,17,34
13,54,25,28.978116989135742,27.8231258392334,2.4286580085754395,0.0,1.0,7,16,1,16,38
13,54,26,28.978116989135742,27.8231258392334,2.4286580085754395,0.0,1.0,7,16,2,15,42
13,54,27,28.978116989135742,27.8231258392334,2.4286580085754395,0.0,1.0,7,17,3,13,45
13,54,28,28.978116989135742,27.8231258392334,2.4286580085754395,0.0,1.0,7,17,3,13,48
13,54,29,28.978116989135742,27.8231258392334,2.4286580085754395,0.0,1.0,7,18,3,12,50
13,54,30,28.978116989135742,27.8231258392334,2.4286580085754395,0.0,1.0,7,19,3,11,50
13,54,31,28.978116989135742,27.8231258392334,2.4286580085754395,0.0,1.0,7,20,3,10,53
13,54,32,28.978116989135742,27.8231258392334,2.4286580085754395,0.0,1.0,7,20,3,10,58
13,54,33,28.978116989135742,27.8231258392334,2.4286580085754395,0.0,1.0,7,20,3,10,64
13,54,34,28.978116989135742,27.8231258392334,2.4286580085754395,0.0,1.0,7,20,3,10,67
13,54,35,28.978116989135742,27.8231258392334,2.4286580085754395,0.0,1.0,7,20,4,9,71
13,54,36,28.978116989135742,27.8231258392334,2.4286580085754395,0.0,1.0,7,20,4,9,76
13,54,37,28.978116989135742,27.8231258392334,2.4286580085754395,0.0,1.0,7,21,4,8,79
13,54,38,28.978116989135742,27.8231258392334,2.4286580085754395,0.0,1.0,7,21,4,8,84
13,54,39,28.978116989135742,27.8231258392334,2.4286580085754395,0.0,1.0,7,21,4,8,85
13,54,40,28.978116989135742,27.8231258392334,2.4286580085754395,0.0,1.0,7,21,4,8,89
13,54,41,28.978116989135742,27.8231258392334,2.4286580085754395,0.0,1.0,7,21,4,8,92
13,54,42,28.978116989135742,27.8231258392334,2.4286580085754395,0.0,1.0,7,21,4,8,97
13,54,43,28.978116989135742,27.8231258392334,2.4286580085754395,0.0,1.0,7,21,4,8,99
13,54,44,28.978116989135742,27.8231258392334,2.4286580085754395,0.0,1.0,7,21,4,8,100
13,54,45,28.978116989135742,27.8231258392334,2.4286580085754395,0.0,1.0,7,22,4,7,104
13,54,46,28.978116989135742,27.8231258392334,2.4286580085754395,0.0,1.0,7,22,4,7,106
13,54,47,28.978116989135742,27.8231258392334,2.4286580085754395,0.0,1.0,7,22,4,7,110
13,54,48,28.978116989135742,27.8231258392334,2.4286580085754395,0.0,1.0,7,22,4,7,113
13,54,49,28.978116989135742,27.8231258392334,2.4286580085754395,0.0,1.0,7,22,4,7,113
13,54,50,28.978116989135742,27.8231258392334,2.4286580085754395,0.0,1.0,7,22,4,7,114
13,54,51,28.978116989135742,27.8231258392334,2.4286580085754395,0.0,1.0,7,22,4,7,119
13,54,52,28.978116989135742,27.8231258392334,2.4286580085754395,0.0,1.0,7,23,4,6,122
13,54,53,28.978116989135742,27.8231258392334,2.4286580085754395,0.0,1.0,7,23,4,6,124
13,54,54,28.978116989135742,27.8231258392334,2.4286580085754395,0.0,1.0,7,23,4,6,126
13,54,55,28.78670310974121,27.85011863708496,2.468353509902954,0.0,0.949999988079071,7,23,4,6,127
13,54,56,28.932601928710938,27.82027816772461,2.424129009246826,0.0,0.949999988079071,7,24,4,5,130
13,54,57,28.932601928710938,27.82027816772461,2.424129009246826,0.0,0.949999988079071,7,24,4,5,130
13,54,58,28.932601928710938,27.82027816772461,2.424129009246826,0.0,0.949999988079071,7,24,4,5,132
13,54,59,28.932601928710938,27.82027816772461,2.424129009246826,0.0,0.949999988079071,7,24,4,5,134
13,54,60,28.932601928710938,27.82027816772461,2.424129009246826,0.0,0.949999988079071,7,25,4,4,138
13,54,61,28.932601928710938,27.82027816772461,2.424129009246826,0.0,0.949999988079071,7,25,4,4,143
13,54,62,28.739660263061523,27.847503662109375,2.4639103412628174,0.0,0.8999999761581421,7,26,4,3,146
13,54,63,28.886016845703125,27.81742286682129,2.4194657802581787,0.0,0.8999999761581421,7,26,4,3,151
13,54,64,28.691627502441406,27.84486961364746,2.459322929382324,0.0,0.8500000238418579,7,26,4,3,155
13,54,65,28.83838653564453,27.814558029174805,2.4146761894226074,0.0,0.8500000238418579,7,26,4,3,160
13,54,66,28.83838653564453,27.814558029174805,2.4146761894226074,0.0,0.8500000238418579,7,26,4,3,162
13,54,67,28.64263153076172,27.842212677001953,2.454598903656006,0.0,0.800000011920929,7,26,4,3,164
13,54,68,28.789737701416016,27.811689376831055,2.409769058227539,0.0,0.800000011920929,7,26,4,3,169
13,54,69,28.789737701416016,27.811689376831055,2.409769058227539,0.0,0.800000011920929,7,26,4,3,172
13,54,70,28.789737701416016,27.811689376831055,2.409769058227539,0.0,0.800000011920929,7,27,4,2,177
13,54,71,28.592710494995117,27.83953285217285,2.449747085571289,0.0,0.75,7,27,4,2,182
13,54,72,28.74009895324707,27.80881690979004,2.404754877090454,0.0,0.75,7,27,4,2,188
13,54,73,28.541898727416992,27.836833953857422,2.4447779655456543,0.0,0.699999988079071,7,27,4,2,193
13,54,74,28.490245819091797,27.83411407470703,2.4397029876708984,0.0,0.6499999761581421,7,27,4,2,198
13,54,75,28.638017654418945,27.803062438964844,2.394451856613159,0.0,0.6499999761581421,7,27,4,2,202
13,54,76,28.638017654418945,27.803062438964844,2.394451856613159,0.0,0.6499999761581421,7,27,4,2,207
13,54,77,28.43779754638672,27.831375122070312,2.434535264968872,0.0,0.6000000238418579,7,27,4,2,209
13,54,78,28.585664749145508,27.80018424987793,2.3891892433166504,0.0,0.6000000238418579,7,27,4,2,215
13,54,79,28.585664749145508,27.80018424987793,2.3891892433166504,0.0,0.6000000238418579,7,27,4,2,218
13,54,80,28.585664749145508,27.80018424987793,2.3891892433166504,0.0,0.6000000238418579,7,27,4,2,220
13,54,81,28.585664749145508,27.80018424987793,2.3891892433166504,0.0,0.6000000238418579,7,27,4,2,224
13,54,82,28.585664749145508,27.80018424987793,2.3891892433166504,0.0,0.6000000238418579,7,27,4,2,230
13,54,83,28.585664749145508,27.80018424987793,2.3891892433166504,0.0,0.6000000238418579,7,27,4,2,233
13,54,84,28.585664749145508,27.80018424987793,2.3891892433166504,0.0,0.6000000238418579,7,28,4,1,240
13,54,85,28.585664749145508,27.80018424987793,2.3891892433166504,0.0,0.6000000238418579,7,29,4,0,245
14,55,1,28.09886932373047,27.106313705444336,3.451124668121338,0.15000000596046448,1.0,0,0,0,40,2
14,55,2,28.75908851623535,27.833782196044922,2.4452786445617676,0.15000000596046448,1.0,1,0,0,39,2
14,55,3,28.75908851623535,27.833782196044922,2.4452786445617676,0.15000000596046448,1.0,1,0,0,39,2
14,55,4,28.75908851623535,27.833782196044922,2.4452786445617676,0.15000000596046448,1.0,1,0,0,39,2
14,55,5,28.75908851623535,27.833782196044922,2.4452786445617676,0.15000000596046448,1.0,1,0,0,39,2
14,55,6,28.75908851623535,27.833782196044922,2.4452786445617676,0.15000000596046448,1.0,1,0,0,39,2
14,55,7,28.75908851623535,27.833782196044922,2.4452786445617676,0.15000000596046448,1.0,1,0,0,39,2
14,55,8,28.75908851623535,27.833782196044922,2.4452786445617676,0.15000000596046448,1.0,1,0,0,39,3
14,55,9,28.75908851623535,27.833782196044922,2.4452786445617676,0.15000000596046448,1.0,1,1,0,38,3
14,55,10,28.75908851623535,27.833782196044922,2.4452786445617676,0.15000000596046448,1.0,1,1,0,38,4
14,55,11,28.75908851623535,27.833782196044922,2.4452786445617676,0.15000000596046448,1.0,1,1,0,38,6
14,55,12,28.75908851623535,27.833782196044922,2.4452786445617676,0.15000000596046448,1.0,2,1,0,37,10
14,55,13,28.812503814697266,27.722909927368164,2.583522319793701,0.10000000149011612,1.0,2,3,1,34,13
14,55,14,28.83346176147461,27.83022689819336,2.4397149085998535,0.10000000149011612,1.0,2,4,1,33,15
14,55,15,28.885112762451172,27.719757080078125,2.577442169189453,0.05000000074505806,1.0,3,4,1,32,17
14,55,16,28.95634651184082,27.716646194458008,2.5713422298431396,0.0,1.0,3,4,1,32,21
14,55,17,28.978116989135742,27.8231258392334,2.4286580085754395,0.0,1.0,3,4,1,32,21
14,55,18,28.978116989135742,27.8231258392334,2.4286580085754395,0.0,1.0,3,4,2,31,23
14,55,19,28.978116989135742,27.8231258392334,2.4286580085754395,0.0,1.0,3,4,2,31,24
14,55,20,28.978116989135742,27.8231258392334,2.4286580085754395,0.0,1.0,3,4,2,31,26
14,55,21,28.978116989135742,27.8231258392334,2.4286580085754395,0.0,1.0,4,5,2,29,31
14,55,22,28.978116989135742,27.8231258392334,2.4286580085754395,0.0,1.0,4,5,2,29,34
14,55,23,28.978116989135742,27.8231258392334,2.4286580085754395,0.0,1.0,4,6,2,28,38
14,55,24,28.978116989135742,27.8231258392334,2.4286580085754395,0.0,1.0,4,6,2,28,46
14,55,25,28.978116989135742,27.8231258392334,2.4286580085754395,0.0,1.0,4,7,2,27,50
14,55,26,28.978116989135742,27.8231258392334,2.4286580085754395,0.0,1.0,4,9,2,25,51
14,55,27,28.978116989135742,27.8231258392334,2.4286580085754395,0.0,1.0,4,11,2,23,57
14,55,28,28.978116989135742,27.8231258392334,2.4286580085754395,0.0,1.0,4,11,2,23,61
14,55,29,28.978116989135742,27.8231258392334,2.4286580085754395,0.0,1.0,4,11,2,23,64
14,55,30,28.978116989135742,27.8231258392334,2.4286580085754395,0.0,1.0,4,14,2,20,67
14,55,31,28.978116989135742,27.8231258392334,2.4286580085754395,0.0,1.0,4,14,2,20,71
14,55,32,28.978116989135742,27.8231258392334,2.4286580085754395,0.0,1.0,4,14,3,19,76
14,55,33,28.978116989135742,27.8231258392334,2.4286580085754395,0.0,1.0,4,14,3,19,76
14,55,34,28.978116989135742,27.8231258392334,2.4286580085754395,0.0,1.0,4,15,4,17,79
14,55,35,28.978116989135742,27.8231258392334,2.4286580085754395,0.0,1.0,4,15,4,17,80
14,55,36,28.978116989135742,27.8231258392334,2.4286580085754395,0.0,1.0,4,16,4,16,81
14,55,37,28.978116989135742,27.8231258392334,2.4286580085754395,0.0,1.0,4,17,5,14,85
14,55,38,28.978116989135742,27.8231258392334,2.4286580085754395,0.0,1.0,4,18,5,13,85
14,55,39,28.978116989135742,27.8231258392334,2.4286580085754395,0.0,1.0,4,19,5,12,86
14,55,40,28.978116989135742,27.8231258392334,2.4286580085754395,0.0,1.0,4,19,5,12,87
14,55,41,28.978116989135742,27.8231258392334,2.4286580085754395,0.0,1.0,4,19,5,12,88
14,55,42,28.978116989135742,27.8231258392334,2.4286580085754395,0.0,1.0,4,20,5,11,89
14,55,43,28.978116989135742,27.8231258392334,2.4286580085754395,0.0,1.0,4,20,5,11,92
14,55,44,28.978116989135742,27.8231258392334,2.4286580085754395,0.0,1.0,4,20,5,11,92
14,55,45,28.978116989135742,27.8231258392334,2.4286580085754395,0.0,1.0,4,20,5,11,93
14,55,46,28.978116989135742,27.8231258392334,2.4286580085754395,0.0,1.0,4,20,5,11,93
14,55,47,28.978116989135742,27.8231258392334,2.4286580085754395,0.0,1.0,4,20,5,11,93
14,55,48,28.978116989135742,27.8231258392334,2.4286580085754395,0.0,1.0,4,22,5,9,94
14,55,49,28.978116989135742,27.8231258392334,2.4286580085754395,0.0,1.0,4,22,5,9,95
14,55,50,28.978116989135742,27.8231258392334,2.4286580085754395,0.0,1.0,4,22,5,9,95
14,55,51,28.978116989135742,27.8231258392334,2.4286580085754395,0.0,1.0,4,22,6,8,97
14,55,52,28.978116989135742,27.8231258392334,2.4286580085754395,0.0,1.0,4,22,6,8,98
14,55,53,28.978116989135742,27.8231258392334,2.4286580085754395,0.0,1.0,4,22,6,8,99
14,55,54,28.978116989135742,27.8231258392334,2.4286580085754395,0.0,1.0,4,22,6,8,99
14,55,55,28.978116989135742,27.8231258392334,2.4286580085754395,0.0,1.0,4,22,6,8,101
14,55,56,28.978116989135742,27.8231258392334,2.4286580085754395,0.0,1.0,4,22,6,8,103
14,55,57,28.978116989135742,27.8231258392334,2.4286580085754395,0.0,1.0,4,22,6,8,105
14,55,58,28.978116989135742,27.8231258392334,2.4286580085754395,0.0,1.0,4,22,6,8,105
14,55,59,28.978116989135742,27.8231258392334,2.4286580085754395,0.0,1.0,4,22,6,8,107
14,55,60,28.978116989135742,27.8231258392334,2.4286580085754395,0.0,1.0,4,23,6,7,109
14,55,61,28.978116989135742,27.8231258392334,2.4286580085754395,0.0,1.0,4,23,6,7,111
14,55,62,28.978116989135742,27.8231258392334,2.4286580085754395,0.0,1.0,4,23,6,7,112
14,55,63,28.978116989135742,27.8231258392334,2.4286580085754395,0.0,1.0,4,23,6,7,112
14,55,64,28.978116989135742,27.8231258392334,2.4286580085754395,0.0,1.0,4,23,6,7,114
14,55,65,28.978116989135742,27.8231258392334,2.4286580085754395,0.0,1.0,4,25,6,5,116
14,55,66,28.978116989135742,27.8231258392334,2.4286580085754395,0.0,1.0,4,26,6,4,117
14,55,67,28.978116989135742,27.8231258392334,2.4286580085754395,0.0,1.0,4,26,6,4,117
14,55,68,28.978116989135742,27.8231258392334,2.4286580085754395,0.0,1.0,4,26,6,4,117
14,55,69,28.978116989135742,27.8231258392334,2.4286580085754395,0.0,1.0,4,26,6,4,119
14,55,70,28.978116989135742,27.8231258392334,2.4286580085754395,0.0,1.0,4,26,6,4,123
14,55,71,28.978116989135742,27.8231258392334,2.4286580085754395,0.0,1.0,4,26,6,4,123
14,55,72,28.978116989135742,27.8231258392334,2.4286580085754395,0.0,1.0,4,27,6,3,124
14,55,73,28.978116989135742,27.8231258392334,2.4286580085754395,0.0,1.0,4,27,6,3,125
14,55,74,28.978116989135742,27.8231258392334,2.4286580085754395,0.0,1.0,4,27,6,3,125
14,55,75,28.978116989135742,27.8231258392334,2.4286580085754395,0.0,1.0,4,27,6,3,128
14,55,76,28.78670310974121,27.85011863708496,2.468353509902954,0.0,0.949999988079071,4,27,6,3,133
14,55,77,28.932601928710938,27.82027816772461,2.424129009246826,0.0,0.949999988079071,4,27,6,3,135
14,55,78,28.932601928710938,27.82027816772461,2.424129009246826,0.0,0.949999988079071,4,27,6,3,137
14,55,79,28.739660263061523,27.847503662109375,2.4639103412628174,0.0,0.8999999761581421,4,27,6,3,140
14,55,80,28.886016845703125,27.81742286682129,2.4194657802581787,0.0,0.8999999761581421,4,28,6,2,142
14,55,81,28.886016845703125,27.81742286682129,2.4194657802581787,0.0,0.8999999761581421,4,28,6,2,146
14,55,82,28.691627502441406,27.84486961364746,2.459322929382324,0.0,0.8500000238418579,4,28,6,2,150
14,55,83,28.64263153076172,27.842212677001953,2.454598903656006,0.0,0.800000011920929,4,28,6,2,153
14,55,84,28.789737701416016,27.811689376831055,2.409769058227539,0.0,0.800000011920929,4,28,6,2,154
14,55,85,28.789737701416016,27.811689376831055,2.409769058227539,0.0,0.800000011920929,4,28,6,2,157
14,55,86,28.789737701416016,27.811689376831055,2.409769058227539,0.0,0.800000011920929,4,28,6,2,158
14,55,87,28.789737701416016,27.811689376831055,2.409769058227539,0.0,0.800000011920929,4,29,6,1,161
14,55,88,28.789737701416016,27.811689376831055,2.409769058227539,0.0,0.800000011920929,4,29,6,1,162
14,55,89,28.789737701416016,27.811689376831055,2.409769058227539,0.0,0.800000011920929,4,29,6,1,168
14,55,90,28.592710494995117,27.83953285217285,2.449747085571289,0.0,0.75,4,29,6,1,173
14,55,91,28.541898727416992,27.836833953857422,2.4447779655456543,0.0,0.699999988079071,4,29,6,1,178
14,55,92,28.689512252807617,27.805940628051758,2.3996448516845703,0.0,0.699999988079071,4,29,6,1,181
14,55,93,28.689512252807617,27.805940628051758,2.3996448516845703,0.0,0.699999988079071,4,29,6,1,182
14,55,94,28.689512252807617,27.805940628051758,2.3996448516845703,0.0,0.699999988079071,4,29,6,1,187
14,55,95,28.490245819091797,27.83411407470703,2.4397029876708984,0.0,0.6499999761581421,4,29,6,1,191
14,55,96,28.43779754638672,27.831375122070312,2.434535264968872,0.0,0.6000000238418579,4,29,6,1,199
14,55,97,28.585664749145508,27.80018424987793,2.3891892433166504,0.0,0.6000000238418579,4,29,6,1,202
14,55,98,28.585664749145508,27.80018424987793,2.3891892433166504,0.0,0.6000000238418579,4,29,6,1,207
14,55,99,28.585664749145508,27.80018424987793,2.3891892433166504,0.0,0.6000000238418579,4,29,6,1,211
14,55,100,28.585664749145508,27.80018424987793,2.3891892433166504,0.0,0.6000000238418579,4,29,6,1,217
14,55,101,28.585664749145508,27.80018424987793,2.3891892433166504,0.0,0.6000000238418579,4,29,6,1,220
14,55,102,28.585664749145508,27.80018424987793,2.3891892433166504,0.0,0.6000000238418579,4,29,6,1,224
14,55,103,28.384611129760742,27.82861328125,2.429287910461426,0.0,0.550000011920929,4,29,6,1,231
14,55,104,28.532506942749023,27.797306060791016,2.3838725090026855,0.0,0.550000011920929,4,29,6,1,238
14,55,105,28.532506942749023,27.797306060791016,2.3838725090026855,0.0,0.550000011920929,4,29,6,1,248
14,55,106,28.330745697021484,27.825834274291992,2.423976421356201,0.0,0.5,4,29,6,1,254
14,55,107,28.478605270385742,27.794431686401367,2.378516674041748,0.0,0.5,4,29,6,1,261
14,55,108,28.478605270385742,27.794431686401367,2.378516674041748,0.0,0.5,4,29,6,1,268
14,55,109,28.478605270385742,27.794431686401367,2.378516674041748,0.0,0.5,4,29,6,1,273
14,55,110,28.276264190673828,27.823036193847656,2.4186158180236816,0.0,0.44999998807907104,4,29,6,1,282
14,55,111,28.424020767211914,27.79155921936035,2.373138189315796,0.0,0.44999998807907104,4,29,6,1,288
14,55,112,28.424020767211914,27.79155921936035,2.373138189315796,0.0,0.44999998807907104,4,29,6,1,290
14,55,113,28.424020767211914,27.79155921936035,2.373138189315796,0.0,0.44999998807907104,4,30,6,0,296
15,56,1,28.132909774780273,27.104772567749023,3.4482035636901855,0.10000000149011612,1.0,0,0,0,40,1
15,56,2,28.83346176147461,27.83022689819336,2.4397149085998535,0.10000000149011612,1.0,0,0,0,40,1
15,56,3,28.83346176147461,27.83022689819336,2.4397149085998535,0.10000000149011612,1.0,0,0,0,40,2
15,56,4,28.885112762451172,27.719757080078125,2.577442169189453,0.05000000074505806,1.0,0,0,0,40,2
15,56,5,28.906494140625,27.82667350769043,2.434173822402954,0.05000000074505806,1.0,1,0,0,39,2
15,56,6,28.906494140625,27.82667350769043,2.434173822402954,0.05000000074505806,1.0,1,1,0,38,2
15,56,7,28.906494140625,27.82667350769043,2.434173822402954,0.05000000074505806,1.0,1,3,0,36,2
15,56,8,28.906494140625,27.82667350769043,2.434173822402954,0.05000000074505806,1.0,1,3,0,36,4
15,56,9,28.95634651184082,27.716646194458008,2.5713422298431396,0.0,1.0,1,3,0,36,5
15,56,10,28.978116989135742,27.8231258392334,2.4286580085754395,0.0,1.0,1,3,1,35,6
15,56,11,28.978116989135742,27.8231258392334,2.4286580085754395,0.0,1.0,1,4,1,34,8
15,56,12,28.978116989135742,27.8231258392334,2.4286580085754395,0.0,1.0,3,4,1,32,10
15,56,13,28.978116989135742,27.8231258392334,2.4286580085754395,0.0,1.0,3,4,1,32,12
15,56,14,28.978116989135742,27.8231258392334,2.4286580085754395,0.0,1.0,3,5,1,31,13
15,56,15,28.978116989135742,27.8231258392334,2.4286580085754395,0.0,1.0,3,6,2,29,18
15,56,16,28.978116989135742,27.8231258392334,2.4286580085754395,0.0,1.0,3,7,2,28,21
15,56,17,28.978116989135742,27.8231258392334,2.4286580085754395,0.0,1.0,3,8,3,26,26
15,56,18,28.978116989135742,27.8231258392334,2.4286580085754395,0.0,1.0,3,8,3,26,29
15,56,19,28.978116989135742,27.8231258392334,2.4286580085754395,0.0,1.0,3,8,3,26,32
15,56,20,28.978116989135742,27.8231258392334,2.4286580085754395,0.0,1.0,3,8,3,26,32
15,56,21,28.978116989135742,27.8231258392334,2.4286580085754395,0.0,1.0,3,10,3,24,33
15,56,22,28.978116989135742,27.8231258392334,2.4286580085754395,0.0,1.0,3,11,3,23,34
15,56,23,28.978116989135742,27.8231258392334,2.4286580085754395,0.0,1.0,3,11,3,23,36
15,56,24,28.978116989135742,27.8231258392334,2.4286580085754395,0.0,1.0,3,12,3,22,39
15,56,25,28.978116989135742,27.8231258392334,2.4286580085754395,0.0,1.0,3,12,5,20,41
15,56,26,28.978116989135742,27.8231258392334,2.4286580085754395,0.0,1.0,3,12,5,20,42
15,56,27,28.978116989135742,27.8231258392334,2.4286580085754395,0.0,1.0,3,12,5,20,43
15,56,28,28.978116989135742,27.8231258392334,2.4286580085754395,0.0,1.0,3,12,5,20,47
15,56,29,28.978116989135742,27.8231258392334,2.4286580085754395,0.0,1.0,3,12,5,20,50
15,56,30,28.978116989135742,27.8231258392334,2.4286580085754395,0.0,1.0,3,12,5,20,52
15,56,31,28.978116989135742,27.8231258392334,2.4286580085754395,0.0,1.0,3,12,5,20,52
15,56,32,28.978116989135742,27.8231258392334,2.4286580085754395,0.0,1.0,3,12,5,20,52
15,56,33,28.978116989135742,27.8231258392334,2.4286580085754395,0.0,1.0,3,13,5,19,56
15,56,34,28.978116989135742,27.8231258392334,2.4286580085754395,0.0,1.0,3,14,5,18,57
15,56,35,28.978116989135742,27.8231258392334,2.4286580085754395,0.0,1.0,3,16,5,16,58
15,56,36,28.978116989135742,27.8231258392334,2.4286580085754395,0.0,1.0,3,16,5,16,59
15,56,37,28.978116989135742,27.8231258392334,2.4286580085754395,0.0,1.0,3,17,5,15,60
15,56,38,28.978116989135742,27.8231258392334,2.4286580085754395,0.0,1.0,3,18,5,14,60
15,56,39,28.978116989135742,27.8231258392334,2.4286580085754395,0.0,1.0,3,18,5,14,61
15,56,40,28.978116989135742,27.8231258392334,2.4286580085754395,0.0,1.0,3,18,5,14,63
15,56,41,28.978116989135742,27.8231258392334,2.4286580085754395,0.0,1.0,3,19,5,13,65
15,56,42,28.978116989135742,27.8231258392334,2.4286580085754395,0.0,1.0,3,20,5,12,68
15,56,43,28.978116989135742,27.8231258392334,2.4286580085754395,0.0,1.0,3,21,5,11,74
15,56,44,28.978116989135742,27.8231258392334,2.4286580085754395,0.0,1.0,3,21,5,11,79
15,56,45,28.978116989135742,27.8231258392334,2.4286580085754395,0.0,1.0,3,22,6,9,82
15,56,46,28.978116989135742,27.8231258392334,2.4286580085754395,0.0,1.0,3,23,6,8,83
15,56,47,28.978116989135742,27.8231258392334,2.4286580085754395,0.0,1.0,3,23,6,8,85
15,56,48,28.978116989135742,27.8231258392334,2.4286580085754395,0.0,1.0,3,23,6,8,87
15,56,49,28.978116989135742,27.8231258392334,2.4286580085754395,0.0,1.0,3,24,6,7,89
15,56,50,28.978116989135742,27.8231258392334,2.4286580085754395,0.0,1.0,3,24,6,7,91
15,56,51,28.978116989135742,27.8231258392334,2.4286580085754395,0.0,1.0,3,24,6,7,93
15,56,52,28.978116989135742,27.8231258392334,2.4286580085754395,0.0,1.0,3,24,6,7,96
15,56,53,28.978116989135742,27.8231258392334,2.4286580085754395,0.0,1.0,3,24,6,7,96
15,56,54,28.978116989135742,27.8231258392334,2.4286580085754395,0.0,1.0,3,25,6,6,100
15,56,55,28.978116989135742,27.8231258392334,2.4286580085754395,0.0,1.0,3,25,6,6,101
15,56,56,28.978116989135742,27.8231258392334,2.4286580085754395,0.0,1.0,3,25,6,6,102
15,56,57,28.978116989135742,27.8231258392334,2.4286580085754395,0.0,1.0,3,26,6,5,104
15,56,58,28.978116989135742,27.8231258392334,2.4286580085754395,0.0,1.0,3,26,6,5,104
15,56,59,28.978116989135742,27.8231258392334,2.4286580085754395,0.0,1.0,3,26,6,5,108
15,56,60,28.978116989135742,27.8231258392334,2.4286580085754395,0.0,1.0,3,26,6,5,108
15,56,61,28.978116989135742,27.8231258392334,2.4286580085754395,0.0,1.0,3,27,6,4,109
15,56,62,28.978116989135742,27.8231258392334,2.4286580085754395,0.0,1.0,3,27,6,4,112
15,56,63,28.978116989135742,27.8231258392334,2.4286580085754395,0.0,1.0,3,27,6,4,113
15,56,64,28.978116989135742,27.8231258392334,2.4286580085754395,0.0,1.0,3,27,6,4,116
15,56,65,28.78670310974121,27.85011863708496,2.468353509902954,0.0,0.949999988079071,3,27,6,4,119
15,56,66,28.932601928710938,27.82027816772461,2.424129009246826,0.0,0.949999988079071,3,27,6,4,120
15,56,67,28.932601928710938,27.82027816772461,2.424129009246826,0.0,0.949999988079071,3,27,6,4,123
15,56,68,28.932601928710938,27.82027816772461,2.424129009246826,0.0,0.949999988079071,3,27,6,4,128
15,56,69,28.739660263061523,27.847503662109375,2.4639103412628174,0.0,0.8999999761581421,3,28,6,3,128
15,56,70,28.886016845703125,27.81742286682129,2.4194657802581787,0.0,0.8999999761581421,3,28,6,3,129
15,56,71,28.691627502441406,27.84486961364746,2.459322929382324,0.0,0.8500000238418579,3,28,6,3,132
15,56,72,28.83838653564453,27.814558029174805,2.4146761894226074,0.0,0.8500000238418579,3,28,6,3,134
15,56,73,28.83838653564453,27.814558029174805,2.4146761894226074,0.0,0.8500000238418579,3,28,6,3,137
15,56,74,28.83838653564453,27.814558029174805,2.4146761894226074,0.0,0.8500000238418579,3,28,6,3,140
15,56,75,28.64263153076172,27.842212677001953,2.454598903656006,0.0,0.800000011920929,3,28,6,3,142
15,56,76,28.789737701416016,27.811689376831055,2.409769058227539,0.0,0.800000011920929,3,28,6,3,147
15,56,77,28.789737701416016,27.811689376831055,2.409769058227539,0.0,0.800000011920929,3,28,6,3,151
15,56,78,28.789737701416016,27.811689376831055,2.409769058227539,0.0,0.800000011920929,3,28,6,3,154
15,56,79,28.592710494995117,27.83953285217285,2.449747085571289,0.0,0.75,3,28,6,3,160
15,56,80,28.74009895324707,27.80881690979004,2.404754877090454,0.0,0.75,3,28,6,3,168
15,56,81,28.74009895324707,27.80881690979004,2.404754877090454,0.0,0.75,3,28,6,3,170
15,56,82,28.74009895324707,27.80881690979004,2.404754877090454,0.0,0.75,3,28,6,3,174
15,56,83,28.74009895324707,27.80881690979004,2.404754877090454,0.0,0.75,3,28,6,3,178
15,56,84,28.541898727416992,27.836833953857422,2.4447779655456543,0.0,0.699999988079071,3,28,6,3,183
15,56,85,28.689512252807617,27.805940628051758,2.3996448516845703,0.0,0.699999988079071,3,28,6,3,186
15,56,86,28.689512252807617,27.805940628051758,2.3996448516845703,0.0,0.699999988079071,3,28,6,3,188
15,56,87,28.689512252807617,27.805940628051758,2.3996448516845703,0.0,0.699999988079071,3,28,6,3,191
15,56,88,28.689512252807617,27.805940628051758,2.3996448516845703,0.0,0.699999988079071,3,28,6,3,199
15,56,89,28.689512252807617,27.805940628051758,2.3996448516845703,0.0,0.699999988079071,3,28,6,3,202
15,56,90,28.689512252807617,27.805940628051758,2.3996448516845703,0.0,0.699999988079071,3,28,6,3,206
15,56,91,28.490245819091797,27.83411407470703,2.4397029876708984,0.0,0.6499999761581421,3,28,6,3,211
15,56,92,28.638017654418945,27.803062438964844,2.394451856613159,0.0,0.6499999761581421,3,28,6,3,212
15,56,93,28.638017654418945,27.803062438964844,2.394451856613159,0.0,0.6499999761581421,3,28,6,3,215
15,56,94,28.638017654418945,27.803062438964844,2.394451856613159,0.0,0.6499999761581421,3,28,6,3,218
15,56,95,28.43779754638672,27.831375122070312,2.434535264968872,0.0,0.6000000238418579,3,28,6,3,221
15,56,96,28.585664749145508,27.80018424987793,2.3891892433166504,0.0,0.6000000238418579,3,28,6,3,223
15,56,97,28.585664749145508,27.80018424987793,2.3891892433166504,0.0,0.6000000238418579,3,28,6,3,226
15,56,98,28.585664749145508,27.80018424987793,2.3891892433166504,0.0,0.6000000238418579,3,28,6,3,227
15,56,99,28.585664749145508,27.80018424987793,2.3891892433166504,0.0,0.6000000238418579,3,28,6,3,227
15,56,100,28.585664749145508,27.80018424987793,2.3891892433166504,0.0,0.6000000238418579,3,28,6,3,230
15,56,101,28.585664749145508,27.80018424987793,2.3891892433166504,0.0,0.6000000238418579,3,28,6,3,235
15,56,102,28.384611129760742,27.82861328125,2.429287910461426,0.0,0.550000011920929,3,28,6,3,241
15,56,103,28.532506942749023,27.797306060791016,2.3838725090026855,0.0,0.550000011920929,3,28,6,3,246
15,56,104,28.532506942749023,27.797306060791016,2.3838725090026855,0.0,0.550000011920929,3,28,6,3,249
15,56,105,28.532506942749023,27.797306060791016,2.3838725090026855,0.0,0.550000011920929,3,28,6,3,253
15,56,106,28.532506942749023,27.797306060791016,2.3838725090026855,0.0,0.550000011920929,3,28,6,3,258
15,56,107,28.330745697021484,27.825834274291992,2.423976421356201,0.0,0.5,3,28,6,3,263
15,56,108,28.478605270385742,27.794431686401367,2.378516674041748,0.0,0.5,3,28,6,3,269
15,56,109,28.478605270385742,27.794431686401367,2.378516674041748,0.0,0.5,3,28,6,3,272
15,56,110,28.478605270385742,27.794431686401367,2.378516674041748,0.0,0.5,3,28,6,3,279
15,56,111,28.478605270385742,27.794431686401367,2.378516674041748,0.0,0.5,3,29,6,2,281
15,56,112,28.478605270385742,27.794431686401367,2.378516674041748,0.0,0.5,3,30,6,1,283
15,56,113,28.478605270385742,27.794431686401367,2.378516674041748,0.0,0.5,3,30,6,1,288
15,56,114,28.478605270385742,27.794431686401367,2.378516674041748,0.0,0.5,3,30,6,1,296
15,56,115,28.276264190673828,27.823036193847656,2.4186158180236816,0.0,0.44999998807907104,3,30,6,1,307
15,56,116,28.424020767211914,27.79155921936035,2.373138189315796,0.0,0.44999998807907104,3,30,6,1,317
15,56,117,28.424020767211914,27.79155921936035,2.373138189315796,0.0,0.44999998807907104,3,30,6,1,324
15,56,118,28.424020767211914,27.79155921936035,2.373138189315796,0.0,0.44999998807907104,3,31,6,0,329
16,57,1,28.132909774780273,27.104772567749023,3.4482035636901855,0.10000000149011612,1.0,0,0,0,40,1
16,57,2,28.83346176147461,27.83022689819336,2.4397149085998535,0.10000000149011612,1.0,1,1,0,38,1
16,57,3,28.83346176147461,27.83022689819336,2.4397149085998535,0.10000000149011612,1.0,1,1,0,38,4
16,57,4,28.83346176147461,27.83022689819336,2.4397149085998535,0.10000000149011612,1.0,1,3,0,36,6
16,57,5,28.83346176147461,27.83022689819336,2.4397149085998535,0.10000000149011612,1.0,1,3,0,36,7
16,57,6,28.83346176147461,27.83022689819336,2.4397149085998535,0.10000000149011612,1.0,1,4,0,35,8
16,57,7,28.83346176147461,27.83022689819336,2.4397149085998535,0.10000000149011612,1.0,1,4,0,35,10
16,57,8,28.885112762451172,27.719757080078125,2.577442169189453,0.05000000074505806,1.0,1,4,0,35,10
16,57,9,28.906494140625,27.82667350769043,2.434173822402954,0.05000000074505806,1.0,1,5,0,34,12
16,57,10,28.906494140625,27.82667350769043,2.434173822402954,0.05000000074505806,1.0,1,6,0,33,12
16,57,11,28.906494140625,27.82667350769043,2.434173822402954,0.05000000074505806,1.0,1,8,0,31,13
16,57,12,28.906494140625,27.82667350769043,2.434173822402954,0.05000000074505806,1.0,1,9,0,30,15
16,57,13,28.906494140625,27.82667350769043,2.434173822402954,0.05000000074505806,1.0,1,9,0,30,16
16,57,14,28.95634651184082,27.716646194458008,2.5713422298431396,0.0,1.0,1,10,0,29,17
16,57,15,28.978116989135742,27.8231258392334,2.4286580085754395,0.0,1.0,1,10,0,29,21
16,57,16,28.978116989135742,27.8231258392334,2.4286580085754395,0.0,1.0,2,11,0,27,24
16,57,17,28.978116989135742,27.8231258392334,2.4286580085754395,0.0,1.0,2,12,0,26,27
16,57,18,28.978116989135742,27.8231258392334,2.4286580085754395,0.0,1.0,2,12,0,26,28
16,57,19,28.978116989135742,27.8231258392334,2.4286580085754395,0.0,1.0,2,12,0,26,32
16,57,20,28.978116989135742,27.8231258392334,2.4286580085754395,0.0,1.0,2,12,0,26,35
16,57,21,28.978116989135742,27.8231258392334,2.4286580085754395,0.0,1.0,2,13,0,25,35
16,57,22,28.978116989135742,27.8231258392334,2.4286580085754395,0.0,1.0,2,15,0,23,37
16,57,23,28.978116989135742,27.8231258392334,2.4286580085754395,0.0,1.0,2,15,1,22,40
16,57,24,28.978116989135742,27.8231258392334,2.4286580085754395,0.0,1.0,2,15,2,21,44
16,57,25,28.978116989135742,27.8231258392334,2.4286580085754395,0.0,1.0,2,15,2,21,50
16,57,26,28.978116989135742,27.8231258392334,2.4286580085754395,0.0,1.0,2,15,2,21,54
16,57,27,28.978116989135742,27.8231258392334,2.4286580085754395,0.0,1.0,2,17,2,19,59
16,57,28,28.978116989135742,27.8231258392334,2.4286580085754395,0.0,1.0,2,17,2,19,60
16,57,29,28.978116989135742,27.8231258392334,2.4286580085754395,0.0,1.0,2,17,2,19,63
16,57,30,28.978116989135742,27.8231258392334,2.4286580085754395,0.0,1.0,2,17,2,19,64
16,57,31,28.978116989135742,27.8231258392334,2.4286580085754395,0.0,1.0,2,18,4,16,66
16,57,32,28.978116989135742,27.8231258392334,2.4286580085754395,0.0,1.0,2,18,4,16,69
16,57,33,28.978116989135742,27.8231258392334,2.4286580085754395,0.0,1.0,2,18,4,16,70
16,57,34,28.978116989135742,27.8231258392334,2.4286580085754395,0.0,1.0,2,18,5,15,73
16,57,35,28.978116989135742,27.8231258392334,2.4286580085754395,0.0,1.0,2,18,5,15,76
16,57,36,28.978116989135742,27.8231258392334,2.4286580085754395,0.0,1.0,2,19,5,14,79
16,57,37,28.978116989135742,27.8231258392334,2.4286580085754395,0.0,1.0,2,19,5,14,80
16,57,38,28.978116989135742,27.8231258392334,2.4286580085754395,0.0,1.0,2,20,5,13,81
16,57,39,28.978116989135742,27.8231258392334,2.4286580085754395,0.0,1.0,2,20,5,13,82
16,57,40,28.978116989135742,27.8231258392334,2.4286580085754395,0.0,1.0,2,20,6,12,88
16,57,41,28.978116989135742,27.8231258392334,2.4286580085754395,0.0,1.0,2,20,6,12,90
16,57,42,28.978116989135742,27.8231258392334,2.4286580085754395,0.0,1.0,2,21,6,11,92
16,57,43,28.978116989135742,27.8231258392334,2.4286580085754395,0.0,1.0,2,21,6,11,94
16,57,44,28.978116989135742,27.8231258392334,2.4286580085754395,0.0,1.0,2,21,6,11,94
16,57,45,28.978116989135742,27.8231258392334,2.4286580085754395,0.0,1.0,2,23,6,9,95
16,57,46,28.978116989135742,27.8231258392334,2.4286580085754395,0.0,1.0,2,23,6,9,97
16,57,47,28.978116989135742,27.8231258392334,2.4286580085754395,0.0,1.0,2,24,6,8,101
16,57,48,28.978116989135742,27.8231258392334,2.4286580085754395,0.0,1.0,2,25,6,7,102
16,57,49,28.978116989135742,27.8231258392334,2.4286580085754395,0.0,1.0,2,25,6,7,102
16,57,50,28.978116989135742,27.8231258392334,2.4286580085754395,0.0,1.0,2,25,6,7,102
16,57,51,28.978116989135742,27.8231258392334,2.4286580085754395,0.0,1.0,2,25,6,7,104
16,57,52,28.978116989135742,27.8231258392334,2.4286580085754395,0.0,1.0,2,25,6,7,106
16,57,53,28.978116989135742,27.8231258392334,2.4286580085754395,0.0,1.0,2,25,6,7,109
16,57,54,28.978116989135742,27.8231258392334,2.4286580085754395,0.0,1.0,2,25,6,7,110
16,57,55,28.978116989135742,27.8231258392334,2.4286580085754395,0.0,1.0,2,25,6,7,111
16,57,56,28.978116989135742,27.8231258392334,2.4286580085754395,0.0,1.0,2,26,6,6,113
16,57,57,28.978116989135742,27.8231258392334,2.4286580085754395,0.0,1.0,2,26,6,6,114
16,57,58,28.978116989135742,27.8231258392334,2.4286580085754395,0.0,1.0,2,26,6,6,115
16,57,59,28.978116989135742,27.8231258392334,2.4286580085754395,0.0,1.0,2,27,6,5,115
16,57,60,28.978116989135742,27.8231258392334,2.4286580085754395,0.0,1.0,2,27,6,5,115
16,57,61,28.978116989135742,27.8231258392334,2.4286580085754395,0.0,1.0,2,28,6,4,118
16,57,62,28.978116989135742,27.8231258392334,2.4286580085754395,0.0,1.0,2,28,6,4,119
16,57,63,28.78670310974121,27.85011863708496,2.468353509902954,0.0,0.949999988079071,2,28,6,4,120
16,57,64,28.932601928710938,27.82027816772461,2.424129009246826,0.0,0.949999988079071,2,28,6,4,122
16,57,65,28.932601928710938,27.82027816772461,2.424129009246826,0.0,0.949999988079071,2,28,6,4,123
16,57,66,28.932601928710938,27.82027816772461,2.424129009246826,0.0,0.949999988079071,2,28,6,4,124
16,57,67,28.932601928710938,27.82027816772461,2.424129009246826,0.0,0.949999988079071,2,28,6,4,128
16,57,68,28.739660263061523,27.847503662109375,2.4639103412628174,0.0,0.8999999761581421,2,28,6,4,130
16,57,69,28.691627502441406,27.84486961364746,2.459322929382324,0.0,0.8500000238418579,2,29,6,3,134
16,57,70,28.64263153076172,27.842212677001953,2.454598903656006,0.0,0.800000011920929,2,30,6,2,139
16,57,71,28.592710494995117,27.83953285217285,2.449747085571289,0.0,0.75,2,30,6,2,142
16,57,72,28.74009895324707,27.80881690979004,2.404754877090454,0.0,0.75,2,30,6,2,142
16,57,73,28.74009895324707,27.80881690979004,2.404754877090454,0.0,0.75,2,30,6,2,145
16,57,74,28.74009895324707,27.80881690979004,2.404754877090454,0.0,0.75,2,30,6,2,149
16,57,75,28.74009895324707,27.80881690979004,2.404754877090454,0.0,0.75,2,30,6,2,150
16,57,76,28.74009895324707,27.80881690979004,2.404754877090454,0.0,0.75,2,30,6,2,153
16,57,77,28.74009895324707,27.80881690979004,2.404754877090454,0.0,0.75,2,30,6,2,160
16,57,78,28.541898727416992,27.836833953857422,2.4447779655456543,0.0,0.699999988079071,2,31,6,1,162
16,57,79,28.689512252807617,27.805940628051758,2.3996448516845703,0.0,0.699999988079071,2,31,6,1,165
16,57,80,28.689512252807617,27.805940628051758,2.3996448516845703,0.0,0.699999988079071,2,31,6,1,170
16,57,81,28.689512252807617,27.805940628051758,2.3996448516845703,0.0,0.699999988079071,2,31,6,1,176
16,57,82,28.490245819091797,27.83411407470703,2.4397029876708984,0.0,0.6499999761581421,2,31,6,1,179
16,57,83,28.638017654418945,27.803062438964844,2.394451856613159,0.0,0.6499999761581421,2,31,6,1,184
16,57,84,28.638017654418945,27.803062438964844,2.394451856613159,0.0,0.6499999761581421,2,31,6,1,190
16,57,85,28.638017654418945,27.803062438964844,2.394451856613159,0.0,0.6499999761581421,2,32,6,0,192
17,58,1,28.09886932373047,27.106313705444336,3.451124668121338,0.15000000596046448,1.0,0,0,1,39,2
17,58,2,28.75908851623535,27.833782196044922,2.4452786445617676,0.15000000596046448,1.0,1,0,1,38,3
17,58,3,28.812503814697266,27.722909927368164,2.583522319793701,0.10000000149011612,1.0,1,0,1,38,5
17,58,4,28.83346176147461,27.83022689819336,2.4397149085998535,0.10000000149011612,1.0,2,0,1,37,5
17,58,5,28.83346176147461,27.83022689819336,2.4397149085998535,0.10000000149011612,1.0,2,1,1,36,6
17,58,6,28.83346176147461,27.83022689819336,2.4397149085998535,0.10000000149011612,1.0,2,1,1,36,7
17,58,7,28.83346176147461,27.83022689819336,2.4397149085998535,0.10000000149011612,1.0,2,1,1,36,7
17,58,8,28.83346176147461,27.83022689819336,2.4397149085998535,0.10000000149011612,1.0,2,2,1,35,8
17,58,9,28.83346176147461,27.83022689819336,2.4397149085998535,0.10000000149011612,1.0,2,3,1,34,12
17,58,10,28.885112762451172,27.719757080078125,2.577442169189453,0.05000000074505806,1.0,3,4,1,32,16
17,58,11,28.906494140625,27.82667350769043,2.434173822402954,0.05000000074505806,1.0,3,4,2,31,18
17,58,12,28.906494140625,27.82667350769043,2.434173822402954,0.05000000074505806,1.0,3,4,2,31,20
17,58,13,28.906494140625,27.82667350769043,2.434173822402954,0.05000000074505806,1.0,5,5,2,28,22
17,58,14,28.95634651184082,27.716646194458008,2.5713422298431396,0.0,1.0,5,6,2,27,26
17,58,15,28.978116989135742,27.8231258392334,2.4286580085754395,0.0,1.0,6,6,2,26,28
17,58,16,28.978116989135742,27.8231258392334,2.4286580085754395,0.0,1.0,6,7,2,25,30
17,58,17,28.978116989135742,27.8231258392334,2.4286580085754395,0.0,1.0,6,8,2,24,33
17,58,18,28.978116989135742,27.8231258392334,2.4286580085754395,0.0,1.0,7,9,2,22,35
17,58,19,28.978116989135742,27.8231258392334,2.4286580085754395,0.0,1.0,8,9,2,21,38
17,58,20,28.978116989135742,27.8231258392334,2.4286580085754395,0.0,1.0,8,10,2,20,40
17,58,21,28.978116989135742,27.8231258392334,2.4286580085754395,0.0,1.0,8,11,2,19,44
17,58,22,28.978116989135742,27.8231258392334,2.4286580085754395,0.0,1.0,8,11,3,18,49
17,58,23,28.978116989135742,27.8231258392334,2.4286580085754395,0.0,1.0,9,12,3,16,51
17,58,24,28.978116989135742,27.8231258392334,2.4286580085754395,0.0,1.0,10,12,3,15,53
17,58,25,28.978116989135742,27.8231258392334,2.4286580085754395,0.0,1.0,10,12,3,15,56
17,58,26,28.978116989135742,27.8231258392334,2.4286580085754395,0.0,1.0,11,12,3,14,58
17,58,27,28.978116989135742,27.8231258392334,2.4286580085754395,0.0,1.0,11,12,3,14,62
17,58,28,28.978116989135742,27.8231258392334,2.4286580085754395,0.0,1.0,11,13,3,13,63
17,58,29,28.978116989135742,27.8231258392334,2.4286580085754395,0.0,1.0,11,13,3,13,67
17,58,30,28.978116989135742,27.8231258392334,2.4286580085754395,0.0,1.0,11,13,3,13,70
17,58,31,28.978116989135742,27.8231258392334,2.4286580085754395,0.0,1.0,11,15,4,10,72
17,58,32,28.978116989135742,27.8231258392334,2.4286580085754395,0.0,1.0,11,16,4,9,77
17,58,33,28.978116989135742,27.8231258392334,2.4286580085754395,0.0,1.0,11,16,4,9,80
17,58,34,28.978116989135742,27.8231258392334,2.4286580085754395,0.0,1.0,11,17,4,8,83
17,58,35,28.978116989135742,27.8231258392334,2.4286580085754395,0.0,1.0,11,18,4,7,86
17,58,36,28.978116989135742,27.8231258392334,2.4286580085754395,0.0,1.0,11,18,4,7,88
17,58,37,28.978116989135742,27.8231258392334,2.4286580085754395,0.0,1.0,11,19,4,6,91
17,58,38,28.978116989135742,27.8231258392334,2.4286580085754395,0.0,1.0,11,19,4,6,94
17,58,39,28.978116989135742,27.8231258392334,2.4286580085754395,0.0,1.0,11,19,4,6,96
17,58,40,28.978116989135742,27.8231258392334,2.4286580085754395,0.0,1.0,11,19,4,6,96
17,58,41,28.978116989135742,27.8231258392334,2.4286580085754395,0.0,1.0,11,20,4,5,98
17,58,42,28.978116989135742,27.8231258392334,2.4286580085754395,0.0,1.0,11,20,4,5,99
17,58,43,28.978116989135742,27.8231258392334,2.4286580085754395,0.0,1.0,11,20,4,5,102
17,58,44,28.978116989135742,27.8231258392334,2.4286580085754395,0.0,1.0,11,20,4,5,102
17,58,45,28.978116989135742,27.8231258392334,2.4286580085754395,0.0,1.0,11,20,4,5,103
17,58,46,28.978116989135742,27.8231258392334,2.4286580085754395,0.0,1.0,11,20,4,5,105
17,58,47,28.978116989135742,27.8231258392334,2.4286580085754395,0.0,1.0,11,20,4,5,106
17,58,48,28.978116989135742,27.8231258392334,2.4286580085754395,0.0,1.0,11,20,4,5,107
17,58,49,28.978116989135742,27.8231258392334,2.4286580085754395,0.0,1.0,11,20,4,5,109
17,58,50,28.978116989135742,27.8231258392334,2.4286580085754395,0.0,1.0,11,20,4,5,109
17,58,51,28.978116989135742,27.8231258392334,2.4286580085754395,0.0,1.0,11,20,4,5,109
17,58,52,28.978116989135742,27.8231258392334,2.4286580085754395,0.0,1.0,11,20,4,5,110
17,58,53,28.978116989135742,27.8231258392334,2.4286580085754395,0.0,1.0,11,20,4,5,111
17,58,54,28.978116989135742,27.8231258392334,2.4286580085754395,0.0,1.0,11,20,4,5,113
17,58,55,28.78670310974121,27.85011863708496,2.468353509902954,0.0,0.949999988079071,11,20,4,5,115
17,58,56,28.739660263061523,27.847503662109375,2.4639103412628174,0.0,0.8999999761581421,11,21,4,4,118
17,58,57,28.691627502441406,27.84486961364746,2.459322929382324,0.0,0.8500000238418579,11,21,4,4,120
17,58,58,28.83838653564453,27.814558029174805,2.4146761894226074,0.0,0.8500000238418579,11,21,4,4,120
17,58,59,28.83838653564453,27.814558029174805,2.4146761894226074,0.0,0.8500000238418579,11,21,4,4,124
17,58,60,28.64263153076172,27.842212677001953,2.454598903656006,0.0,0.800000011920929,11,21,4,4,125
17,58,61,28.789737701416016,27.811689376831055,2.409769058227539,0.0,0.800000011920929,11,21,4,4,126
17,58,62,28.789737701416016,27.811689376831055,2.409769058227539,0.0,0.800000011920929,11,22,4,3,131
17,58,63,28.592710494995117,27.83953285217285,2.449747085571289,0.0,0.75,11,23,4,2,136
17,58,64,28.541898727416992,27.836833953857422,2.4447779655456543,0.0,0.699999988079071,11,23,4,2,139
17,58,65,28.689512252807617,27.805940628051758,2.3996448516845703,0.0,0.699999988079071,11,23,4,2,140
17,58,66,28.689512252807617,27.805940628051758,2.3996448516845703,0.0,0.699999988079071,11,23,4,2,145
17,58,67,28.490245819091797,27.83411407470703,2.4397029876708984,0.0,0.6499999761581421,11,23,4,2,150
17,58,68,28.638017654418945,27.803062438964844,2.394451856613159,0.0,0.6499999761581421,11,23,4,2,153
17,58,69,28.43779754638672,27.831375122070312,2.434535264968872,0.0,0.6000000238418579,11,23,4,2,156
17,58,70,28.585664749145508,27.80018424987793,2.3891892433166504,0.0,0.6000000238418579,11,23,4,2,160
17,58,71,28.585664749145508,27.80018424987793,2.3891892433166504,0.0,0.6000000238418579,11,24,4,1,162
17,58,72,28.585664749145508,27.80018424987793,2.3891892433166504,0.0,0.6000000238418579,11,24,4,1,165
17,58,73,28.585664749145508,27.80018424987793,2.3891892433166504,0.0,0.6000000238418579,11,24,4,1,169
17,58,74,28.585664749145508,27.80018424987793,2.3891892433166504,0.0,0.6000000238418579,11,24,4,1,175
17,58,75,28.585664749145508,27.80018424987793,2.3891892433166504,0.0,0.6000000238418579,11,24,4,1,181
17,58,76,28.384611129760742,27.82861328125,2.429287910461426,0.0,0.550000011920929,11,24,4,1,185
17,58,77,28.532506942749023,27.797306060791016,2.3838725090026855,0.0,0.550000011920929,11,24,4,1,190
17,58,78,28.532506942749023,27.797306060791016,2.3838725090026855,0.0,0.550000011920929,11,24,4,1,194
17,58,79,28.330745697021484,27.825834274291992,2.423976421356201,0.0,0.5,11,24,4,1,196
17,58,80,28.478605270385742,27.794431686401367,2.378516674041748,0.0,0.5,11,24,4,1,201
17,58,81,28.478605270385742,27.794431686401367,2.378516674041748,0.0,0.5,11,24,4,1,208
17,58,82,28.276264190673828,27.823036193847656,2.4186158180236816,0.0,0.44999998807907104,11,24,4,1,217
17,58,83,28.221233367919922,27.820219039916992,2.4132227897644043,0.0,0.4000000059604645,11,24,4,1,226
17,58,84,28.165727615356445,27.8173828125,2.4078140258789062,0.0,0.3499999940395355,11,24,4,1,232
17,58,85,28.313085556030273,27.785829544067383,2.3623814582824707,0.0,0.3499999940395355,11,24,4,1,241
17,58,86,28.313085556030273,27.785829544067383,2.3623814582824707,0.0,0.3499999940395355,11,24,4,1,247
17,58,87,28.313085556030273,27.785829544067383,2.3623814582824707,0.0,0.3499999940395355,11,24,4,1,254
17,58,88,28.313085556030273,27.785829544067383,2.3623814582824707,0.0,0.3499999940395355,11,24,4,1,263
17,58,89,28.313085556030273,27.785829544067383,2.3623814582824707,0.0,0.3499999940395355,11,24,4,1,270
17,58,90,28.313085556030273,27.785829544067383,2.3623814582824707,0.0,0.3499999940395355,11,24,4,1,276
17,58,91,28.109819412231445,27.814531326293945,2.4024062156677246,0.0,0.30000001192092896,11,24,4,1,281
17,58,92,28.053585052490234,27.811662673950195,2.397017002105713,0.0,0.25,11,24,4,1,289
17,58,93,28.20029067993164,27.780122756958008,2.3517396450042725,0.0,0.25,11,24,4,1,294
17,58,94,28.20029067993164,27.780122756958008,2.3517396450042725,0.0,0.25,11,24,4,1,300
17,58,95,28.20029067993164,27.780122756958008,2.3517396450042725,0.0,0.25,11,24,4,1,309
17,58,96,27.997106552124023,27.808778762817383,2.3916635513305664,0.0,0.20000000298023224,11,24,4,1,316
17,58,97,28.14339256286621,27.777280807495117,2.3465049266815186,0.0,0.20000000298023224,11,24,4,1,323
17,58,98,28.14339256286621,27.777280807495117,2.3465049266815186,0.0,0.20000000298023224,11,24,4,1,330
17,58,99,28.14339256286621,27.777280807495117,2.3465049266815186,0.0,0.20000000298023224,11,24,4,1,336
17,58,100,28.14339256286621,27.777280807495117,2.3465049266815186,0.0,0.20000000298023224,11,24,4,1,342
17,58,101,28.14339256286621,27.777280807495117,2.3465049266815186,0.0,0.20000000298023224,11,24,4,1,349
17,58,102,28.14339256286621,27.777280807495117,2.3465049266815186,0.0,0.20000000298023224,11,24,4,1,355
17,58,103,28.14339256286621,27.777280807495117,2.3465049266815186,0.0,0.20000000298023224,11,24,4,1,360
17,58,104,27.940460205078125,27.80588150024414,2.3863627910614014,0.0,0.15000000596046448,11,24,4,1,364
17,58,105,28.086271286010742,27.77444839477539,2.3413496017456055,0.0,0.15000000596046448,11,24,4,1,374
17,58,106,28.086271286010742,27.77444839477539,2.3413496017456055,0.0,0.15000000596046448,11,24,4,1,379
17,58,107,28.086271286010742,27.77444839477539,2.3413496017456055,0.0,0.15000000596046448,11,24,4,1,385
17,58,108,28.086271286010742,27.77444839477539,2.3413496017456055,0.0,0.15000000596046448,11,24,4,1,390
17,58,109,27.883729934692383,27.80297088623047,2.3811309337615967,0.0,0.10000000149011612,11,24,4,1,397
17,58,110,28.029006958007812,27.77162742614746,2.336289644241333,0.0,0.10000000149011612,11,24,4,1,402
17,58,111,28.029006958007812,27.77162742614746,2.336289644241333,0.0,0.10000000149011612,11,24,4,1,407
17,58,112,28.029006958007812,27.77162742614746,2.336289644241333,0.0,0.10000000149011612,11,24,4,1,411
17,58,113,27.826995849609375,27.800048828125,2.375983953475952,0.0,0.05000000074505806,11,24,4,1,419
17,58,114,27.9716854095459,27.768814086914062,2.3313403129577637,0.0,0.05000000074505806,11,24,4,1,424
17,58,115,27.9716854095459,27.768814086914062,2.3313403129577637,0.0,0.05000000074505806,11,24,4,1,430
17,58,116,27.770336151123047,27.797117233276367,2.3709373474121094,0.0,0.0,11,24,4,1,435
17,58,117,27.91438865661621,27.766014099121094,2.3265156745910645,0.0,0.0,11,24,4,1,441
17,58,118,27.91438865661621,27.766014099121094,2.3265156745910645,0.0,0.0,11,24,4,1,450
17,58,119,27.91438865661621,27.766014099121094,2.3265156745910645,0.0,0.0,11,24,4,1,461
17,58,120,27.91438865661621,27.766014099121094,2.3265156745910645,0.0,0.0,11,24,4,1,473
17,58,121,27.91438865661621,27.766014099121094,2.3265156745910645,0.0,0.0,11,24,4,1,481
17,58,122,27.91438865661621,27.766014099121094,2.3265156745910645,0.0,0.0,11,24,4,1,484
17,58,123,27.91438865661621,27.766014099121094,2.3265156745910645,0.0,0.0,11,24,4,1,493
17,58,124,27.91438865661621,27.766014099121094,2.3265156745910645,0.0,0.0,11,24,5,0,500
18,59,1,28.09886932373047,27.106313705444336,3.451124668121338,0.15000000596046448,1.0,0,0,0,40,1
18,59,2,28.75908851623535,27.833782196044922,2.4452786445617676,0.15000000596046448,1.0,1,0,0,39,3
18,59,3,28.812503814697266,27.722909927368164,2.583522319793701,0.10000000149011612,1.0,1,0,0,39,4
18,59,4,28.83346176147461,27.83022689819336,2.4397149085998535,0.10000000149011612,1.0,1,2,0,37,5
18,59,5,28.83346176147461,27.83022689819336,2.4397149085998535,0.10000000149011612,1.0,1,2,0,37,7
18,59,6,28.83346176147461,27.83022689819336,2.4397149085998535,0.10000000149011612,1.0,1,3,0,36,11
18,59,7,28.885112762451172,27.719757080078125,2.577442169189453,0.05000000074505806,1.0,1,4,0,35,12
18,59,8,28.906494140625,27.82667350769043,2.434173822402954,0.05000000074505806,1.0,1,4,0,35,14
18,59,9,28.906494140625,27.82667350769043,2.434173822402954,0.05000000074505806,1.0,1,4,0,35,15
18,59,10,28.906494140625,27.82667350769043,2.434173822402954,0.05000000074505806,1.0,1,4,0,35,18
18,59,11,28.95634651184082,27.716646194458008,2.5713422298431396,0.0,1.0,1,5,0,34,19
18,59,12,28.978116989135742,27.8231258392334,2.4286580085754395,0.0,1.0,1,6,0,33,20
18,59,13,28.978116989135742,27.8231258392334,2.4286580085754395,0.0,1.0,1,6,0,33,22
18,59,14,28.978116989135742,27.8231258392334,2.4286580085754395,0.0,1.0,1,6,0,33,24
18,59,15,28.978116989135742,27.8231258392334,2.4286580085754395,0.0,1.0,2,6,0,32,27
18,59,16,28.978116989135742,27.8231258392334,2.4286580085754395,0.0,1.0,2,7,0,31,29
18,59,17,28.978116989135742,27.8231258392334,2.4286580085754395,0.0,1.0,2,9,1,28,31
18,59,18,28.978116989135742,27.8231258392334,2.4286580085754395,0.0,1.0,2,9,1,28,32
18,59,19,28.978116989135742,27.8231258392334,2.4286580085754395,0.0,1.0,2,9,1,28,35
18,59,20,28.978116989135742,27.8231258392334,2.4286580085754395,0.0,1.0,2,11,1,26,40
18,59,21,28.978116989135742,27.8231258392334,2.4286580085754395,0.0,1.0,2,11,2,25,47
18,59,22,28.978116989135742,27.8231258392334,2.4286580085754395,0.0,1.0,2,11,2,25,50
18,59,23,28.978116989135742,27.8231258392334,2.4286580085754395,0.0,1.0,2,12,2,24,54
18,59,24,28.978116989135742,27.8231258392334,2.4286580085754395,0.0,1.0,2,12,3,23,57
18,59,25,28.978116989135742,27.8231258392334,2.4286580085754395,0.0,1.0,2,12,3,23,63
18,59,26,28.978116989135742,27.8231258392334,2.4286580085754395,0.0,1.0,2,13,3,22,70
18,59,27,28.978116989135742,27.8231258392334,2.4286580085754395,0.0,1.0,2,14,3,21,72
18,59,28,28.978116989135742,27.8231258392334,2.4286580085754395,0.0,1.0,2,15,3,20,78
18,59,29,28.978116989135742,27.8231258392334,2.4286580085754395,0.0,1.0,2,15,3,20,81
18,59,30,28.978116989135742,27.8231258392334,2.4286580085754395,0.0,1.0,2,15,3,20,85
18,59,31,28.978116989135742,27.8231258392334,2.4286580085754395,0.0,1.0,2,15,3,20,87
18,59,32,28.978116989135742,27.8231258392334,2.4286580085754395,0.0,1.0,2,15,3,20,91
18,59,33,28.978116989135742,27.8231258392334,2.4286580085754395,0.0,1.0,2,15,4,19,94
18,59,34,28.978116989135742,27.8231258392334,2.4286580085754395,0.0,1.0,2,17,4,17,100
18,59,35,28.978116989135742,27.8231258392334,2.4286580085754395,0.0,1.0,2,18,5,15,104
18,59,36,28.978116989135742,27.8231258392334,2.4286580085754395,0.0,1.0,2,18,5,15,110
18,59,37,28.978116989135742,27.8231258392334,2.4286580085754395,0.0,1.0,2,19,5,14,112
18,59,38,28.978116989135742,27.8231258392334,2.4286580085754395,0.0,1.0,2,20,5,13,114
18,59,39,28.978116989135742,27.8231258392334,2.4286580085754395,0.0,1.0,2,21,5,12,117
18,59,40,28.978116989135742,27.8231258392334,2.4286580085754395,0.0,1.0,2,22,5,11,121
18,59,41,28.978116989135742,27.8231258392334,2.4286580085754395,0.0,1.0,2,23,5,10,123
18,59,42,28.978116989135742,27.8231258392334,2.4286580085754395,0.0,1.0,2,23,5,10,126
18,59,43,28.978116989135742,27.8231258392334,2.4286580085754395,0.0,1.0,2,23,5,10,129
18,59,44,28.78670310974121,27.85011863708496,2.468353509902954,0.0,0.949999988079071,2,24,5,9,132
18,59,45,28.932601928710938,27.82027816772461,2.424129009246826,0.0,0.949999988079071,2,25,5,8,134
18,59,46,28.932601928710938,27.82027816772461,2.424129009246826,0.0,0.949999988079071,2,26,5,7,136
18,59,47,28.932601928710938,27.82027816772461,2.424129009246826,0.0,0.949999988079071,2,26,5,7,138
18,59,48,28.739660263061523,27.847503662109375,2.4639103412628174,0.0,0.8999999761581421,2,26,5,7,140
18,59,49,28.886016845703125,27.81742286682129,2.4194657802581787,0.0,0.8999999761581421,2,27,5,6,144
18,59,50,28.886016845703125,27.81742286682129,2.4194657802581787,0.0,0.8999999761581421,2,27,5,6,146
18,59,51,28.886016845703125,27.81742286682129,2.4194657802581787,0.0,0.8999999761581421,2,27,5,6,149
18,59,52,28.691627502441406,27.84486961364746,2.459322929382324,0.0,0.8500000238418579,2,27,5,6,150
18,59,53,28.83838653564453,27.814558029174805,2.4146761894226074,0.0,0.8500000238418579,2,27,5,6,151
18,59,54,28.83838653564453,27.814558029174805,2.4146761894226074,0.0,0.8500000238418579,2,28,5,5,152
18,59,55,28.83838653564453,27.814558029174805,2.4146761894226074,0.0,0.8500000238418579,2,28,5,5,157
18,59,56,28.83838653564453,27.814558029174805,2.4146761894226074,0.0,0.8500000238418579,2,28,5,5,161
18,59,57,28.83838653564453,27.814558029174805,2.4146761894226074,0.0,0.8500000238418579,2,29,5,4,165
18,59,58,28.64263153076172,27.842212677001953,2.454598903656006,0.0,0.800000011920929,2,29,5,4,167
18,59,59,28.592710494995117,27.83953285217285,2.449747085571289,0.0,0.75,2,30,5,3,170
18,59,60,28.74009895324707,27.80881690979004,2.404754877090454,0.0,0.75,2,30,5,3,175
18,59,61,28.74009895324707,27.80881690979004,2.404754877090454,0.0,0.75,2,30,5,3,180
18,59,62,28.541898727416992,27.836833953857422,2.4447779655456543,0.0,0.699999988079071,2,30,5,3,184
18,59,63,28.490245819091797,27.83411407470703,2.4397029876708984,0.0,0.6499999761581421,2,31,5,2,187
18,59,64,28.638017654418945,27.803062438964844,2.394451856613159,0.0,0.6499999761581421,2,31,5,2,189
18,59,65,28.638017654418945,27.803062438964844,2.394451856613159,0.0,0.6499999761581421,2,31,5,2,196
18,59,66,28.43779754638672,27.831375122070312,2.434535264968872,0.0,0.6000000238418579,2,31,5,2,200
18,59,67,28.585664749145508,27.80018424987793,2.3891892433166504,0.0,0.6000000238418579,2,31,5,2,204
18,59,68,28.585664749145508,27.80018424987793,2.3891892433166504,0.0,0.6000000238418579,2,31,5,2,207
18,59,69,28.585664749145508,27.80018424987793,2.3891892433166504,0.0,0.6000000238418579,2,31,5,2,210
18,59,70,28.585664749145508,27.80018424987793,2.3891892433166504,0.0,0.6000000238418579,2,31,5,2,215
18,59,71,28.384611129760742,27.82861328125,2.429287910461426,0.0,0.550000011920929,2,31,5,2,225
18,59,72,28.330745697021484,27.825834274291992,2.423976421356201,0.0,0.5,2,31,5,2,227
18,59,73,28.478605270385742,27.794431686401367,2.378516674041748,0.0,0.5,2,31,5,2,234
18,59,74,28.478605270385742,27.794431686401367,2.378516674041748,0.0,0.5,2,31,5,2,237
18,59,75,28.478605270385742,27.794431686401367,2.378516674041748,0.0,0.5,2,32,5,1,240
18,59,76,28.478605270385742,27.794431686401367,2.378516674041748,0.0,0.5,2,32,5,1,244
18,59,77,28.478605270385742,27.794431686401367,2.378516674041748,0.0,0.5,2,32,5,1,248
18,59,78,28.276264190673828,27.823036193847656,2.4186158180236816,0.0,0.44999998807907104,2,32,5,1,256
18,59,79,28.424020767211914,27.79155921936035,2.373138189315796,0.0,0.44999998807907104,2,32,5,1,262
18,59,80,28.424020767211914,27.79155921936035,2.373138189315796,0.0,0.44999998807907104,2,32,5,1,271
18,59,81,28.221233367919922,27.820219039916992,2.4132227897644043,0.0,0.4000000059604645,2,32,5,1,278
18,59,82,28.368824005126953,27.7886905670166,2.3677542209625244,0.0,0.4000000059604645,2,32,5,1,284
18,59,83,28.165727615356445,27.8173828125,2.4078140258789062,0.0,0.3499999940395355,2,32,5,1,291
18,59,84,28.109819412231445,27.814531326293945,2.4024062156677246,0.0,0.30000001192092896,2,32,5,1,295
18,59,85,28.256881713867188,27.78297233581543,2.3570375442504883,0.0,0.30000001192092896,2,32,5,1,302
18,59,86,28.256881713867188,27.78297233581543,2.3570375442504883,0.0,0.30000001192092896,2,32,5,1,310
18,59,87,28.256881713867188,27.78297233581543,2.3570375442504883,0.0,0.30000001192092896,2,32,5,1,315
18,59,88,28.256881713867188,27.78297233581543,2.3570375442504883,0.0,0.30000001192092896,2,32,5,1,323
18,59,89,28.256881713867188,27.78297233581543,2.3570375442504883,0.0,0.30000001192092896,2,32,5,1,331
18,59,90,28.256881713867188,27.78297233581543,2.3570375442504883,0.0,0.30000001192092896,2,32,5,1,336
18,59,91,28.256881713867188,27.78297233581543,2.3570375442504883,0.0,0.30000001192092896,2,32,5,1,342
18,59,92,28.256881713867188,27.78297233581543,2.3570375442504883,0.0,0.30000001192092896,2,33,5,0,347
19,60,1,28.166776657104492,27.103271484375,3.44523024559021,0.05000000074505806,1.0,0,0,0,40,3
19,60,2,28.906494140625,27.82667350769043,2.434173822402954,0.05000000074505806,1.0,0,1,0,39,3
19,60,3,28.906494140625,27.82667350769043,2.434173822402954,0.05000000074505806,1.0,0,2,0,38,4
19,60,4,28.906494140625,27.82667350769043,2.434173822402954,0.05000000074505806,1.0,1,2,0,37,5
19,60,5,28.906494140625,27.82667350769043,2.434173822402954,0.05000000074505806,1.0,1,2,0,37,7
19,60,6,28.906494140625,27.82667350769043,2.434173822402954,0.05000000074505806,1.0,3,2,0,35,8
19,60,7,28.906494140625,27.82667350769043,2.434173822402954,0.05000000074505806,1.0,3,3,1,33,9
19,60,8,28.906494140625,27.82667350769043,2.434173822402954,0.05000000074505806,1.0,3,5,1,31,10
19,60,9,28.906494140625,27.82667350769043,2.434173822402954,0.05000000074505806,1.0,3,6,1,30,11
19,60,10,28.906494140625,27.82667350769043,2.434173822402954,0.05000000074505806,1.0,4,6,1,29,13
19,60,11,28.906494140625,27.82667350769043,2.434173822402954,0.05000000074505806,1.0,4,7,1,28,15
19,60,12,28.95634651184082,27.716646194458008,2.5713422298431396,0.0,1.0,4,8,1,27,17
19,60,13,28.978116989135742,27.8231258392334,2.4286580085754395,0.0,1.0,4,8,1,27,18
19,60,14,28.978116989135742,27.8231258392334,2.4286580085754395,0.0,1.0,4,9,3,24,22
19,60,15,28.978116989135742,27.8231258392334,2.4286580085754395,0.0,1.0,4,9,3,24,27
19,60,16,28.978116989135742,27.8231258392334,2.4286580085754395,0.0,1.0,4,9,3,24,28
19,60,17,28.978116989135742,27.8231258392334,2.4286580085754395,0.0,1.0,4,9,3,24,30
19,60,18,28.978116989135742,27.8231258392334,2.4286580085754395,0.0,1.0,4,9,5,22,32
19,60,19,28.978116989135742,27.8231258392334,2.4286580085754395,0.0,1.0,4,9,5,22,33
19,60,20,28.978116989135742,27.8231258392334,2.4286580085754395,0.0,1.0,4,10,5,21,36
19,60,21,28.978116989135742,27.8231258392334,2.4286580085754395,0.0,1.0,4,10,5,21,40
19,60,22,28.978116989135742,27.8231258392334,2.4286580085754395,0.0,1.0,4,11,5,20,42
19,60,23,28.978116989135742,27.8231258392334,2.4286580085754395,0.0,1.0,4,13,5,18,48
19,60,24,28.978116989135742,27.8231258392334,2.4286580085754395,0.0,1.0,4,13,5,18,53
19,60,25,28.978116989135742,27.8231258392334,2.4286580085754395,0.0,1.0,4,13,6,17,59
19,60,26,28.978116989135742,27.8231258392334,2.4286580085754395,0.0,1.0,4,13,6,17,62
19,60,27,28.978116989135742,27.8231258392334,2.4286580085754395,0.0,1.0,4,13,7,16,66
19,60,28,28.978116989135742,27.8231258392334,2.4286580085754395,0.0,1.0,4,13,7,16,69
19,60,29,28.978116989135742,27.8231258392334,2.4286580085754395,0.0,1.0,4,15,7,14,71
19,60,30,28.978116989135742,27.8231258392334,2.4286580085754395,0.0,1.0,4,15,7,14,75
19,60,31,28.978116989135742,27.8231258392334,2.4286580085754395,0.0,1.0,4,16,7,13,79
19,60,32,28.978116989135742,27.8231258392334,2.4286580085754395,0.0,1.0,4,17,7,12,80
19,60,33,28.978116989135742,27.8231258392334,2.4286580085754395,0.0,1.0,4,17,7,12,82
19,60,34,28.978116989135742,27.8231258392334,2.4286580085754395,0.0,1.0,4,17,7,12,86
19,60,35,28.978116989135742,27.8231258392334,2.4286580085754395,0.0,1.0,4,17,7,12,89
19,60,36,28.978116989135742,27.8231258392334,2.4286580085754395,0.0,1.0,4,17,7,12,92
19,60,37,28.978116989135742,27.8231258392334,2.4286580085754395,0.0,1.0,4,17,7,12,99
19,60,38,28.978116989135742,27.8231258392334,2.4286580085754395,0.0,1.0,4,17,7,12,106
19,60,39,28.978116989135742,27.8231258392334,2.4286580085754395,0.0,1.0,4,17,8,11,108
19,60,40,28.978116989135742,27.8231258392334,2.4286580085754395,0.0,1.0,4,18,8,10,111
19,60,41,28.78670310974121,27.85011863708496,2.468353509902954,0.0,0.949999988079071,4,18,8,10,116
19,60,42,28.932601928710938,27.82027816772461,2.424129009246826,0.0,0.949999988079071,4,18,8,10,120
19,60,43,28.932601928710938,27.82027816772461,2.424129009246826,0.0,0.949999988079071,4,19,8,9,124
19,60,44,28.739660263061523,27.847503662109375,2.4639103412628174,0.0,0.8999999761581421,4,19,8,9,125
19,60,45,28.886016845703125,27.81742286682129,2.4194657802581787,0.0,0.8999999761581421,4,19,8,9,126
19,60,46,28.886016845703125,27.81742286682129,2.4194657802581787,0.0,0.8999999761581421,4,20,8,8,132
19,60,47,28.691627502441406,27.84486961364746,2.459322929382324,0.0,0.8500000238418579,4,20,8,8,139
19,60,48,28.64263153076172,27.842212677001953,2.454598903656006,0.0,0.800000011920929,4,20,8,8,142
19,60,49,28.789737701416016,27.811689376831055,2.409769058227539,0.0,0.800000011920929,4,20,8,8,144
19,60,50,28.592710494995117,27.83953285217285,2.449747085571289,0.0,0.75,4,20,8,8,148
19,60,51,28.541898727416992,27.836833953857422,2.4447779655456543,0.0,0.699999988079071,4,20,8,8,148
19,60,52,28.689512252807617,27.805940628051758,2.3996448516845703,0.0,0.699999988079071,4,20,8,8,150
19,60,53,28.689512252807617,27.805940628051758,2.3996448516845703,0.0,0.699999988079071,4,20,8,8,159
19,60,54,28.490245819091797,27.83411407470703,2.4397029876708984,0.0,0.6499999761581421,4,21,8,7,161
19,60,55,28.638017654418945,27.803062438964844,2.394451856613159,0.0,0.6499999761581421,4,21,8,7,163
19,60,56,28.638017654418945,27.803062438964844,2.394451856613159,0.0,0.6499999761581421,4,21,8,7,165
19,60,57,28.638017654418945,27.803062438964844,2.394451856613159,0.0,0.6499999761581421,4,21,8,7,169
19,60,58,28.638017654418945,27.803062438964844,2.394451856613159,0.0,0.6499999761581421,4,22,8,6,178
19,60,59,28.638017654418945,27.803062438964844,2.394451856613159,0.0,0.6499999761581421,4,22,8,6,183
19,60,60,28.638017654418945,27.803062438964844,2.394451856613159,0.0,0.6499999761581421,4,22,8,6,188
19,60,61,28.638017654418945,27.803062438964844,2.394451856613159,0.0,0.6499999761581421,4,22,8,6,189
19,60,62,28.638017654418945,27.803062438964844,2.394451856613159,0.0,0.6499999761581421,4,22,8,6,195
19,60,63,28.638017654418945,27.803062438964844,2.394451856613159,0.0,0.6499999761581421,4,22,8,6,199
19,60,64,28.638017654418945,27.803062438964844,2.394451856613159,0.0,0.6499999761581421,4,22,8,6,200
19,60,65,28.638017654418945,27.803062438964844,2.394451856613159,0.0,0.6499999761581421,4,22,8,6,204
19,60,66,28.638017654418945,27.803062438964844,2.394451856613159,0.0,0.6499999761581421,4,24,8,4,210
19,60,67,28.638017654418945,27.803062438964844,2.394451856613159,0.0,0.6499999761581421,4,25,8,3,217
19,60,68,28.638017654418945,27.803062438964844,2.394451856613159,0.0,0.6499999761581421,4,25,8,3,221
19,60,69,28.43779754638672,27.831375122070312,2.434535264968872,0.0,0.6000000238418579,4,25,8,3,222
19,60,70,28.585664749145508,27.80018424987793,2.3891892433166504,0.0,0.6000000238418579,4,25,8,3,226
19,60,71,28.585664749145508,27.80018424987793,2.3891892433166504,0.0,0.6000000238418579,4,25,8,3,231
19,60,72,28.585664749145508,27.80018424987793,2.3891892433166504,0.0,0.6000000238418579,4,25,8,3,238
19,60,73,28.585664749145508,27.80018424987793,2.3891892433166504,0.0,0.6000000238418579,4,25,8,3,245
19,60,74,28.384611129760742,27.82861328125,2.429287910461426,0.0,0.550000011920929,4,25,8,3,249
19,60,75,28.532506942749023,27.797306060791016,2.3838725090026855,0.0,0.550000011920929,4,25,8,3,255
19,60,76,28.532506942749023,27.797306060791016,2.3838725090026855,0.0,0.550000011920929,4,25,8,3,256
19,60,77,28.532506942749023,27.797306060791016,2.3838725090026855,0.0,0.550000011920929,4,25,8,3,262
19,60,78,28.330745697021484,27.825834274291992,2.423976421356201,0.0,0.5,4,25,8,3,270
19,60,79,28.478605270385742,27.794431686401367,2.378516674041748,0.0,0.5,4,25,8,3,274
19,60,80,28.478605270385742,27.794431686401367,2.378516674041748,0.0,0.5,4,25,8,3,281
19,60,81,28.478605270385742,27.794431686401367,2.378516674041748,0.0,0.5,4,25,8,3,284
19,60,82,28.478605270385742,27.794431686401367,2.378516674041748,0.0,0.5,4,25,8,3,293
19,60,83,28.478605270385742,27.794431686401367,2.378516674041748,0.0,0.5,4,25,8,3,297
19,60,84,28.478605270385742,27.794431686401367,2.378516674041748,0.0,0.5,4,25,8,3,300
19,60,85,28.276264190673828,27.823036193847656,2.4186158180236816,0.0,0.44999998807907104,4,25,8,3,304
19,60,86,28.424020767211914,27.79155921936035,2.373138189315796,0.0,0.44999998807907104,4,25,8,3,305
19,60,87,28.424020767211914,27.79155921936035,2.373138189315796,0.0,0.44999998807907104,4,26,8,2,309
19,60,88,28.221233367919922,27.820219039916992,2.4132227897644043,0.0,0.4000000059604645,4,26,8,2,317
19,60,89,28.165727615356445,27.8173828125,2.4078140258789062,0.0,0.3499999940395355,4,26,8,2,325
19,60,90,28.109819412231445,27.814531326293945,2.4024062156677246,0.0,0.30000001192092896,4,26,8,2,328
19,60,91,28.256881713867188,27.78297233581543,2.3570375442504883,0.0,0.30000001192092896,4,26,8,2,330
19,60,92,28.256881713867188,27.78297233581543,2.3570375442504883,0.0,0.30000001192092896,4,26,8,2,333
19,60,93,28.256881713867188,27.78297233581543,2.3570375442504883,0.0,0.30000001192092896,4,26,8,2,338
19,60,94,28.256881713867188,27.78297233581543,2.3570375442504883,0.0,0.30000001192092896,4,27,8,1,344
19,60,95,28.256881713867188,27.78297233581543,2.3570375442504883,0.0,0.30000001192092896,4,27,8,1,351
19,60,96,28.053585052490234,27.811662673950195,2.397017002105713,0.0,0.25,4,27,8,1,354
19,60,97,28.20029067993164,27.780122756958008,2.3517396450042725,0.0,0.25,4,27,8,1,361
19,60,98,28.20029067993164,27.780122756958008,2.3517396450042725,0.0,0.25,4,27,8,1,368
19,60,99,27.997106552124023,27.808778762817383,2.3916635513305664,0.0,0.20000000298023224,4,27,8,1,372
19,60,100,28.14339256286621,27.777280807495117,2.3465049266815186,0.0,0.20000000298023224,4,27,8,1,378
19,60,101,27.940460205078125,27.80588150024414,2.3863627910614014,0.0,0.15000000596046448,4,27,8,1,383
19,60,102,28.086271286010742,27.77444839477539,2.3413496017456055,0.0,0.15000000596046448,4,27,8,1,387
19,60,103,28.086271286010742,27.77444839477539,2.3413496017456055,0.0,0.15000000596046448,4,27,8,1,392
19,60,104,28.086271286010742,27.77444839477539,2.3413496017456055,0.0,0.15000000596046448,4,27,8,1,398
19,60,105,28.086271286010742,27.77444839477539,2.3413496017456055,0.0,0.15000000596046448,4,27,8,1,407
19,60,106,28.086271286010742,27.77444839477539,2.3413496017456055,0.0,0.15000000596046448,4,27,8,1,416
19,60,107,28.086271286010742,27.77444839477539,2.3413496017456055,0.0,0.15000000596046448,4,27,8,1,418
19,60,108,28.086271286010742,27.77444839477539,2.3413496017456055,0.0,0.15000000596046448,4,27,8,1,422
19,60,109,28.086271286010742,27.77444839477539,2.3413496017456055,0.0,0.15000000596046448,4,27,8,1,423
19,60,110,28.086271286010742,27.77444839477539,2.3413496017456055,0.0,0.15000000596046448,4,27,8,1,429
19,60,111,28.086271286010742,27.77444839477539,2.3413496017456055,0.0,0.15000000596046448,4,27,8,1,433
19,60,112,28.086271286010742,27.77444839477539,2.3413496017456055,0.0,0.15000000596046448,4,27,8,1,437
19,60,113,28.086271286010742,27.77444839477539,2.3413496017456055,0.0,0.15000000596046448,4,27,8,1,444
19,60,114,27.883729934692383,27.80297088623047,2.3811309337615967,0.0,0.10000000149011612,4,27,8,1,449
19,60,115,28.029006958007812,27.77162742614746,2.336289644241333,0.0,0.10000000149011612,4,27,8,1,454
19,60,116,28.029006958007812,27.77162742614746,2.336289644241333,0.0,0.10000000149011612,4,27,8,1,457
19,60,117,28.029006958007812,27.77162742614746,2.336289644241333,0.0,0.10000000149011612,4,27,8,1,463
19,60,118,28.029006958007812,27.77162742614746,2.336289644241333,0.0,0.10000000149011612,4,27,8,1,465
19,60,119,28.029006958007812,27.77162742614746,2.336289644241333,0.0,0.10000000149011612,4,27,8,1,469
19,60,120,28.029006958007812,27.77162742614746,2.336289644241333,0.0,0.10000000149011612,4,27,8,1,474
19,60,121,28.029006958007812,27.77162742614746,2.336289644241333,0.0,0.10000000149011612,4,27,8,1,486
19,60,122,28.029006958007812,27.77162742614746,2.336289644241333,0.0,0.10000000149011612,4,27,8,1,491
19,60,123,27.826995849609375,27.800048828125,2.375983953475952,0.0,0.05000000074505806,4,27,8,1,496
19,60,124,27.9716854095459,27.768814086914062,2.3313403129577637,0.0,0.05000000074505806,4,27,8,1,505
19,60,125,27.770336151123047,27.797117233276367,2.3709373474121094,0.0,0.0,4,27,8,1,512
19,60,126,27.91438865661621,27.766014099121094,2.3265156745910645,0.0,0.0,4,27,8,1,519
19,60,127,27.91438865661621,27.766014099121094,2.3265156745910645,0.0,0.0,4,27,8,1,524
19,60,128,27.91438865661621,27.766014099121094,2.3265156745910645,0.0,0.0,4,27,8,1,529
19,60,129,27.91438865661621,27.766014099121094,2.3265156745910645,0.0,0.0,4,27,8,1,534
19,60,130,27.91438865661621,27.766014099121094,2.3265156745910645,0.0,0.0,4,27,8,1,541
19,60,131,27.91438865661621,27.766014099121094,2.3265156745910645,0.0,0.0,4,27,8,1,549
19,60,132,27.91438865661621,27.766014099121094,2.3265156745910645,0.0,0.0,4,27,8,1,552
19,60,133,27.91438865661621,27.766014099121094,2.3265156745910645,0.0,0.0,4,27,8,1,560
19,60,134,27.91438865661621,27.766014099121094,2.3265156745910645,0.0,0.0,4,27,8,1,566
19,60,135,27.91438865661621,27.766014099121094,2.3265156745910645,0.0,0.0,4,27,8,1,574
19,60,136,27.91438865661621,27.766014099121094,2.3265156745910645,0.0,0.0,4,27,8,1,584
19,60,137,27.91438865661621,27.766014099121094,2.3265156745910645,0.0,0.0,4,27,8,1,587
19,60,138,27.91438865661621,27.766014099121094,2.3265156745910645,0.0,0.0,4,27,8,1,591
19,60,139,27.91438865661621,27.766014099121094,2.3265156745910645,0.0,0.0,4,27,8,1,597
19,60,140,27.91438865661621,27.766014099121094,2.3265156745910645,0.0,0.0,4,27,8,1,598
19,60,141,27.91438865661621,27.766014099121094,2.3265156745910645,0.0,0.0,4,27,8,1,602
19,60,142,27.91438865661621,27.766014099121094,2.3265156745910645,0.0,0.0,4,27,8,1,603
19,60,143,27.91438865661621,27.766014099121094,2.3265156745910645,0.0,0.0,4,27,8,1,608
19,60,144,27.91438865661621,27.766014099121094,2.3265156745910645,0.0,0.0,4,27,8,1,609
19,60,145,27.91438865661621,27.766014099121094,2.3265156745910645,0.0,0.0,4,27,8,1,614
19,60,146,27.91438865661621,27.766014099121094,2.3265156745910645,0.0,0.0,4,27,8,1,618
19,60,147,27.91438865661621,27.766014099121094,2.3265156745910645,0.0,0.0,4,27,8,1,622
19,60,148,27.91438865661621,27.766014099121094,2.3265156745910645,0.0,0.0,4,27,8,1,623
19,60,149,27.91438865661621,27.766014099121094,2.3265156745910645,0.0,0.0,4,27,8,1,630
19,60,150,27.91438865661621,27.766014099121094,2.3265156745910645,0.0,0.0,4,27,9,0,633
20,61,1,28.166776657104492,27.103271484375,3.44523024559021,0.05000000074505806,1.0,0,0,0,40,3
20,61,2,28.906494140625,27.82667350769043,2.434173822402954,0.05000000074505806,1.0,0,0,0,40,3
20,61,3,28.906494140625,27.82667350769043,2.434173822402954,0.05000000074505806,1.0,0,0,0,40,4
20,61,4,28.906494140625,27.82667350769043,2.434173822402954,0.05000000074505806,1.0,0,1,0,39,5
20,61,5,28.906494140625,27.82667350769043,2.434173822402954,0.05000000074505806,1.0,0,1,0,39,6
20,61,6,28.906494140625,27.82667350769043,2.434173822402954,0.05000000074505806,1.0,0,1,0,39,7
20,61,7,28.906494140625,27.82667350769043,2.434173822402954,0.05000000074505806,1.0,0,1,0,39,8
20,61,8,28.906494140625,27.82667350769043,2.434173822402954,0.05000000074505806,1.0,0,2,0,38,10
20,61,9,28.906494140625,27.82667350769043,2.434173822402954,0.05000000074505806,1.0,0,2,0,38,12
20,61,10,28.906494140625,27.82667350769043,2.434173822402954,0.05000000074505806,1.0,0,2,0,38,14
20,61,11,28.95634651184082,27.716646194458008,2.5713422298431396,0.0,1.0,0,3,0,37,15
20,61,12,28.978116989135742,27.8231258392334,2.4286580085754395,0.0,1.0,1,3,0,36,18
20,61,13,28.978116989135742,27.8231258392334,2.4286580085754395,0.0,1.0,1,3,0,36,19
20,61,14,28.978116989135742,27.8231258392334,2.4286580085754395,0.0,1.0,1,4,0,35,19
20,61,15,28.978116989135742,27.8231258392334,2.4286580085754395,0.0,1.0,2,7,0,31,22
20,61,16,28.978116989135742,27.8231258392334,2.4286580085754395,0.0,1.0,2,7,0,31,27
20,61,17,28.978116989135742,27.8231258392334,2.4286580085754395,0.0,1.0,2,9,0,29,28
20,61,18,28.978116989135742,27.8231258392334,2.4286580085754395,0.0,1.0,2,9,0,29,30
20,61,19,28.978116989135742,27.8231258392334,2.4286580085754395,0.0,1.0,2,10,0,28,32
20,61,20,28.978116989135742,27.8231258392334,2.4286580085754395,0.0,1.0,2,11,0,27,35
20,61,21,28.978116989135742,27.8231258392334,2.4286580085754395,0.0,1.0,2,11,0,27,38
20,61,22,28.978116989135742,27.8231258392334,2.4286580085754395,0.0,1.0,2,11,0,27,40
20,61,23,28.978116989135742,27.8231258392334,2.4286580085754395,0.0,1.0,2,12,0,26,42
20,61,24,28.978116989135742,27.8231258392334,2.4286580085754395,0.0,1.0,2,14,0,24,44
20,61,25,28.978116989135742,27.8231258392334,2.4286580085754395,0.0,1.0,2,14,0,24,45
20,61,26,28.978116989135742,27.8231258392334,2.4286580085754395,0.0,1.0,2,15,0,23,47
20,61,27,28.978116989135742,27.8231258392334,2.4286580085754395,0.0,1.0,2,15,1,22,49
20,61,28,28.978116989135742,27.8231258392334,2.4286580085754395,0.0,1.0,2,15,1,22,51
20,61,29,28.978116989135742,27.8231258392334,2.4286580085754395,0.0,1.0,2,16,1,21,54
20,61,30,28.978116989135742,27.8231258392334,2.4286580085754395,0.0,1.0,2,16,2,20,57
20,61,31,28.978116989135742,27.8231258392334,2.4286580085754395,0.0,1.0,2,17,2,19,60
20,61,32,28.978116989135742,27.8231258392334,2.4286580085754395,0.0,1.0,2,19,2,17,61
20,61,33,28.978116989135742,27.8231258392334,2.4286580085754395,0.0,1.0,2,19,2,17,65
20,61,34,28.978116989135742,27.8231258392334,2.4286580085754395,0.0,1.0,2,21,3,14,72
20,61,35,28.978116989135742,27.8231258392334,2.4286580085754395,0.0,1.0,2,21,3,14,75
20,61,36,28.978116989135742,27.8231258392334,2.4286580085754395,0.0,1.0,2,21,4,13,78
20,61,37,28.978116989135742,27.8231258392334,2.4286580085754395,0.0,1.0,2,22,4,12,82
20,61,38,28.978116989135742,27.8231258392334,2.4286580085754395,0.0,1.0,2,22,4,12,85
20,61,39,28.978116989135742,27.8231258392334,2.4286580085754395,0.0,1.0,2,22,4,12,89
20,61,40,28.978116989135742,27.8231258392334,2.4286580085754395,0.0,1.0,2,22,4,12,93
20,61,41,28.978116989135742,27.8231258392334,2.4286580085754395,0.0,1.0,2,25,4,9,94
20,61,42,28.978116989135742,27.8231258392334,2.4286580085754395,0.0,1.0,2,26,4,8,97
20,61,43,28.978116989135742,27.8231258392334,2.4286580085754395,0.0,1.0,2,26,4,8,99
20,61,44,28.978116989135742,27.8231258392334,2.4286580085754395,0.0,1.0,2,26,4,8,103
20,61,45,28.978116989135742,27.8231258392334,2.4286580085754395,0.0,1.0,2,26,4,8,106
20,61,46,28.978116989135742,27.8231258392334,2.4286580085754395,0.0,1.0,2,26,4,8,106
20,61,47,28.978116989135742,27.8231258392334,2.4286580085754395,0.0,1.0,2,27,4,7,108
20,61,48,28.978116989135742,27.8231258392334,2.4286580085754395,0.0,1.0,2,27,4,7,109
20,61,49,28.978116989135742,27.8231258392334,2.4286580085754395,0.0,1.0,2,27,4,7,112
20,61,50,28.978116989135742,27.8231258392334,2.4286580085754395,0.0,1.0,2,28,4,6,115
20,61,51,28.78670310974121,27.85011863708496,2.468353509902954,0.0,0.949999988079071,2,28,4,6,117
20,61,52,28.932601928710938,27.82027816772461,2.424129009246826,0.0,0.949999988079071,2,28,4,6,117
20,61,53,28.932601928710938,27.82027816772461,2.424129009246826,0.0,0.949999988079071,2,28,4,6,119
20,61,54,28.739660263061523,27.847503662109375,2.4639103412628174,0.0,0.8999999761581421,2,28,4,6,119
20,61,55,28.886016845703125,27.81742286682129,2.4194657802581787,0.0,0.8999999761581421,2,28,4,6,121
20,61,56,28.886016845703125,27.81742286682129,2.4194657802581787,0.0,0.8999999761581421,2,28,4,6,122
20,61,57,28.886016845703125,27.81742286682129,2.4194657802581787,0.0,0.8999999761581421,2,29,4,5,122
20,61,58,28.886016845703125,27.81742286682129,2.4194657802581787,0.0,0.8999999761581421,2,29,4,5,127
20,61,59,28.691627502441406,27.84486961364746,2.459322929382324,0.0,0.8500000238418579,2,29,4,5,130
20,61,60,28.83838653564453,27.814558029174805,2.4146761894226074,0.0,0.8500000238418579,2,29,4,5,131
20,61,61,28.83838653564453,27.814558029174805,2.4146761894226074,0.0,0.8500000238418579,2,29,4,5,133
20,61,62,28.83838653564453,27.814558029174805,2.4146761894226074,0.0,0.8500000238418579,2,29,4,5,135
20,61,63,28.83838653564453,27.814558029174805,2.4146761894226074,0.0,0.8500000238418579,2,30,4,4,135
20,61,64,28.83838653564453,27.814558029174805,2.4146761894226074,0.0,0.8500000238418579,2,30,4,4,137
20,61,65,28.64263153076172,27.842212677001953,2.454598903656006,0.0,0.800000011920929,2,31,4,3,140
20,61,66,28.789737701416016,27.811689376831055,2.409769058227539,0.0,0.800000011920929,2,31,4,3,144
20,61,67,28.789737701416016,27.811689376831055,2.409769058227539,0.0,0.800000011920929,2,31,4,3,147
20,61,68,28.789737701416016,27.811689376831055,2.409769058227539,0.0,0.800000011920929,2,31,4,3,149
20,61,69,28.592710494995117,27.83953285217285,2.449747085571289,0.0,0.75,2,31,4,3,152
20,61,70,28.541898727416992,27.836833953857422,2.4447779655456543,0.0,0.699999988079071,2,32,4,2,153
20,61,71,28.689512252807617,27.805940628051758,2.3996448516845703,0.0,0.699999988079071,2,32,4,2,157
20,61,72,28.490245819091797,27.83411407470703,2.4397029876708984,0.0,0.6499999761581421,2,32,4,2,160
20,61,73,28.638017654418945,27.803062438964844,2.394451856613159,0.0,0.6499999761581421,2,32,4,2,164
20,61,74,28.638017654418945,27.803062438964844,2.394451856613159,0.0,0.6499999761581421,2,32,4,2,167
20,61,75,28.638017654418945,27.803062438964844,2.394451856613159,0.0,0.6499999761581421,2,32,4,2,169
20,61,76,28.638017654418945,27.803062438964844,2.394451856613159,0.0,0.6499999761581421,2,32,4,2,174
20,61,77,28.638017654418945,27.803062438964844,2.394451856613159,0.0,0.6499999761581421,2,32,4,2,177
20,61,78,28.638017654418945,27.803062438964844,2.394451856613159,0.0,0.6499999761581421,2,32,4,2,181
20,61,79,28.43779754638672,27.831375122070312,2.434535264968872,0.0,0.6000000238418579,2,32,4,2,182
20,61,80,28.585664749145508,27.80018424987793,2.3891892433166504,0.0,0.6000000238418579,2,32,4,2,187
20,61,81,28.384611129760742,27.82861328125,2.429287910461426,0.0,0.550000011920929,2,32,4,2,189
20,61,82,28.532506942749023,27.797306060791016,2.3838725090026855,0.0,0.550000011920929,2,32,4,2,190
20,61,83,28.532506942749023,27.797306060791016,2.3838725090026855,0.0,0.550000011920929,2,32,4,2,191
20,61,84,28.532506942749023,27.797306060791016,2.3838725090026855,0.0,0.550000011920929,2,32,4,2,193
20,61,85,28.532506942749023,27.797306060791016,2.3838725090026855,0.0,0.550000011920929,2,32,4,2,196
20,61,86,28.532506942749023,27.797306060791016,2.3838725090026855,0.0,0.550000011920929,2,32,4,2,199
20,61,87,28.532506942749023,27.797306060791016,2.3838725090026855,0.0,0.550000011920929,2,33,4,1,202
20,61,88,28.532506942749023,27.797306060791016,2.3838725090026855,0.0,0.550000011920929,2,33,4,1,207
20,61,89,28.532506942749023,27.797306060791016,2.3838725090026855,0.0,0.550000011920929,2,33,4,1,210
20,61,90,28.532506942749023,27.797306060791016,2.3838725090026855,0.0,0.550000011920929,2,33,4,1,213
20,61,91,28.532506942749023,27.797306060791016,2.3838725090026855,0.0,0.550000011920929,2,33,4,1,213
20,61,92,28.532506942749023,27.797306060791016,2.3838725090026855,0.0,0.550000011920929,2,34,4,0,214
21,62,1,28.09886932373047,27.106313705444336,3.451124668121338,0.15000000596046448,1.0,0,0,0,40,1
21,62,2,28.75908851623535,27.833782196044922,2.4452786445617676,0.15000000596046448,1.0,0,2,0,38,2
21,62,3,28.75908851623535,27.833782196044922,2.4452786445617676,0.15000000596046448,1.0,0,2,0,38,3
21,62,4,28.812503814697266,27.722909927368164,2.583522319793701,0.10000000149011612,1.0,1,2,0,37,5
21,62,5,28.83346176147461,27.83022689819336,2.4397149085998535,0.10000000149011612,1.0,1,3,0,36,5
21,62,6,28.83346176147461,27.83022689819336,2.4397149085998535,0.10000000149011612,1.0,1,3,0,36,6
21,62,7,28.83346176147461,27.83022689819336,2.4397149085998535,0.10000000149011612,1.0,1,4,0,35,7
21,62,8,28.83346176147461,27.83022689819336,2.4397149085998535,0.10000000149011612,1.0,1,5,0,34,9
21,62,9,28.885112762451172,27.719757080078125,2.577442169189453,0.05000000074505806,1.0,1,5,0,34,13
21,62,10,28.906494140625,27.82667350769043,2.434173822402954,0.05000000074505806,1.0,1,5,0,34,15
21,62,11,28.95634651184082,27.716646194458008,2.5713422298431396,0.0,1.0,1,6,0,33,17
21,62,12,28.978116989135742,27.8231258392334,2.4286580085754395,0.0,1.0,1,6,0,33,20
21,62,13,28.978116989135742,27.8231258392334,2.4286580085754395,0.0,1.0,1,8,0,31,24
21,62,14,28.978116989135742,27.8231258392334,2.4286580085754395,0.0,1.0,1,8,0,31,26
21,62,15,28.978116989135742,27.8231258392334,2.4286580085754395,0.0,1.0,1,9,2,28,29
21,62,16,28.978116989135742,27.8231258392334,2.4286580085754395,0.0,1.0,1,9,2,28,30
21,62,17,28.978116989135742,27.8231258392334,2.4286580085754395,0.0,1.0,1,9,2,28,31
21,62,18,28.978116989135742,27.8231258392334,2.4286580085754395,0.0,1.0,1,9,2,28,32
21,62,19,28.978116989135742,27.8231258392334,2.4286580085754395,0.0,1.0,1,12,2,25,37
21,62,20,28.978116989135742,27.8231258392334,2.4286580085754395,0.0,1.0,1,12,2,25,39
21,62,21,28.978116989135742,27.8231258392334,2.4286580085754395,0.0,1.0,1,12,3,24,47
21,62,22,28.978116989135742,27.8231258392334,2.4286580085754395,0.0,1.0,1,12,3,24,50
21,62,23,28.978116989135742,27.8231258392334,2.4286580085754395,0.0,1.0,1,12,3,24,54
21,62,24,28.978116989135742,27.8231258392334,2.4286580085754395,0.0,1.0,1,13,4,22,60
21,62,25,28.978116989135742,27.8231258392334,2.4286580085754395,0.0,1.0,1,13,4,22,64
21,62,26,28.978116989135742,27.8231258392334,2.4286580085754395,0.0,1.0,1,14,4,21,70
21,62,27,28.978116989135742,27.8231258392334,2.4286580085754395,0.0,1.0,1,15,4,20,72
21,62,28,28.978116989135742,27.8231258392334,2.4286580085754395,0.0,1.0,1,15,4,20,73
21,62,29,28.978116989135742,27.8231258392334,2.4286580085754395,0.0,1.0,1,15,4,20,77
21,62,30,28.978116989135742,27.8231258392334,2.4286580085754395,0.0,1.0,1,15,4,20,82
21,62,31,28.978116989135742,27.8231258392334,2.4286580085754395,0.0,1.0,1,15,4,20,84
21,62,32,28.978116989135742,27.8231258392334,2.4286580085754395,0.0,1.0,1,15,4,20,85
21,62,33,28.978116989135742,27.8231258392334,2.4286580085754395,0.0,1.0,1,15,4,20,87
21,62,34,28.978116989135742,27.8231258392334,2.4286580085754395,0.0,1.0,1,15,4,20,89
21,62,35,28.978116989135742,27.8231258392334,2.4286580085754395,0.0,1.0,1,15,4,20,93
21,62,36,28.978116989135742,27.8231258392334,2.4286580085754395,0.0,1.0,1,15,4,20,95
21,62,37,28.978116989135742,27.8231258392334,2.4286580085754395,0.0,1.0,1,16,4,19,97
21,62,38,28.978116989135742,27.8231258392334,2.4286580085754395,0.0,1.0,1,16,4,19,100
21,62,39,28.978116989135742,27.8231258392334,2.4286580085754395,0.0,1.0,1,16,4,19,100
21,62,40,28.978116989135742,27.8231258392334,2.4286580085754395,0.0,1.0,1,16,4,19,104
21,62,41,28.978116989135742,27.8231258392334,2.4286580085754395,0.0,1.0,1,16,4,19,105
21,62,42,28.978116989135742,27.8231258392334,2.4286580085754395,0.0,1.0,1,17,4,18,107
21,62,43,28.978116989135742,27.8231258392334,2.4286580085754395,0.0,1.0,1,17,4,18,109
21,62,44,28.978116989135742,27.8231258392334,2.4286580085754395,0.0,1.0,1,17,4,18,111
21,62,45,28.978116989135742,27.8231258392334,2.4286580085754395,0.0,1.0,1,17,4,18,111
21,62,46,28.978116989135742,27.8231258392334,2.4286580085754395,0.0,1.0,1,18,4,17,115
21,62,47,28.978116989135742,27.8231258392334,2.4286580085754395,0.0,1.0,1,18,4,17,119
21,62,48,28.978116989135742,27.8231258392334,2.4286580085754395,0.0,1.0,1,18,4,17,120
21,62,49,28.978116989135742,27.8231258392334,2.4286580085754395,0.0,1.0,1,19,4,16,121
21,62,50,28.978116989135742,27.8231258392334,2.4286580085754395,0.0,1.0,1,20,4,15,121
21,62,51,28.978116989135742,27.8231258392334,2.4286580085754395,0.0,1.0,1,21,4,14,122
21,62,52,28.978116989135742,27.8231258392334,2.4286580085754395,0.0,1.0,1,22,4,13,123
21,62,53,28.978116989135742,27.8231258392334,2.4286580085754395,0.0,1.0,1,22,4,13,126
21,62,54,28.978116989135742,27.8231258392334,2.4286580085754395,0.0,1.0,1,22,4,13,128
21,62,55,28.978116989135742,27.8231258392334,2.4286580085754395,0.0,1.0,1,23,4,12,128
21,62,56,28.978116989135742,27.8231258392334,2.4286580085754395,0.0,1.0,1,23,4,12,130
21,62,57,28.978116989135742,27.8231258392334,2.4286580085754395,0.0,1.0,1,23,4,12,134
21,62,58,28.978116989135742,27.8231258392334,2.4286580085754395,0.0,1.0,1,24,4,11,136
21,62,59,28.78670310974121,27.85011863708496,2.468353509902954,0.0,0.949999988079071,1,25,4,10,138
21,62,60,28.932601928710938,27.82027816772461,2.424129009246826,0.0,0.949999988079071,1,25,4,10,142
21,62,61,28.739660263061523,27.847503662109375,2.4639103412628174,0.0,0.8999999761581421,1,26,4,9,144
21,62,62,28.886016845703125,27.81742286682129,2.4194657802581787,0.0,0.8999999761581421,1,28,4,7,148
21,62,63,28.886016845703125,27.81742286682129,2.4194657802581787,0.0,0.8999999761581421,1,28,4,7,151
21,62,64,28.691627502441406,27.84486961364746,2.459322929382324,0.0,0.8500000238418579,1,28,4,7,154
21,62,65,28.64263153076172,27.842212677001953,2.454598903656006,0.0,0.800000011920929,1,28,4,7,158
21,62,66,28.592710494995117,27.83953285217285,2.449747085571289,0.0,0.75,1,28,4,7,159
21,62,67,28.74009895324707,27.80881690979004,2.404754877090454,0.0,0.75,1,28,4,7,166
21,62,68,28.541898727416992,27.836833953857422,2.4447779655456543,0.0,0.699999988079071,1,29,4,6,170
21,62,69,28.689512252807617,27.805940628051758,2.3996448516845703,0.0,0.699999988079071,1,29,4,6,176
21,62,70,28.689512252807617,27.805940628051758,2.3996448516845703,0.0,0.699999988079071,1,29,4,6,179
21,62,71,28.689512252807617,27.805940628051758,2.3996448516845703,0.0,0.699999988079071,1,29,4,6,186
21,62,72,28.689512252807617,27.805940628051758,2.3996448516845703,0.0,0.699999988079071,1,29,4,6,189
21,62,73,28.689512252807617,27.805940628051758,2.3996448516845703,0.0,0.699999988079071,1,30,4,5,197
21,62,74,28.490245819091797,27.83411407470703,2.4397029876708984,0.0,0.6499999761581421,1,30,4,5,200
21,62,75,28.638017654418945,27.803062438964844,2.394451856613159,0.0,0.6499999761581421,1,30,4,5,208
21,62,76,28.43779754638672,27.831375122070312,2.434535264968872,0.0,0.6000000238418579,1,30,4,5,212
21,62,77,28.384611129760742,27.82861328125,2.429287910461426,0.0,0.550000011920929,1,30,4,5,219
21,62,78,28.330745697021484,27.825834274291992,2.423976421356201,0.0,0.5,1,31,4,4,224
21,62,79,28.478605270385742,27.794431686401367,2.378516674041748,0.0,0.5,1,31,4,4,231
21,62,80,28.478605270385742,27.794431686401367,2.378516674041748,0.0,0.5,1,31,4,4,237
21,62,81,28.478605270385742,27.794431686401367,2.378516674041748,0.0,0.5,1,32,4,3,240
21,62,82,28.478605270385742,27.794431686401367,2.378516674041748,0.0,0.5,1,32,4,3,245
21,62,83,28.478605270385742,27.794431686401367,2.378516674041748,0.0,0.5,1,32,4,3,248
21,62,84,28.478605270385742,27.794431686401367,2.378516674041748,0.0,0.5,1,32,4,3,249
21,62,85,28.478605270385742,27.794431686401367,2.378516674041748,0.0,0.5,1,32,4,3,251
21,62,86,28.478605270385742,27.794431686401367,2.378516674041748,0.0,0.5,1,32,4,3,253
21,62,87,28.478605270385742,27.794431686401367,2.378516674041748,0.0,0.5,1,32,4,3,258
21,62,88,28.276264190673828,27.823036193847656,2.4186158180236816,0.0,0.44999998807907104,1,32,4,3,261
21,62,89,28.424020767211914,27.79155921936035,2.373138189315796,0.0,0.44999998807907104,1,33,4,2,267
21,62,90,28.221233367919922,27.820219039916992,2.4132227897644043,0.0,0.4000000059604645,1,33,4,2,270
21,62,91,28.368824005126953,27.7886905670166,2.3677542209625244,0.0,0.4000000059604645,1,33,4,2,272
21,62,92,28.368824005126953,27.7886905670166,2.3677542209625244,0.0,0.4000000059604645,1,33,4,2,277
21,62,93,28.165727615356445,27.8173828125,2.4078140258789062,0.0,0.3499999940395355,1,33,4,2,280
21,62,94,28.313085556030273,27.785829544067383,2.3623814582824707,0.0,0.3499999940395355,1,33,4,2,283
21,62,95,28.109819412231445,27.814531326293945,2.4024062156677246,0.0,0.30000001192092896,1,34,4,1,286
21,62,96,28.256881713867188,27.78297233581543,2.3570375442504883,0.0,0.30000001192092896,1,34,4,1,289
21,62,97,28.053585052490234,27.811662673950195,2.397017002105713,0.0,0.25,1,34,4,1,291
21,62,98,27.997106552124023,27.808778762817383,2.3916635513305664,0.0,0.20000000298023224,1,34,4,1,296
21,62,99,28.14339256286621,27.777280807495117,2.3465049266815186,0.0,0.20000000298023224,1,34,4,1,297
21,62,100,28.14339256286621,27.777280807495117,2.3465049266815186,0.0,0.20000000298023224,1,34,4,1,297
21,62,101,28.14339256286621,27.777280807495117,2.3465049266815186,0.0,0.20000000298023224,1,34,4,1,303
21,62,102,28.14339256286621,27.777280807495117,2.3465049266815186,0.0,0.20000000298023224,1,35,4,0,308
22,63,1,28.132909774780273,27.104772567749023,3.4482035636901855,0.10000000149011612,1.0,0,0,0,40,2
22,63,2,28.83346176147461,27.83022689819336,2.4397149085998535,0.10000000149011612,1.0,1,0,0,39,2
22,63,3,28.83346176147461,27.83022689819336,2.4397149085998535,0.10000000149011612,1.0,1,0,0,39,2
22,63,4,28.83346176147461,27.83022689819336,2.4397149085998535,0.10000000149011612,1.0,1,0,0,39,2
22,63,5,28.83346176147461,27.83022689819336,2.4397149085998535,0.10000000149011612,1.0,1,0,0,39,4
22,63,6,28.83346176147461,27.83022689819336,2.4397149085998535,0.10000000149011612,1.0,1,0,0,39,4
22,63,7,28.83346176147461,27.83022689819336,2.4397149085998535,0.10000000149011612,1.0,1,3,0,36,6
22,63,8,28.885112762451172,27.719757080078125,2.577442169189453,0.05000000074505806,1.0,1,3,1,35,8
22,63,9,28.906494140625,27.82667350769043,2.434173822402954,0.05000000074505806,1.0,1,3,1,35,11
22,63,10,28.95634651184082,27.716646194458008,2.5713422298431396,0.0,1.0,1,3,1,35,14
22,63,11,28.978116989135742,27.8231258392334,2.4286580085754395,0.0,1.0,1,4,1,34,17
22,63,12,28.978116989135742,27.8231258392334,2.4286580085754395,0.0,1.0,1,4,1,34,17
22,63,13,28.978116989135742,27.8231258392334,2.4286580085754395,0.0,1.0,1,5,1,33,22
22,63,14,28.978116989135742,27.8231258392334,2.4286580085754395,0.0,1.0,1,6,2,31,23
22,63,15,28.978116989135742,27.8231258392334,2.4286580085754395,0.0,1.0,1,7,3,29,27
22,63,16,28.978116989135742,27.8231258392334,2.4286580085754395,0.0,1.0,1,8,3,28,32
22,63,17,28.978116989135742,27.8231258392334,2.4286580085754395,0.0,1.0,1,8,3,28,36
22,63,18,28.978116989135742,27.8231258392334,2.4286580085754395,0.0,1.0,1,8,3,28,39
22,63,19,28.978116989135742,27.8231258392334,2.4286580085754395,0.0,1.0,1,8,3,28,39
22,63,20,28.978116989135742,27.8231258392334,2.4286580085754395,0.0,1.0,1,9,5,25,44
22,63,21,28.978116989135742,27.8231258392334,2.4286580085754395,0.0,1.0,1,9,5,25,49
22,63,22,28.978116989135742,27.8231258392334,2.4286580085754395,0.0,1.0,1,11,5,23,50
22,63,23,28.978116989135742,27.8231258392334,2.4286580085754395,0.0,1.0,1,13,5,21,52
22,63,24,28.978116989135742,27.8231258392334,2.4286580085754395,0.0,1.0,1,13,5,21,53
22,63,25,28.978116989135742,27.8231258392334,2.4286580085754395,0.0,1.0,1,13,5,21,55
22,63,26,28.978116989135742,27.8231258392334,2.4286580085754395,0.0,1.0,1,13,5,21,60
22,63,27,28.978116989135742,27.8231258392334,2.4286580085754395,0.0,1.0,1,13,5,21,63
22,63,28,28.978116989135742,27.8231258392334,2.4286580085754395,0.0,1.0,1,13,7,19,68
22,63,29,28.978116989135742,27.8231258392334,2.4286580085754395,0.0,1.0,1,13,7,19,71
22,63,30,28.978116989135742,27.8231258392334,2.4286580085754395,0.0,1.0,1,13,8,18,74
22,63,31,28.978116989135742,27.8231258392334,2.4286580085754395,0.0,1.0,1,13,8,18,74
22,63,32,28.978116989135742,27.8231258392334,2.4286580085754395,0.0,1.0,1,15,8,16,76
22,63,33,28.978116989135742,27.8231258392334,2.4286580085754395,0.0,1.0,1,16,8,15,76
22,63,34,28.978116989135742,27.8231258392334,2.4286580085754395,0.0,1.0,1,17,8,14,79
22,63,35,28.978116989135742,27.8231258392334,2.4286580085754395,0.0,1.0,1,17,8,14,80
22,63,36,28.978116989135742,27.8231258392334,2.4286580085754395,0.0,1.0,1,18,8,13,80
22,63,37,28.978116989135742,27.8231258392334,2.4286580085754395,0.0,1.0,1,18,8,13,81
22,63,38,28.978116989135742,27.8231258392334,2.4286580085754395,0.0,1.0,1,18,8,13,83
22,63,39,28.978116989135742,27.8231258392334,2.4286580085754395,0.0,1.0,1,18,8,13,85
22,63,40,28.978116989135742,27.8231258392334,2.4286580085754395,0.0,1.0,1,19,8,12,87
22,63,41,28.978116989135742,27.8231258392334,2.4286580085754395,0.0,1.0,1,19,8,12,92
22,63,42,28.978116989135742,27.8231258392334,2.4286580085754395,0.0,1.0,1,20,8,11,95
22,63,43,28.978116989135742,27.8231258392334,2.4286580085754395,0.0,1.0,1,20,8,11,96
22,63,44,28.978116989135742,27.8231258392334,2.4286580085754395,0.0,1.0,1,20,8,11,99
22,63,45,28.978116989135742,27.8231258392334,2.4286580085754395,0.0,1.0,1,21,8,10,100
22,63,46,28.978116989135742,27.8231258392334,2.4286580085754395,0.0,1.0,1,21,8,10,101
22,63,47,28.978116989135742,27.8231258392334,2.4286580085754395,0.0,1.0,1,21,8,10,102
22,63,48,28.978116989135742,27.8231258392334,2.4286580085754395,0.0,1.0,1,22,8,9,104
22,63,49,28.978116989135742,27.8231258392334,2.4286580085754395,0.0,1.0,1,22,8,9,107
22,63,50,28.978116989135742,27.8231258392334,2.4286580085754395,0.0,1.0,1,22,8,9,109
22,63,51,28.978116989135742,27.8231258392334,2.4286580085754395,0.0,1.0,1,22,8,9,110
22,63,52,28.978116989135742,27.8231258392334,2.4286580085754395,0.0,1.0,1,23,8,8,114
22,63,53,28.78670310974121,27.85011863708496,2.468353509902954,0.0,0.949999988079071,1,23,8,8,117
22,63,54,28.932601928710938,27.82027816772461,2.424129009246826,0.0,0.949999988079071,1,23,8,8,118
22,63,55,28.739660263061523,27.847503662109375,2.4639103412628174,0.0,0.8999999761581421,1,24,8,7,121
22,63,56,28.886016845703125,27.81742286682129,2.4194657802581787,0.0,0.8999999761581421,1,24,8,7,125
22,63,57,28.886016845703125,27.81742286682129,2.4194657802581787,0.0,0.8999999761581421,1,24,8,7,130
22,63,58,28.886016845703125,27.81742286682129,2.4194657802581787,0.0,0.8999999761581421,1,25,8,6,133
22,63,59,28.691627502441406,27.84486961364746,2.459322929382324,0.0,0.8500000238418579,1,25,8,6,134
22,63,60,28.83838653564453,27.814558029174805,2.4146761894226074,0.0,0.8500000238418579,1,26,8,5,137
22,63,61,28.83838653564453,27.814558029174805,2.4146761894226074,0.0,0.8500000238418579,1,26,8,5,138
22,63,62,28.83838653564453,27.814558029174805,2.4146761894226074,0.0,0.8500000238418579,1,26,8,5,143
22,63,63,28.64263153076172,27.842212677001953,2.454598903656006,0.0,0.800000011920929,1,26,8,5,149
22,63,64,28.592710494995117,27.83953285217285,2.449747085571289,0.0,0.75,1,27,8,4,151
22,63,65,28.74009895324707,27.80881690979004,2.404754877090454,0.0,0.75,1,27,8,4,155
22,63,66,28.74009895324707,27.80881690979004,2.404754877090454,0.0,0.75,1,27,8,4,157
22,63,67,28.74009895324707,27.80881690979004,2.404754877090454,0.0,0.75,1,28,8,3,163
22,63,68,28.541898727416992,27.836833953857422,2.4447779655456543,0.0,0.699999988079071,1,29,8,2,167
22,63,69,28.689512252807617,27.805940628051758,2.3996448516845703,0.0,0.699999988079071,1,29,8,2,170
22,63,70,28.689512252807617,27.805940628051758,2.3996448516845703,0.0,0.699999988079071,1,29,8,2,174
22,63,71,28.689512252807617,27.805940628051758,2.3996448516845703,0.0,0.699999988079071,1,29,8,2,176
22,63,72,28.689512252807617,27.805940628051758,2.3996448516845703,0.0,0.699999988079071,1,30,8,1,179
22,63,73,28.689512252807617,27.805940628051758,2.3996448516845703,0.0,0.699999988079071,1,30,8,1,184
22,63,74,28.490245819091797,27.83411407470703,2.4397029876708984,0.0,0.6499999761581421,1,30,8,1,186
22,63,75,28.638017654418945,27.803062438964844,2.394451856613159,0.0,0.6499999761581421,1,30,8,1,190
22,63,76,28.638017654418945,27.803062438964844,2.394451856613159,0.0,0.6499999761581421,1,30,8,1,195
22,63,77,28.638017654418945,27.803062438964844,2.394451856613159,0.0,0.6499999761581421,1,30,8,1,198
22,63,78,28.43779754638672,27.831375122070312,2.434535264968872,0.0,0.6000000238418579,1,30,8,1,208
22,63,79,28.384611129760742,27.82861328125,2.429287910461426,0.0,0.550000011920929,1,30,8,1,213
22,63,80,28.532506942749023,27.797306060791016,2.3838725090026855,0.0,0.550000011920929,1,30,8,1,221
22,63,81,28.532506942749023,27.797306060791016,2.3838725090026855,0.0,0.550000011920929,1,30,8,1,223
22,63,82,28.532506942749023,27.797306060791016,2.3838725090026855,0.0,0.550000011920929,1,30,8,1,227
22,63,83,28.532506942749023,27.797306060791016,2.3838725090026855,0.0,0.550000011920929,1,30,8,1,232
22,63,84,28.532506942749023,27.797306060791016,2.3838725090026855,0.0,0.550000011920929,1,30,8,1,239
22,63,85,28.330745697021484,27.825834274291992,2.423976421356201,0.0,0.5,1,30,8,1,242
22,63,86,28.478605270385742,27.794431686401367,2.378516674041748,0.0,0.5,1,31,8,0,246
23,64,1,28.166776657104492,27.103271484375,3.44523024559021,0.05000000074505806,1.0,0,0,0,40,3
23,64,2,28.906494140625,27.82667350769043,2.434173822402954,0.05000000074505806,1.0,0,0,0,40,3
23,64,3,28.906494140625,27.82667350769043,2.434173822402954,0.05000000074505806,1.0,0,0,0,40,3
23,64,4,28.906494140625,27.82667350769043,2.434173822402954,0.05000000074505806,1.0,0,0,0,40,3
23,64,5,28.906494140625,27.82667350769043,2.434173822402954,0.05000000074505806,1.0,2,1,0,37,3
23,64,6,28.906494140625,27.82667350769043,2.434173822402954,0.05000000074505806,1.0,2,1,0,37,3
23,64,7,28.906494140625,27.82667350769043,2.434173822402954,0.05000000074505806,1.0,2,1,0,37,5
23,64,8,28.906494140625,27.82667350769043,2.434173822402954,0.05000000074505806,1.0,3,1,0,36,5
23,64,9,28.906494140625,27.82667350769043,2.434173822402954,0.05000000074505806,1.0,3,1,0,36,6
23,64,10,28.906494140625,27.82667350769043,2.434173822402954,0.05000000074505806,1.0,3,1,0,36,8
23,64,11,28.906494140625,27.82667350769043,2.434173822402954,0.05000000074505806,1.0,4,1,0,35,12
23,64,12,28.906494140625,27.82667350769043,2.434173822402954,0.05000000074505806,1.0,4,2,0,34,13
23,64,13,28.906494140625,27.82667350769043,2.434173822402954,0.05000000074505806,1.0,4,2,0,34,15
23,64,14,28.906494140625,27.82667350769043,2.434173822402954,0.05000000074505806,1.0,4,2,0,34,18
23,64,15,28.95634651184082,27.716646194458008,2.5713422298431396,0.0,1.0,4,2,0,34,21
23,64,16,28.978116989135742,27.8231258392334,2.4286580085754395,0.0,1.0,4,3,0,33,24
23,64,17,28.978116989135742,27.8231258392334,2.4286580085754395,0.0,1.0,4,4,0,32,28
23,64,18,28.978116989135742,27.8231258392334,2.4286580085754395,0.0,1.0,4,5,0,31,30
23,64,19,28.978116989135742,27.8231258392334,2.4286580085754395,0.0,1.0,4,5,0,31,34
23,64,20,28.978116989135742,27.8231258392334,2.4286580085754395,0.0,1.0,4,5,0,31,37
23,64,21,28.978116989135742,27.8231258392334,2.4286580085754395,0.0,1.0,4,7,1,28,40
23,64,22,28.978116989135742,27.8231258392334,2.4286580085754395,0.0,1.0,4,7,1,28,41
23,64,23,28.978116989135742,27.8231258392334,2.4286580085754395,0.0,1.0,4,7,1,28,45
23,64,24,28.978116989135742,27.8231258392334,2.4286580085754395,0.0,1.0,4,9,2,25,49
23,64,25,28.978116989135742,27.8231258392334,2.4286580085754395,0.0,1.0,4,11,2,23,51
23,64,26,28.978116989135742,27.8231258392334,2.4286580085754395,0.0,1.0,4,14,2,20,53
23,64,27,28.978116989135742,27.8231258392334,2.4286580085754395,0.0,1.0,4,14,2,20,54
23,64,28,28.978116989135742,27.8231258392334,2.4286580085754395,0.0,1.0,4,14,2,20,57
23,64,29,28.978116989135742,27.8231258392334,2.4286580085754395,0.0,1.0,4,14,2,20,58
23,64,30,28.978116989135742,27.8231258392334,2.4286580085754395,0.0,1.0,4,15,2,19,64
23,64,31,28.978116989135742,27.8231258392334,2.4286580085754395,0.0,1.0,4,15,2,19,65
23,64,32,28.978116989135742,27.8231258392334,2.4286580085754395,0.0,1.0,4,15,2,19,67
23,64,33,28.978116989135742,27.8231258392334,2.4286580085754395,0.0,1.0,4,15,2,19,73
23,64,34,28.978116989135742,27.8231258392334,2.4286580085754395,0.0,1.0,4,15,2,19,78
23,64,35,28.978116989135742,27.8231258392334,2.4286580085754395,0.0,1.0,4,15,2,19,83
23,64,36,28.978116989135742,27.8231258392334,2.4286580085754395,0.0,1.0,4,15,2,19,86
23,64,37,28.978116989135742,27.8231258392334,2.4286580085754395,0.0,1.0,4,17,2,17,89
23,64,38,28.978116989135742,27.8231258392334,2.4286580085754395,0.0,1.0,4,19,2,15,91
23,64,39,28.78670310974121,27.85011863708496,2.468353509902954,0.0,0.949999988079071,4,19,2,15,95
23,64,40,28.932601928710938,27.82027816772461,2.424129009246826,0.0,0.949999988079071,4,19,3,14,102
23,64,41,28.739660263061523,27.847503662109375,2.4639103412628174,0.0,0.8999999761581421,4,19,3,14,104
23,64,42,28.886016845703125,27.81742286682129,2.4194657802581787,0.0,0.8999999761581421,4,21,3,12,107
23,64,43,28.886016845703125,27.81742286682129,2.4194657802581787,0.0,0.8999999761581421,4,21,3,12,108
23,64,44,28.886016845703125,27.81742286682129,2.4194657802581787,0.0,0.8999999761581421,4,21,3,12,114
23,64,45,28.886016845703125,27.81742286682129,2.4194657802581787,0.0,0.8999999761581421,4,21,3,12,116
23,64,46,28.886016845703125,27.81742286682129,2.4194657802581787,0.0,0.8999999761581421,4,21,3,12,121
23,64,47,28.691627502441406,27.84486961364746,2.459322929382324,0.0,0.8500000238418579,4,23,3,10,125
23,64,48,28.83838653564453,27.814558029174805,2.4146761894226074,0.0,0.8500000238418579,4,23,3,10,127
23,64,49,28.83838653564453,27.814558029174805,2.4146761894226074,0.0,0.8500000238418579,4,23,3,10,129
23,64,50,28.83838653564453,27.814558029174805,2.4146761894226074,0.0,0.8500000238418579,4,23,3,10,131
23,64,51,28.64263153076172,27.842212677001953,2.454598903656006,0.0,0.800000011920929,4,23,3,10,133
23,64,52,28.789737701416016,27.811689376831055,2.409769058227539,0.0,0.800000011920929,4,24,3,9,135
23,64,53,28.789737701416016,27.811689376831055,2.409769058227539,0.0,0.800000011920929,4,24,3,9,136
23,64,54,28.789737701416016,27.811689376831055,2.409769058227539,0.0,0.800000011920929,4,25,3,8,138
23,64,55,28.789737701416016,27.811689376831055,2.409769058227539,0.0,0.800000011920929,4,26,3,7,139
23,64,56,28.789737701416016,27.811689376831055,2.409769058227539,0.0,0.800000011920929,4,26,3,7,142
23,64,57,28.592710494995117,27.83953285217285,2.449747085571289,0.0,0.75,4,26,3,7,144
23,64,58,28.541898727416992,27.836833953857422,2.4447779655456543,0.0,0.699999988079071,4,26,3,7,147
23,64,59,28.490245819091797,27.83411407470703,2.4397029876708984,0.0,0.6499999761581421,4,26,3,7,156
23,64,60,28.638017654418945,27.803062438964844,2.394451856613159,0.0,0.6499999761581421,4,26,3,7,159
23,64,61,28.638017654418945,27.803062438964844,2.394451856613159,0.0,0.6499999761581421,4,26,3,7,162
23,64,62,28.638017654418945,27.803062438964844,2.394451856613159,0.0,0.6499999761581421,4,27,3,6,167
23,64,63,28.638017654418945,27.803062438964844,2.394451856613159,0.0,0.6499999761581421,4,28,3,5,169
23,64,64,28.638017654418945,27.803062438964844,2.394451856613159,0.0,0.6499999761581421,4,28,3,5,173
23,64,65,28.43779754638672,27.831375122070312,2.434535264968872,0.0,0.6000000238418579,4,28,3,5,176
23,64,66,28.585664749145508,27.80018424987793,2.3891892433166504,0.0,0.6000000238418579,4,29,3,4,182
23,64,67,28.585664749145508,27.80018424987793,2.3891892433166504,0.0,0.6000000238418579,4,29,3,4,189
23,64,68,28.384611129760742,27.82861328125,2.429287910461426,0.0,0.550000011920929,4,29,3,4,197
23,64,69,28.532506942749023,27.797306060791016,2.3838725090026855,0.0,0.550000011920929,4,29,3,4,201
23,64,70,28.532506942749023,27.797306060791016,2.3838725090026855,0.0,0.550000011920929,4,29,3,4,206
23,64,71,28.330745697021484,27.825834274291992,2.423976421356201,0.0,0.5,4,29,3,4,213
23,64,72,28.478605270385742,27.794431686401367,2.378516674041748,0.0,0.5,4,30,3,3,221
23,64,73,28.478605270385742,27.794431686401367,2.378516674041748,0.0,0.5,4,30,3,3,229
23,64,74,28.478605270385742,27.794431686401367,2.378516674041748,0.0,0.5,4,30,3,3,235
23,64,75,28.478605270385742,27.794431686401367,2.378516674041748,0.0,0.5,4,30,3,3,243
23,64,76,28.478605270385742,27.794431686401367,2.378516674041748,0.0,0.5,4,30,3,3,248
23,64,77,28.276264190673828,27.823036193847656,2.4186158180236816,0.0,0.44999998807907104,4,30,3,3,253
23,64,78,28.424020767211914,27.79155921936035,2.373138189315796,0.0,0.44999998807907104,4,30,3,3,256
23,64,79,28.424020767211914,27.79155921936035,2.373138189315796,0.0,0.44999998807907104,4,30,3,3,265
23,64,80,28.424020767211914,27.79155921936035,2.373138189315796,0.0,0.44999998807907104,4,30,3,3,271
23,64,81,28.424020767211914,27.79155921936035,2.373138189315796,0.0,0.44999998807907104,4,30,3,3,279
23,64,82,28.424020767211914,27.79155921936035,2.373138189315796,0.0,0.44999998807907104,4,30,3,3,285
23,64,83,28.221233367919922,27.820219039916992,2.4132227897644043,0.0,0.4000000059604645,4,30,3,3,294
23,64,84,28.165727615356445,27.8173828125,2.4078140258789062,0.0,0.3499999940395355,4,30,3,3,298
23,64,85,28.313085556030273,27.785829544067383,2.3623814582824707,0.0,0.3499999940395355,4,30,3,3,303
23,64,86,28.313085556030273,27.785829544067383,2.3623814582824707,0.0,0.3499999940395355,4,30,3,3,306
23,64,87,28.109819412231445,27.814531326293945,2.4024062156677246,0.0,0.30000001192092896,4,30,3,3,312
23,64,88,28.256881713867188,27.78297233581543,2.3570375442504883,0.0,0.30000001192092896,4,30,3,3,318
23,64,89,28.256881713867188,27.78297233581543,2.3570375442504883,0.0,0.30000001192092896,4,31,3,2,320
23,64,90,28.053585052490234,27.811662673950195,2.397017002105713,0.0,0.25,4,31,3,2,325
23,64,91,28.20029067993164,27.780122756958008,2.3517396450042725,0.0,0.25,4,31,3,2,332
23,64,92,28.20029067993164,27.780122756958008,2.3517396450042725,0.0,0.25,4,31,3,2,338
23,64,93,27.997106552124023,27.808778762817383,2.3916635513305664,0.0,0.20000000298023224,4,31,3,2,342
23,64,94,28.14339256286621,27.777280807495117,2.3465049266815186,0.0,0.20000000298023224,4,31,3,2,347
23,64,95,28.14339256286621,27.777280807495117,2.3465049266815186,0.0,0.20000000298023224,4,31,3,2,352
23,64,96,28.14339256286621,27.777280807495117,2.3465049266815186,0.0,0.20000000298023224,4,31,3,2,357
23,64,97,27.940460205078125,27.80588150024414,2.3863627910614014,0.0,0.15000000596046448,4,32,3,1,359
23,64,98,28.086271286010742,27.77444839477539,2.3413496017456055,0.0,0.15000000596046448,4,32,3,1,369
23,64,99,27.883729934692383,27.80297088623047,2.3811309337615967,0.0,0.10000000149011612,4,32,3,1,375
23,64,100,28.029006958007812,27.77162742614746,2.336289644241333,0.0,0.10000000149011612,4,32,3,1,379
23,64,101,28.029006958007812,27.77162742614746,2.336289644241333,0.0,0.10000000149011612,4,32,3,1,382
23,64,102,28.029006958007812,27.77162742614746,2.336289644241333,0.0,0.10000000149011612,4,32,3,1,389
23,64,103,28.029006958007812,27.77162742614746,2.336289644241333,0.0,0.10000000149011612,4,32,3,1,393
23,64,104,28.029006958007812,27.77162742614746,2.336289644241333,0.0,0.10000000149011612,4,32,3,1,400
23,64,105,27.826995849609375,27.800048828125,2.375983953475952,0.0,0.05000000074505806,4,32,3,1,406
23,64,106,27.9716854095459,27.768814086914062,2.3313403129577637,0.0,0.05000000074505806,4,32,3,1,413
23,64,107,27.770336151123047,27.797117233276367,2.3709373474121094,0.0,0.0,4,32,3,1,420
23,64,108,27.91438865661621,27.766014099121094,2.3265156745910645,0.0,0.0,4,32,3,1,424
23,64,109,27.91438865661621,27.766014099121094,2.3265156745910645,0.0,0.0,4,32,3,1,432
23,64,110,27.91438865661621,27.766014099121094,2.3265156745910645,0.0,0.0,4,32,3,1,441
23,64,111,27.91438865661621,27.766014099121094,2.3265156745910645,0.0,0.0,4,32,3,1,447
23,64,112,27.91438865661621,27.766014099121094,2.3265156745910645,0.0,0.0,4,32,3,1,449
23,64,113,27.91438865661621,27.766014099121094,2.3265156745910645,0.0,0.0,4,32,3,1,453
23,64,114,27.91438865661621,27.766014099121094,2.3265156745910645,0.0,0.0,4,32,3,1,458
23,64,115,27.91438865661621,27.766014099121094,2.3265156745910645,0.0,0.0,4,32,3,1,462
23,64,116,27.91438865661621,27.766014099121094,2.3265156745910645,0.0,0.0,4,32,3,1,466
23,64,117,27.91438865661621,27.766014099121094,2.3265156745910645,0.0,0.0,4,32,4,0,475
24,65,1,28.166776657104492,27.103271484375,3.44523024559021,0.05000000074505806,1.0,0,0,0,40,2
24,65,2,28.906494140625,27.82667350769043,2.434173822402954,0.05000000074505806,1.0,0,0,0,40,3
24,65,3,28.906494140625,27.82667350769043,2.434173822402954,0.05000000074505806,1.0,0,1,0,39,4
24,65,4,28.906494140625,27.82667350769043,2.434173822402954,0.05000000074505806,1.0,2,1,0,37,5
24,65,5,28.95634651184082,27.716646194458008,2.5713422298431396,0.0,1.0,2,1,0,37,6
24,65,6,28.978116989135742,27.8231258392334,2.4286580085754395,0.0,1.0,2,1,0,37,6
24,65,7,28.978116989135742,27.8231258392334,2.4286580085754395,0.0,1.0,2,1,0,37,8
24,65,8,28.978116989135742,27.8231258392334,2.4286580085754395,0.0,1.0,2,3,0,35,10
24,65,9,28.978116989135742,27.8231258392334,2.4286580085754395,0.0,1.0,2,4,0,34,12
24,65,10,28.978116989135742,27.8231258392334,2.4286580085754395,0.0,1.0,2,4,0,34,16
24,65,11,28.978116989135742,27.8231258392334,2.4286580085754395,0.0,1.0,2,4,0,34,16
24,65,12,28.978116989135742,27.8231258392334,2.4286580085754395,0.0,1.0,3,4,1,32,19
24,65,13,28.978116989135742,27.8231258392334,2.4286580085754395,0.0,1.0,3,4,1,32,21
24,65,14,28.978116989135742,27.8231258392334,2.4286580085754395,0.0,1.0,3,5,1,31,23
24,65,15,28.978116989135742,27.8231258392334,2.4286580085754395,0.0,1.0,3,5,1,31,25
24,65,16,28.978116989135742,27.8231258392334,2.4286580085754395,0.0,1.0,3,5,2,30,27
24,65,17,28.978116989135742,27.8231258392334,2.4286580085754395,0.0,1.0,3,5,5,27,31
24,65,18,28.978116989135742,27.8231258392334,2.4286580085754395,0.0,1.0,3,7,5,25,34
24,65,19,28.978116989135742,27.8231258392334,2.4286580085754395,0.0,1.0,3,7,6,24,38
24,65,20,28.978116989135742,27.8231258392334,2.4286580085754395,0.0,1.0,3,7,6,24,40
24,65,21,28.978116989135742,27.8231258392334,2.4286580085754395,0.0,1.0,3,8,6,23,46
24,65,22,28.978116989135742,27.8231258392334,2.4286580085754395,0.0,1.0,3,9,6,22,50
24,65,23,28.978116989135742,27.8231258392334,2.4286580085754395,0.0,1.0,3,9,6,22,52
24,65,24,28.978116989135742,27.8231258392334,2.4286580085754395,0.0,1.0,3,9,6,22,55
24,65,25,28.978116989135742,27.8231258392334,2.4286580085754395,0.0,1.0,3,11,6,20,59
24,65,26,28.978116989135742,27.8231258392334,2.4286580085754395,0.0,1.0,3,11,8,18,62
24,65,27,28.978116989135742,27.8231258392334,2.4286580085754395,0.0,1.0,3,13,8,16,64
24,65,28,28.978116989135742,27.8231258392334,2.4286580085754395,0.0,1.0,3,13,8,16,67
24,65,29,28.978116989135742,27.8231258392334,2.4286580085754395,0.0,1.0,3,13,8,16,70
24,65,30,28.978116989135742,27.8231258392334,2.4286580085754395,0.0,1.0,3,13,8,16,74
24,65,31,28.978116989135742,27.8231258392334,2.4286580085754395,0.0,1.0,3,13,8,16,74
24,65,32,28.978116989135742,27.8231258392334,2.4286580085754395,0.0,1.0,3,14,8,15,76
24,65,33,28.978116989135742,27.8231258392334,2.4286580085754395,0.0,1.0,3,14,8,15,76
24,65,34,28.978116989135742,27.8231258392334,2.4286580085754395,0.0,1.0,3,14,8,15,77
24,65,35,28.978116989135742,27.8231258392334,2.4286580085754395,0.0,1.0,3,14,8,15,80
24,65,36,28.978116989135742,27.8231258392334,2.4286580085754395,0.0,1.0,3,16,8,13,83
24,65,37,28.978116989135742,27.8231258392334,2.4286580085754395,0.0,1.0,3,16,8,13,88
24,65,38,28.978116989135742,27.8231258392334,2.4286580085754395,0.0,1.0,3,16,8,13,90
24,65,39,28.978116989135742,27.8231258392334,2.4286580085754395,0.0,1.0,3,16,8,13,95
24,65,40,28.978116989135742,27.8231258392334,2.4286580085754395,0.0,1.0,3,18,8,11,100
24,65,41,28.978116989135742,27.8231258392334,2.4286580085754395,0.0,1.0,3,20,8,9,103
24,65,42,28.978116989135742,27.8231258392334,2.4286580085754395,0.0,1.0,3,20,8,9,103
24,65,43,28.978116989135742,27.8231258392334,2.4286580085754395,0.0,1.0,3,21,8,8,105
24,65,44,28.78670310974121,27.85011863708496,2.468353509902954,0.0,0.949999988079071,3,22,8,7,109
24,65,45,28.932601928710938,27.82027816772461,2.424129009246826,0.0,0.949999988079071,3,22,8,7,114
24,65,46,28.739660263061523,27.847503662109375,2.4639103412628174,0.0,0.8999999761581421,3,23,8,6,115
24,65,47,28.886016845703125,27.81742286682129,2.4194657802581787,0.0,0.8999999761581421,3,23,8,6,116
24,65,48,28.886016845703125,27.81742286682129,2.4194657802581787,0.0,0.8999999761581421,3,24,8,5,118
24,65,49,28.886016845703125,27.81742286682129,2.4194657802581787,0.0,0.8999999761581421,3,24,8,5,120
24,65,50,28.886016845703125,27.81742286682129,2.4194657802581787,0.0,0.8999999761581421,3,24,8,5,122
24,65,51,28.886016845703125,27.81742286682129,2.4194657802581787,0.0,0.8999999761581421,3,24,8,5,124
24,65,52,28.886016845703125,27.81742286682129,2.4194657802581787,0.0,0.8999999761581421,3,24,8,5,125
24,65,53,28.886016845703125,27.81742286682129,2.4194657802581787,0.0,0.8999999761581421,3,24,8,5,127
24,65,54,28.886016845703125,27.81742286682129,2.4194657802581787,0.0,0.8999999761581421,3,25,8,4,127
24,65,55,28.886016845703125,27.81742286682129,2.4194657802581787,0.0,0.8999999761581421,3,25,8,4,128
24,65,56,28.886016845703125,27.81742286682129,2.4194657802581787,0.0,0.8999999761581421,3,25,8,4,131
24,65,57,28.691627502441406,27.84486961364746,2.459322929382324,0.0,0.8500000238418579,3,25,8,4,133
24,65,58,28.83838653564453,27.814558029174805,2.4146761894226074,0.0,0.8500000238418579,3,26,8,3,135
24,65,59,28.83838653564453,27.814558029174805,2.4146761894226074,0.0,0.8500000238418579,3,26,8,3,137
24,65,60,28.83838653564453,27.814558029174805,2.4146761894226074,0.0,0.8500000238418579,3,26,8,3,141
24,65,61,28.64263153076172,27.842212677001953,2.454598903656006,0.0,0.800000011920929,3,26,8,3,143
24,65,62,28.789737701416016,27.811689376831055,2.409769058227539,0.0,0.800000011920929,3,27,8,2,148
24,65,63,28.592710494995117,27.83953285217285,2.449747085571289,0.0,0.75,3,27,8,2,152
24,65,64,28.74009895324707,27.80881690979004,2.404754877090454,0.0,0.75,3,27,8,2,155
24,65,65,28.74009895324707,27.80881690979004,2.404754877090454,0.0,0.75,3,28,8,1,161
24,65,66,28.74009895324707,27.80881690979004,2.404754877090454,0.0,0.75,3,28,8,1,162
24,65,67,28.541898727416992,27.836833953857422,2.4447779655456543,0.0,0.699999988079071,3,28,8,1,165
24,65,68,28.689512252807617,27.805940628051758,2.3996448516845703,0.0,0.699999988079071,3,28,8,1,168
24,65,69,28.689512252807617,27.805940628051758,2.3996448516845703,0.0,0.699999988079071,3,28,8,1,169
24,65,70,28.689512252807617,27.805940628051758,2.3996448516845703,0.0,0.699999988079071,3,28,8,1,169
24,65,71,28.689512252807617,27.805940628051758,2.3996448516845703,0.0,0.699999988079071,3,28,8,1,171
24,65,72,28.490245819091797,27.83411407470703,2.4397029876708984,0.0,0.6499999761581421,3,28,8,1,174
24,65,73,28.638017654418945,27.803062438964844,2.394451856613159,0.0,0.6499999761581421,3,28,8,1,176
24,65,74,28.638017654418945,27.803062438964844,2.394451856613159,0.0,0.6499999761581421,3,28,8,1,180
24,65,75,28.638017654418945,27.803062438964844,2.394451856613159,0.0,0.6499999761581421,3,28,8,1,187
24,65,76,28.43779754638672,27.831375122070312,2.434535264968872,0.0,0.6000000238418579,3,28,8,1,193
24,65,77,28.384611129760742,27.82861328125,2.429287910461426,0.0,0.550000011920929,3,28,8,1,196
24,65,78,28.532506942749023,27.797306060791016,2.3838725090026855,0.0,0.550000011920929,3,28,8,1,199
24,65,79,28.532506942749023,27.797306060791016,2.3838725090026855,0.0,0.550000011920929,3,28,8,1,205
24,65,80,28.532506942749023,27.797306060791016,2.3838725090026855,0.0,0.550000011920929,3,28,8,1,210
24,65,81,28.330745697021484,27.825834274291992,2.423976421356201,0.0,0.5,3,28,8,1,215
24,65,82,28.478605270385742,27.794431686401367,2.378516674041748,0.0,0.5,3,28,8,1,218
24,65,83,28.478605270385742,27.794431686401367,2.378516674041748,0.0,0.5,3,28,8,1,222
24,65,84,28.478605270385742,27.794431686401367,2.378516674041748,0.0,0.5,3,28,8,1,228
24,65,85,28.478605270385742,27.794431686401367,2.378516674041748,0.0,0.5,3,28,8,1,231
24,65,86,28.276264190673828,27.823036193847656,2.4186158180236816,0.0,0.44999998807907104,3,28,8,1,235
24,65,87,28.424020767211914,27.79155921936035,2.373138189315796,0.0,0.44999998807907104,3,28,8,1,238
24,65,88,28.424020767211914,27.79155921936035,2.373138189315796,0.0,0.44999998807907104,3,28,8,1,243
24,65,89,28.424020767211914,27.79155921936035,2.373138189315796,0.0,0.44999998807907104,3,28,8,1,246
24,65,90,28.424020767211914,27.79155921936035,2.373138189315796,0.0,0.44999998807907104,3,28,8,1,252
24,65,91,28.424020767211914,27.79155921936035,2.373138189315796,0.0,0.44999998807907104,3,29,8,0,258
25,66,1,28.132909774780273,27.104772567749023,3.4482035636901855,0.10000000149011612,1.0,0,0,0,40,1
25,66,2,28.83346176147461,27.83022689819336,2.4397149085998535,0.10000000149011612,1.0,0,0,0,40,2
25,66,3,28.83346176147461,27.83022689819336,2.4397149085998535,0.10000000149011612,1.0,0,1,0,39,3
25,66,4,28.83346176147461,27.83022689819336,2.4397149085998535,0.10000000149011612,1.0,0,2,0,38,3
25,66,5,28.83346176147461,27.83022689819336,2.4397149085998535,0.10000000149011612,1.0,0,2,0,38,5
25,66,6,28.83346176147461,27.83022689819336,2.4397149085998535,0.10000000149011612,1.0,1,2,0,37,9
25,66,7,28.83346176147461,27.83022689819336,2.4397149085998535,0.10000000149011612,1.0,1,3,0,36,10
25,66,8,28.885112762451172,27.719757080078125,2.577442169189453,0.05000000074505806,1.0,1,3,0,36,11
25,66,9,28.906494140625,27.82667350769043,2.434173822402954,0.05000000074505806,1.0,1,3,0,36,12
25,66,10,28.906494140625,27.82667350769043,2.434173822402954,0.05000000074505806,1.0,2,4,0,34,12
25,66,11,28.906494140625,27.82667350769043,2.434173822402954,0.05000000074505806,1.0,2,4,0,34,14
25,66,12,28.906494140625,27.82667350769043,2.434173822402954,0.05000000074505806,1.0,2,4,0,34,14
25,66,13,28.906494140625,27.82667350769043,2.434173822402954,0.05000000074505806,1.0,2,4,0,34,17
25,66,14,28.95634651184082,27.716646194458008,2.5713422298431396,0.0,1.0,2,5,0,33,17
25,66,15,28.978116989135742,27.8231258392334,2.4286580085754395,0.0,1.0,2,6,0,32,19
25,66,16,28.978116989135742,27.8231258392334,2.4286580085754395,0.0,1.0,2,7,0,31,22
25,66,17,28.978116989135742,27.8231258392334,2.4286580085754395,0.0,1.0,2,7,0,31,24
25,66,18,28.978116989135742,27.8231258392334,2.4286580085754395,0.0,1.0,3,8,0,29,27
25,66,19,28.978116989135742,27.8231258392334,2.4286580085754395,0.0,1.0,3,11,0,26,28
25,66,20,28.978116989135742,27.8231258392334,2.4286580085754395,0.0,1.0,3,11,0,26,30
25,66,21,28.978116989135742,27.8231258392334,2.4286580085754395,0.0,1.0,4,13,0,23,30
25,66,22,28.978116989135742,27.8231258392334,2.4286580085754395,0.0,1.0,4,13,1,22,34
25,66,23,28.978116989135742,27.8231258392334,2.4286580085754395,0.0,1.0,4,13,1,22,34
25,66,24,28.978116989135742,27.8231258392334,2.4286580085754395,0.0,1.0,4,14,1,21,35
25,66,25,28.978116989135742,27.8231258392334,2.4286580085754395,0.0,1.0,4,15,1,20,35
25,66,26,28.978116989135742,27.8231258392334,2.4286580085754395,0.0,1.0,4,17,1,18,36
25,66,27,28.978116989135742,27.8231258392334,2.4286580085754395,0.0,1.0,4,17,1,18,38
25,66,28,28.978116989135742,27.8231258392334,2.4286580085754395,0.0,1.0,4,18,1,17,42
25,66,29,28.978116989135742,27.8231258392334,2.4286580085754395,0.0,1.0,4,18,2,16,44
25,66,30,28.978116989135742,27.8231258392334,2.4286580085754395,0.0,1.0,4,19,2,15,45
25,66,31,28.978116989135742,27.8231258392334,2.4286580085754395,0.0,1.0,4,20,2,14,48
25,66,32,28.978116989135742,27.8231258392334,2.4286580085754395,0.0,1.0,4,20,2,14,51
25,66,33,28.978116989135742,27.8231258392334,2.4286580085754395,0.0,1.0,4,20,3,13,55
25,66,34,28.978116989135742,27.8231258392334,2.4286580085754395,0.0,1.0,4,21,3,12,59
25,66,35,28.978116989135742,27.8231258392334,2.4286580085754395,0.0,1.0,4,21,3,12,63
25,66,36,28.978116989135742,27.8231258392334,2.4286580085754395,0.0,1.0,4,21,3,12,63
25,66,37,28.978116989135742,27.8231258392334,2.4286580085754395,0.0,1.0,4,22,3,11,67
25,66,38,28.978116989135742,27.8231258392334,2.4286580085754395,0.0,1.0,4,23,3,10,71
25,66,39,28.978116989135742,27.8231258392334,2.4286580085754395,0.0,1.0,4,23,3,10,73
25,66,40,28.978116989135742,27.8231258392334,2.4286580085754395,0.0,1.0,4,24,3,9,77
25,66,41,28.978116989135742,27.8231258392334,2.4286580085754395,0.0,1.0,4,24,3,9,79
25,66,42,28.978116989135742,27.8231258392334,2.4286580085754395,0.0,1.0,4,24,4,8,81
25,66,43,28.978116989135742,27.8231258392334,2.4286580085754395,0.0,1.0,4,24,4,8,85
25,66,44,28.978116989135742,27.8231258392334,2.4286580085754395,0.0,1.0,4,24,4,8,87
25,66,45,28.978116989135742,27.8231258392334,2.4286580085754395,0.0,1.0,4,26,5,5,90
25,66,46,28.978116989135742,27.8231258392334,2.4286580085754395,0.0,1.0,4,26,5,5,95
25,66,47,28.978116989135742,27.8231258392334,2.4286580085754395,0.0,1.0,4,26,5,5,98
25,66,48,28.978116989135742,27.8231258392334,2.4286580085754395,0.0,1.0,4,26,5,5,102
25,66,49,28.978116989135742,27.8231258392334,2.4286580085754395,0.0,1.0,4,26,5,5,105
25,66,50,28.978116989135742,27.8231258392334,2.4286580085754395,0.0,1.0,4,26,6,4,106
25,66,51,28.978116989135742,27.8231258392334,2.4286580085754395,0.0,1.0,4,26,6,4,107
25,66,52,28.978116989135742,27.8231258392334,2.4286580085754395,0.0,1.0,4,26,6,4,109
25,66,53,28.978116989135742,27.8231258392334,2.4286580085754395,0.0,1.0,4,26,6,4,112
25,66,54,28.978116989135742,27.8231258392334,2.4286580085754395,0.0,1.0,4,26,6,4,112
25,66,55,28.978116989135742,27.8231258392334,2.4286580085754395,0.0,1.0,4,26,6,4,114
25,66,56,28.978116989135742,27.8231258392334,2.4286580085754395,0.0,1.0,4,26,6,4,115
25,66,57,28.978116989135742,27.8231258392334,2.4286580085754395,0.0,1.0,4,26,6,4,118
25,66,58,28.978116989135742,27.8231258392334,2.4286580085754395,0.0,1.0,4,26,6,4,119
25,66,59,28.978116989135742,27.8231258392334,2.4286580085754395,0.0,1.0,4,26,6,4,120
25,66,60,28.978116989135742,27.8231258392334,2.4286580085754395,0.0,1.0,4,27,6,3,120
25,66,61,28.978116989135742,27.8231258392334,2.4286580085754395,0.0,1.0,4,27,6,3,121
25,66,62,28.978116989135742,27.8231258392334,2.4286580085754395,0.0,1.0,4,27,6,3,123
25,66,63,28.978116989135742,27.8231258392334,2.4286580085754395,0.0,1.0,4,27,6,3,125
25,66,64,28.978116989135742,27.8231258392334,2.4286580085754395,0.0,1.0,4,27,6,3,126
25,66,65,28.978116989135742,27.8231258392334,2.4286580085754395,0.0,1.0,4,27,6,3,128
25,66,66,28.78670310974121,27.85011863708496,2.468353509902954,0.0,0.949999988079071,4,27,6,3,132
25,66,67,28.932601928710938,27.82027816772461,2.424129009246826,0.0,0.949999988079071,4,27,6,3,133
25,66,68,28.932601928710938,27.82027816772461,2.424129009246826,0.0,0.949999988079071,4,27,6,3,135
25,66,69,28.932601928710938,27.82027816772461,2.424129009246826,0.0,0.949999988079071,4,28,6,2,137
25,66,70,28.739660263061523,27.847503662109375,2.4639103412628174,0.0,0.8999999761581421,4,28,6,2,144
25,66,71,28.886016845703125,27.81742286682129,2.4194657802581787,0.0,0.8999999761581421,4,28,6,2,145
25,66,72,28.886016845703125,27.81742286682129,2.4194657802581787,0.0,0.8999999761581421,4,28,6,2,145
25,66,73,28.886016845703125,27.81742286682129,2.4194657802581787,0.0,0.8999999761581421,4,28,6,2,150
25,66,74,28.886016845703125,27.81742286682129,2.4194657802581787,0.0,0.8999999761581421,4,28,6,2,158
25,66,75,28.691627502441406,27.84486961364746,2.459322929382324,0.0,0.8500000238418579,4,28,6,2,160
25,66,76,28.83838653564453,27.814558029174805,2.4146761894226074,0.0,0.8500000238418579,4,28,6,2,164
25,66,77,28.83838653564453,27.814558029174805,2.4146761894226074,0.0,0.8500000238418579,4,28,6,2,166
25,66,78,28.83838653564453,27.814558029174805,2.4146761894226074,0.0,0.8500000238418579,4,28,6,2,167
25,66,79,28.83838653564453,27.814558029174805,2.4146761894226074,0.0,0.8500000238418579,4,28,6,2,167
25,66,80,28.83838653564453,27.814558029174805,2.4146761894226074,0.0,0.8500000238418579,4,28,6,2,171
25,66,81,28.83838653564453,27.814558029174805,2.4146761894226074,0.0,0.8500000238418579,4,28,6,2,172
25,66,82,28.83838653564453,27.814558029174805,2.4146761894226074,0.0,0.8500000238418579,4,29,6,1,176
25,66,83,28.83838653564453,27.814558029174805,2.4146761894226074,0.0,0.8500000238418579,4,29,6,1,180
25,66,84,28.64263153076172,27.842212677001953,2.454598903656006,0.0,0.800000011920929,4,29,6,1,182
25,66,85,28.789737701416016,27.811689376831055,2.409769058227539,0.0,0.800000011920929,4,29,6,1,187
25,66,86,28.789737701416016,27.811689376831055,2.409769058227539,0.0,0.800000011920929,4,29,6,1,193
25,66,87,28.592710494995117,27.83953285217285,2.449747085571289,0.0,0.75,4,29,6,1,196
25,66,88,28.74009895324707,27.80881690979004,2.404754877090454,0.0,0.75,4,29,6,1,199
25,66,89,28.74009895324707,27.80881690979004,2.404754877090454,0.0,0.75,4,29,6,1,203
25,66,90,28.74009895324707,27.80881690979004,2.404754877090454,0.0,0.75,4,29,6,1,207
25,66,91,28.541898727416992,27.836833953857422,2.4447779655456543,0.0,0.699999988079071,4,30,6,0,218
26,67,1,28.09886932373047,27.106313705444336,3.451124668121338,0.15000000596046448,1.0,0,0,0,40,3
26,67,2,28.812503814697266,27.722909927368164,2.583522319793701,0.10000000149011612,1.0,0,0,0,40,3
26,67,3,28.83346176147461,27.83022689819336,2.4397149085998535,0.10000000149011612,1.0,0,0,0,40,5
26,67,4,28.885112762451172,27.719757080078125,2.577442169189453,0.05000000074505806,1.0,1,0,0,39,6
26,67,5,28.906494140625,27.82667350769043,2.434173822402954,0.05000000074505806,1.0,1,0,0,39,6
26,67,6,28.906494140625,27.82667350769043,2.434173822402954,0.05000000074505806,1.0,2,0,0,38,9
26,67,7,28.95634651184082,27.716646194458008,2.5713422298431396,0.0,1.0,2,0,0,38,9
26,67,8,28.978116989135742,27.8231258392334,2.4286580085754395,0.0,1.0,3,2,0,35,12
26,67,9,28.978116989135742,27.8231258392334,2.4286580085754395,0.0,1.0,3,3,0,34,15
26,67,10,28.978116989135742,27.8231258392334,2.4286580085754395,0.0,1.0,3,3,0,34,16
26,67,11,28.978116989135742,27.8231258392334,2.4286580085754395,0.0,1.0,3,3,0,34,20
26,67,12,28.978116989135742,27.8231258392334,2.4286580085754395,0.0,1.0,3,5,0,32,22
26,67,13,28.978116989135742,27.8231258392334,2.4286580085754395,0.0,1.0,3,7,0,30,23
26,67,14,28.978116989135742,27.8231258392334,2.4286580085754395,0.0,1.0,3,7,0,30,24
26,67,15,28.978116989135742,27.8231258392334,2.4286580085754395,0.0,1.0,3,7,0,30,27
26,67,16,28.978116989135742,27.8231258392334,2.4286580085754395,0.0,1.0,3,7,0,30,30
26,67,17,28.978116989135742,27.8231258392334,2.4286580085754395,0.0,1.0,3,8,0,29,33
26,67,18,28.978116989135742,27.8231258392334,2.4286580085754395,0.0,1.0,3,8,0,29,35
26,67,19,28.978116989135742,27.8231258392334,2.4286580085754395,0.0,1.0,3,8,0,29,38
26,67,20,28.978116989135742,27.8231258392334,2.4286580085754395,0.0,1.0,3,10,0,27,39
26,67,21,28.978116989135742,27.8231258392334,2.4286580085754395,0.0,1.0,3,10,1,26,43
26,67,22,28.978116989135742,27.8231258392334,2.4286580085754395,0.0,1.0,3,10,1,26,50
26,67,23,28.978116989135742,27.8231258392334,2.4286580085754395,0.0,1.0,3,11,1,25,50
26,67,24,28.978116989135742,27.8231258392334,2.4286580085754395,0.0,1.0,3,11,1,25,51
26,67,25,28.978116989135742,27.8231258392334,2.4286580085754395,0.0,1.0,3,11,1,25,57
26,67,26,28.978116989135742,27.8231258392334,2.4286580085754395,0.0,1.0,3,11,1,25,60
26,67,27,28.978116989135742,27.8231258392334,2.4286580085754395,0.0,1.0,3,13,1,23,62
26,67,28,28.978116989135742,27.8231258392334,2.4286580085754395,0.0,1.0,3,13,1,23,63
26,67,29,28.978116989135742,27.8231258392334,2.4286580085754395,0.0,1.0,3,13,1,23,64
26,67,30,28.978116989135742,27.8231258392334,2.4286580085754395,0.0,1.0,3,13,1,23,70
26,67,31,28.978116989135742,27.8231258392334,2.4286580085754395,0.0,1.0,3,15,1,21,73
26,67,32,28.978116989135742,27.8231258392334,2.4286580085754395,0.0,1.0,3,16,1,20,78
26,67,33,28.978116989135742,27.8231258392334,2.4286580085754395,0.0,1.0,3,17,1,19,84
26,67,34,28.978116989135742,27.8231258392334,2.4286580085754395,0.0,1.0,3,17,1,19,87
26,67,35,28.978116989135742,27.8231258392334,2.4286580085754395,0.0,1.0,3,18,1,18,93
26,67,36,28.978116989135742,27.8231258392334,2.4286580085754395,0.0,1.0,3,19,1,17,96
26,67,37,28.978116989135742,27.8231258392334,2.4286580085754395,0.0,1.0,3,19,1,17,96
26,67,38,28.978116989135742,27.8231258392334,2.4286580085754395,0.0,1.0,3,21,1,15,100
26,67,39,28.978116989135742,27.8231258392334,2.4286580085754395,0.0,1.0,3,23,1,13,104
26,67,40,28.978116989135742,27.8231258392334,2.4286580085754395,0.0,1.0,3,23,1,13,104
26,67,41,28.978116989135742,27.8231258392334,2.4286580085754395,0.0,1.0,3,25,1,11,107
26,67,42,28.978116989135742,27.8231258392334,2.4286580085754395,0.0,1.0,3,25,1,11,110
26,67,43,28.978116989135742,27.8231258392334,2.4286580085754395,0.0,1.0,3,25,1,11,112
26,67,44,28.978116989135742,27.8231258392334,2.4286580085754395,0.0,1.0,3,25,1,11,115
26,67,45,28.978116989135742,27.8231258392334,2.4286580085754395,0.0,1.0,3,26,1,10,117
26,67,46,28.978116989135742,27.8231258392334,2.4286580085754395,0.0,1.0,3,28,1,8,118
26,67,47,28.978116989135742,27.8231258392334,2.4286580085754395,0.0,1.0,3,28,1,8,119
26,67,48,28.978116989135742,27.8231258392334,2.4286580085754395,0.0,1.0,3,29,1,7,121
26,67,49,28.978116989135742,27.8231258392334,2.4286580085754395,0.0,1.0,3,29,1,7,122
26,67,50,28.978116989135742,27.8231258392334,2.4286580085754395,0.0,1.0,3,29,1,7,124
26,67,51,28.978116989135742,27.8231258392334,2.4286580085754395,0.0,1.0,3,29,1,7,126
26,67,52,28.978116989135742,27.8231258392334,2.4286580085754395,0.0,1.0,3,30,1,6,127
26,67,53,28.978116989135742,27.8231258392334,2.4286580085754395,0.0,1.0,3,31,1,5,128
26,67,54,28.978116989135742,27.8231258392334,2.4286580085754395,0.0,1.0,3,32,1,4,131
26,67,55,28.978116989135742,27.8231258392334,2.4286580085754395,0.0,1.0,3,32,1,4,132
26,67,56,28.978116989135742,27.8231258392334,2.4286580085754395,0.0,1.0,3,33,1,3,134
26,67,57,28.978116989135742,27.8231258392334,2.4286580085754395,0.0,1.0,3,33,1,3,136
26,67,58,28.978116989135742,27.8231258392334,2.4286580085754395,0.0,1.0,3,33,1,3,137
26,67,59,28.978116989135742,27.8231258392334,2.4286580085754395,0.0,1.0,3,33,1,3,139
26,67,60,28.78670310974121,27.85011863708496,2.468353509902954,0.0,0.949999988079071,3,33,1,3,142
26,67,61,28.932601928710938,27.82027816772461,2.424129009246826,0.0,0.949999988079071,3,33,1,3,148
26,67,62,28.932601928710938,27.82027816772461,2.424129009246826,0.0,0.949999988079071,3,33,1,3,150
26,67,63,28.932601928710938,27.82027816772461,2.424129009246826,0.0,0.949999988079071,3,33,1,3,151
26,67,64,28.932601928710938,27.82027816772461,2.424129009246826,0.0,0.949999988079071,3,33,1,3,153
26,67,65,28.739660263061523,27.847503662109375,2.4639103412628174,0.0,0.8999999761581421,3,33,1,3,157
26,67,66,28.886016845703125,27.81742286682129,2.4194657802581787,0.0,0.8999999761581421,3,33,1,3,159
26,67,67,28.886016845703125,27.81742286682129,2.4194657802581787,0.0,0.8999999761581421,3,33,1,3,163
26,67,68,28.691627502441406,27.84486961364746,2.459322929382324,0.0,0.8500000238418579,3,33,1,3,167
26,67,69,28.64263153076172,27.842212677001953,2.454598903656006,0.0,0.800000011920929,3,33,1,3,174
26,67,70,28.789737701416016,27.811689376831055,2.409769058227539,0.0,0.800000011920929,3,33,1,3,176
26,67,71,28.789737701416016,27.811689376831055,2.409769058227539,0.0,0.800000011920929,3,33,1,3,180
26,67,72,28.789737701416016,27.811689376831055,2.409769058227539,0.0,0.800000011920929,3,34,1,2,181
26,67,73,28.789737701416016,27.811689376831055,2.409769058227539,0.0,0.800000011920929,3,34,1,2,181
26,67,74,28.789737701416016,27.811689376831055,2.409769058227539,0.0,0.800000011920929,3,35,1,1,181
26,67,75,28.789737701416016,27.811689376831055,2.409769058227539,0.0,0.800000011920929,3,35,1,1,185
26,67,76,28.592710494995117,27.83953285217285,2.449747085571289,0.0,0.75,3,35,1,1,187
26,67,77,28.74009895324707,27.80881690979004,2.404754877090454,0.0,0.75,3,36,1,0,190
27,68,1,28.166776657104492,27.103271484375,3.44523024559021,0.05000000074505806,1.0,0,0,0,40,2
27,68,2,28.906494140625,27.82667350769043,2.434173822402954,0.05000000074505806,1.0,1,0,0,39,2
27,68,3,28.906494140625,27.82667350769043,2.434173822402954,0.05000000074505806,1.0,2,0,1,37,3
27,68,4,28.906494140625,27.82667350769043,2.434173822402954,0.05000000074505806,1.0,2,0,1,37,5
27,68,5,28.95634651184082,27.716646194458008,2.5713422298431396,0.0,1.0,2,1,1,36,5
27,68,6,28.978116989135742,27.8231258392334,2.4286580085754395,0.0,1.0,3,3,1,33,6
27,68,7,28.978116989135742,27.8231258392334,2.4286580085754395,0.0,1.0,3,4,1,32,8
27,68,8,28.978116989135742,27.8231258392334,2.4286580085754395,0.0,1.0,3,5,1,31,10
27,68,9,28.978116989135742,27.8231258392334,2.4286580085754395,0.0,1.0,3,5,1,31,14
27,68,10,28.978116989135742,27.8231258392334,2.4286580085754395,0.0,1.0,3,5,1,31,18
27,68,11,28.978116989135742,27.8231258392334,2.4286580085754395,0.0,1.0,3,5,2,30,23
27,68,12,28.978116989135742,27.8231258392334,2.4286580085754395,0.0,1.0,3,6,2,29,26
27,68,13,28.978116989135742,27.8231258392334,2.4286580085754395,0.0,1.0,3,7,2,28,27
27,68,14,28.978116989135742,27.8231258392334,2.4286580085754395,0.0,1.0,3,7,2,28,29
27,68,15,28.978116989135742,27.8231258392334,2.4286580085754395,0.0,1.0,3,7,2,28,31
27,68,16,28.978116989135742,27.8231258392334,2.4286580085754395,0.0,1.0,3,7,2,28,36
27,68,17,28.978116989135742,27.8231258392334,2.4286580085754395,0.0,1.0,3,8,2,27,39
27,68,18,28.978116989135742,27.8231258392334,2.4286580085754395,0.0,1.0,3,9,4,24,43
27,68,19,28.978116989135742,27.8231258392334,2.4286580085754395,0.0,1.0,3,10,4,23,46
27,68,20,28.978116989135742,27.8231258392334,2.4286580085754395,0.0,1.0,3,11,4,22,49
27,68,21,28.978116989135742,27.8231258392334,2.4286580085754395,0.0,1.0,3,12,4,21,51
27,68,22,28.978116989135742,27.8231258392334,2.4286580085754395,0.0,1.0,3,12,4,21,54
27,68,23,28.978116989135742,27.8231258392334,2.4286580085754395,0.0,1.0,3,12,5,20,58
27,68,24,28.978116989135742,27.8231258392334,2.4286580085754395,0.0,1.0,3,14,5,18,60
27,68,25,28.978116989135742,27.8231258392334,2.4286580085754395,0.0,1.0,3,14,5,18,61
27,68,26,28.978116989135742,27.8231258392334,2.4286580085754395,0.0,1.0,3,14,5,18,64
27,68,27,28.978116989135742,27.8231258392334,2.4286580085754395,0.0,1.0,3,14,5,18,66
27,68,28,28.978116989135742,27.8231258392334,2.4286580085754395,0.0,1.0,3,14,5,18,70
27,68,29,28.978116989135742,27.8231258392334,2.4286580085754395,0.0,1.0,3,14,5,18,75
27,68,30,28.978116989135742,27.8231258392334,2.4286580085754395,0.0,1.0,3,16,5,16,80
27,68,31,28.978116989135742,27.8231258392334,2.4286580085754395,0.0,1.0,3,18,5,14,83
27,68,32,28.978116989135742,27.8231258392334,2.4286580085754395,0.0,1.0,3,18,5,14,88
27,68,33,28.78670310974121,27.85011863708496,2.468353509902954,0.0,0.949999988079071,3,18,5,14,91
27,68,34,28.932601928710938,27.82027816772461,2.424129009246826,0.0,0.949999988079071,3,18,5,14,93
27,68,35,28.739660263061523,27.847503662109375,2.4639103412628174,0.0,0.8999999761581421,3,19,5,13,95
27,68,36,28.886016845703125,27.81742286682129,2.4194657802581787,0.0,0.8999999761581421,3,19,5,13,97
27,68,37,28.886016845703125,27.81742286682129,2.4194657802581787,0.0,0.8999999761581421,3,19,5,13,101
27,68,38,28.691627502441406,27.84486961364746,2.459322929382324,0.0,0.8500000238418579,3,19,5,13,104
27,68,39,28.83838653564453,27.814558029174805,2.4146761894226074,0.0,0.8500000238418579,3,19,5,13,107
27,68,40,28.64263153076172,27.842212677001953,2.454598903656006,0.0,0.800000011920929,3,20,5,12,108
27,68,41,28.789737701416016,27.811689376831055,2.409769058227539,0.0,0.800000011920929,3,20,5,12,110
27,68,42,28.789737701416016,27.811689376831055,2.409769058227539,0.0,0.800000011920929,3,20,5,12,114
27,68,43,28.789737701416016,27.811689376831055,2.409769058227539,0.0,0.800000011920929,3,20,5,12,120
27,68,44,28.592710494995117,27.83953285217285,2.449747085571289,0.0,0.75,3,20,5,12,123
27,68,45,28.74009895324707,27.80881690979004,2.404754877090454,0.0,0.75,3,21,5,11,128
27,68,46,28.74009895324707,27.80881690979004,2.404754877090454,0.0,0.75,3,22,5,10,129
27,68,47,28.74009895324707,27.80881690979004,2.404754877090454,0.0,0.75,3,22,5,10,134
27,68,48,28.74009895324707,27.80881690979004,2.404754877090454,0.0,0.75,3,22,5,10,138
27,68,49,28.541898727416992,27.836833953857422,2.4447779655456543,0.0,0.699999988079071,3,24,5,8,140
27,68,50,28.689512252807617,27.805940628051758,2.3996448516845703,0.0,0.699999988079071,3,24,5,8,142
27,68,51,28.689512252807617,27.805940628051758,2.3996448516845703,0.0,0.699999988079071,3,24,5,8,144
27,68,52,28.689512252807617,27.805940628051758,2.3996448516845703,0.0,0.699999988079071,3,24,5,8,149
27,68,53,28.490245819091797,27.83411407470703,2.4397029876708984,0.0,0.6499999761581421,3,25,5,7,152
27,68,54,28.638017654418945,27.803062438964844,2.394451856613159,0.0,0.6499999761581421,3,25,5,7,154
27,68,55,28.638017654418945,27.803062438964844,2.394451856613159,0.0,0.6499999761581421,3,27,5,5,158
27,68,56,28.638017654418945,27.803062438964844,2.394451856613159,0.0,0.6499999761581421,3,27,5,5,160
27,68,57,28.638017654418945,27.803062438964844,2.394451856613159,0.0,0.6499999761581421,3,27,5,5,163
27,68,58,28.638017654418945,27.803062438964844,2.394451856613159,0.0,0.6499999761581421,3,27,5,5,168
27,68,59,28.638017654418945,27.803062438964844,2.394451856613159,0.0,0.6499999761581421,3,28,5,4,172
27,68,60,28.43779754638672,27.831375122070312,2.434535264968872,0.0,0.6000000238418579,3,28,5,4,181
27,68,61,28.585664749145508,27.80018424987793,2.3891892433166504,0.0,0.6000000238418579,3,28,5,4,188
27,68,62,28.384611129760742,27.82861328125,2.429287910461426,0.0,0.550000011920929,3,28,5,4,196
27,68,63,28.532506942749023,27.797306060791016,2.3838725090026855,0.0,0.550000011920929,3,28,5,4,204
27,68,64,28.532506942749023,27.797306060791016,2.3838725090026855,0.0,0.550000011920929,3,28,5,4,211
27,68,65,28.330745697021484,27.825834274291992,2.423976421356201,0.0,0.5,3,28,5,4,214
27,68,66,28.276264190673828,27.823036193847656,2.4186158180236816,0.0,0.44999998807907104,3,29,5,3,219
27,68,67,28.424020767211914,27.79155921936035,2.373138189315796,0.0,0.44999998807907104,3,29,5,3,225
27,68,68,28.221233367919922,27.820219039916992,2.4132227897644043,0.0,0.4000000059604645,3,29,5,3,229
27,68,69,28.368824005126953,27.7886905670166,2.3677542209625244,0.0,0.4000000059604645,3,29,5,3,232
27,68,70,28.368824005126953,27.7886905670166,2.3677542209625244,0.0,0.4000000059604645,3,29,5,3,235
27,68,71,28.368824005126953,27.7886905670166,2.3677542209625244,0.0,0.4000000059604645,3,29,5,3,243
27,68,72,28.368824005126953,27.7886905670166,2.3677542209625244,0.0,0.4000000059604645,3,29,5,3,245
27,68,73,28.368824005126953,27.7886905670166,2.3677542209625244,0.0,0.4000000059604645,3,29,5,3,247
27,68,74,28.368824005126953,27.7886905670166,2.3677542209625244,0.0,0.4000000059604645,3,29,5,3,252
27,68,75,28.368824005126953,27.7886905670166,2.3677542209625244,0.0,0.4000000059604645,3,29,5,3,253
27,68,76,28.368824005126953,27.7886905670166,2.3677542209625244,0.0,0.4000000059604645,3,29,5,3,259
27,68,77,28.368824005126953,27.7886905670166,2.3677542209625244,0.0,0.4000000059604645,3,29,5,3,264
27,68,78,28.368824005126953,27.7886905670166,2.3677542209625244,0.0,0.4000000059604645,3,29,5,3,272
27,68,79,28.368824005126953,27.7886905670166,2.3677542209625244,0.0,0.4000000059604645,3,30,5,2,275
27,68,80,28.368824005126953,27.7886905670166,2.3677542209625244,0.0,0.4000000059604645,3,30,5,2,283
27,68,81,28.165727615356445,27.8173828125,2.4078140258789062,0.0,0.3499999940395355,3,30,5,2,289
27,68,82,28.313085556030273,27.785829544067383,2.3623814582824707,0.0,0.3499999940395355,3,30,5,2,292
27,68,83,28.313085556030273,27.785829544067383,2.3623814582824707,0.0,0.3499999940395355,3,30,5,2,295
27,68,84,28.313085556030273,27.785829544067383,2.3623814582824707,0.0,0.3499999940395355,3,31,5,1,300
27,68,85,28.313085556030273,27.785829544067383,2.3623814582824707,0.0,0.3499999940395355,3,31,5,1,300
27,68,86,28.313085556030273,27.785829544067383,2.3623814582824707,0.0,0.3499999940395355,3,31,5,1,305
27,68,87,28.313085556030273,27.785829544067383,2.3623814582824707,0.0,0.3499999940395355,3,31,5,1,309
27,68,88,28.313085556030273,27.785829544067383,2.3623814582824707,0.0,0.3499999940395355,3,31,5,1,314
27,68,89,28.313085556030273,27.785829544067383,2.3623814582824707,0.0,0.3499999940395355,3,31,5,1,320
27,68,90,28.313085556030273,27.785829544067383,2.3623814582824707,0.0,0.3499999940395355,3,31,5,1,323
27,68,91,28.313085556030273,27.785829544067383,2.3623814582824707,0.0,0.3499999940395355,3,31,5,1,327
27,68,92,28.313085556030273,27.785829544067383,2.3623814582824707,0.0,0.3499999940395355,3,31,5,1,333
27,68,93,28.109819412231445,27.814531326293945,2.4024062156677246,0.0,0.30000001192092896,3,31,5,1,336
27,68,94,28.256881713867188,27.78297233581543,2.3570375442504883,0.0,0.30000001192092896,3,31,5,1,340
27,68,95,28.256881713867188,27.78297233581543,2.3570375442504883,0.0,0.30000001192092896,3,31,5,1,341
27,68,96,28.256881713867188,27.78297233581543,2.3570375442504883,0.0,0.30000001192092896,3,31,5,1,342
27,68,97,28.256881713867188,27.78297233581543,2.3570375442504883,0.0,0.30000001192092896,3,31,5,1,344
27,68,98,28.256881713867188,27.78297233581543,2.3570375442504883,0.0,0.30000001192092896,3,31,5,1,345
27,68,99,28.256881713867188,27.78297233581543,2.3570375442504883,0.0,0.30000001192092896,3,31,5,1,347
27,68,100,28.256881713867188,27.78297233581543,2.3570375442504883,0.0,0.30000001192092896,3,31,5,1,352
27,68,101,28.256881713867188,27.78297233581543,2.3570375442504883,0.0,0.30000001192092896,3,31,5,1,355
27,68,102,28.256881713867188,27.78297233581543,2.3570375442504883,0.0,0.30000001192092896,3,32,5,0,359
28,69,1,28.09886932373047,27.106313705444336,3.451124668121338,0.15000000596046448,1.0,0,0,0,40,3
28,69,2,28.812503814697266,27.722909927368164,2.583522319793701,0.10000000149011612,1.0,0,0,0,40,3
28,69,3,28.83346176147461,27.83022689819336,2.4397149085998535,0.10000000149011612,1.0,0,0,0,40,6
28,69,4,28.885112762451172,27.719757080078125,2.577442169189453,0.05000000074505806,1.0,0,0,0,40,7
28,69,5,28.95634651184082,27.716646194458008,2.5713422298431396,0.0,1.0,0,0,0,40,9
28,69,6,28.978116989135742,27.8231258392334,2.4286580085754395,0.0,1.0,2,0,0,38,10
28,69,7,28.978116989135742,27.8231258392334,2.4286580085754395,0.0,1.0,2,1,0,37,12
28,69,8,28.978116989135742,27.8231258392334,2.4286580085754395,0.0,1.0,2,1,0,37,16
28,69,9,28.978116989135742,27.8231258392334,2.4286580085754395,0.0,1.0,2,4,0,34,19
28,69,10,28.978116989135742,27.8231258392334,2.4286580085754395,0.0,1.0,2,4,0,34,20
28,69,11,28.978116989135742,27.8231258392334,2.4286580085754395,0.0,1.0,2,5,0,33,21
28,69,12,28.978116989135742,27.8231258392334,2.4286580085754395,0.0,1.0,2,6,0,32,21
28,69,13,28.978116989135742,27.8231258392334,2.4286580085754395,0.0,1.0,2,9,0,29,23
28,69,14,28.978116989135742,27.8231258392334,2.4286580085754395,0.0,1.0,2,11,1,26,25
28,69,15,28.978116989135742,27.8231258392334,2.4286580085754395,0.0,1.0,2,11,1,26,27
28,69,16,28.978116989135742,27.8231258392334,2.4286580085754395,0.0,1.0,2,12,1,25,28
28,69,17,28.978116989135742,27.8231258392334,2.4286580085754395,0.0,1.0,2,12,1,25,30
28,69,18,28.978116989135742,27.8231258392334,2.4286580085754395,0.0,1.0,2,12,1,25,34
28,69,19,28.978116989135742,27.8231258392334,2.4286580085754395,0.0,1.0,2,13,1,24,34
28,69,20,28.978116989135742,27.8231258392334,2.4286580085754395,0.0,1.0,2,14,1,23,37
28,69,21,28.978116989135742,27.8231258392334,2.4286580085754395,0.0,1.0,2,14,1,23,41
28,69,22,28.978116989135742,27.8231258392334,2.4286580085754395,0.0,1.0,2,15,2,21,46
28,69,23,28.978116989135742,27.8231258392334,2.4286580085754395,0.0,1.0,2,15,2,21,50
28,69,24,28.978116989135742,27.8231258392334,2.4286580085754395,0.0,1.0,2,17,3,18,54
28,69,25,28.978116989135742,27.8231258392334,2.4286580085754395,0.0,1.0,2,18,3,17,59
28,69,26,28.978116989135742,27.8231258392334,2.4286580085754395,0.0,1.0,2,19,3,16,61
28,69,27,28.978116989135742,27.8231258392334,2.4286580085754395,0.0,1.0,2,19,3,16,64
28,69,28,28.978116989135742,27.8231258392334,2.4286580085754395,0.0,1.0,2,19,4,15,66
28,69,29,28.978116989135742,27.8231258392334,2.4286580085754395,0.0,1.0,2,19,4,15,68
28,69,30,28.978116989135742,27.8231258392334,2.4286580085754395,0.0,1.0,2,19,5,14,74
28,69,31,28.978116989135742,27.8231258392334,2.4286580085754395,0.0,1.0,2,19,5,14,80
28,69,32,28.978116989135742,27.8231258392334,2.4286580085754395,0.0,1.0,2,19,5,14,84
28,69,33,28.978116989135742,27.8231258392334,2.4286580085754395,0.0,1.0,2,20,5,13,89
28,69,34,28.978116989135742,27.8231258392334,2.4286580085754395,0.0,1.0,2,20,5,13,93
28,69,35,28.978116989135742,27.8231258392334,2.4286580085754395,0.0,1.0,2,20,5,13,96
28,69,36,28.978116989135742,27.8231258392334,2.4286580085754395,0.0,1.0,2,20,5,13,98
28,69,37,28.978116989135742,27.8231258392334,2.4286580085754395,0.0,1.0,2,20,5,13,100
28,69,38,28.978116989135742,27.8231258392334,2.4286580085754395,0.0,1.0,2,20,5,13,102
28,69,39,28.978116989135742,27.8231258392334,2.4286580085754395,0.0,1.0,2,22,5,11,103
28,69,40,28.978116989135742,27.8231258392334,2.4286580085754395,0.0,1.0,2,23,5,10,105
28,69,41,28.978116989135742,27.8231258392334,2.4286580085754395,0.0,1.0,2,23,5,10,106
28,69,42,28.978116989135742,27.8231258392334,2.4286580085754395,0.0,1.0,2,23,5,10,108
28,69,43,28.978116989135742,27.8231258392334,2.4286580085754395,0.0,1.0,2,23,5,10,110
28,69,44,28.978116989135742,27.8231258392334,2.4286580085754395,0.0,1.0,2,23,5,10,111
28,69,45,28.978116989135742,27.8231258392334,2.4286580085754395,0.0,1.0,2,23,5,10,112
28,69,46,28.978116989135742,27.8231258392334,2.4286580085754395,0.0,1.0,2,23,5,10,112
28,69,47,28.978116989135742,27.8231258392334,2.4286580085754395,0.0,1.0,2,24,5,9,114
28,69,48,28.978116989135742,27.8231258392334,2.4286580085754395,0.0,1.0,2,24,5,9,115
28,69,49,28.978116989135742,27.8231258392334,2.4286580085754395,0.0,1.0,2,24,5,9,117
28,69,50,28.978116989135742,27.8231258392334,2.4286580085754395,0.0,1.0,2,24,5,9,118
28,69,51,28.78670310974121,27.85011863708496,2.468353509902954,0.0,0.949999988079071,2,24,5,9,118
28,69,52,28.932601928710938,27.82027816772461,2.424129009246826,0.0,0.949999988079071,2,24,5,9,119
28,69,53,28.932601928710938,27.82027816772461,2.424129009246826,0.0,0.949999988079071,2,25,5,8,119
28,69,54,28.932601928710938,27.82027816772461,2.424129009246826,0.0,0.949999988079071,2,25,5,8,121
28,69,55,28.739660263061523,27.847503662109375,2.4639103412628174,0.0,0.8999999761581421,2,25,5,8,124
28,69,56,28.886016845703125,27.81742286682129,2.4194657802581787,0.0,0.8999999761581421,2,26,5,7,127
28,69,57,28.691627502441406,27.84486961364746,2.459322929382324,0.0,0.8500000238418579,2,26,5,7,127
28,69,58,28.83838653564453,27.814558029174805,2.4146761894226074,0.0,0.8500000238418579,2,26,5,7,130
28,69,59,28.83838653564453,27.814558029174805,2.4146761894226074,0.0,0.8500000238418579,2,26,5,7,131
28,69,60,28.83838653564453,27.814558029174805,2.4146761894226074,0.0,0.8500000238418579,2,26,5,7,134
28,69,61,28.64263153076172,27.842212677001953,2.454598903656006,0.0,0.800000011920929,2,26,5,7,136
28,69,62,28.789737701416016,27.811689376831055,2.409769058227539,0.0,0.800000011920929,2,27,5,6,137
28,69,63,28.789737701416016,27.811689376831055,2.409769058227539,0.0,0.800000011920929,2,28,5,5,139
28,69,64,28.789737701416016,27.811689376831055,2.409769058227539,0.0,0.800000011920929,2,28,5,5,142
28,69,65,28.789737701416016,27.811689376831055,2.409769058227539,0.0,0.800000011920929,2,28,5,5,144
28,69,66,28.789737701416016,27.811689376831055,2.409769058227539,0.0,0.800000011920929,2,29,5,4,149
28,69,67,28.789737701416016,27.811689376831055,2.409769058227539,0.0,0.800000011920929,2,29,5,4,149
28,69,68,28.789737701416016,27.811689376831055,2.409769058227539,0.0,0.800000011920929,2,30,5,3,149
28,69,69,28.789737701416016,27.811689376831055,2.409769058227539,0.0,0.800000011920929,2,30,5,3,152
28,69,70,28.592710494995117,27.83953285217285,2.449747085571289,0.0,0.75,2,30,5,3,156
28,69,71,28.74009895324707,27.80881690979004,2.404754877090454,0.0,0.75,2,30,5,3,158
28,69,72,28.74009895324707,27.80881690979004,2.404754877090454,0.0,0.75,2,30,5,3,159
28,69,73,28.74009895324707,27.80881690979004,2.404754877090454,0.0,0.75,2,30,5,3,161
28,69,74,28.74009895324707,27.80881690979004,2.404754877090454,0.0,0.75,2,30,5,3,164
28,69,75,28.74009895324707,27.80881690979004,2.404754877090454,0.0,0.75,2,30,5,3,171
28,69,76,28.541898727416992,27.836833953857422,2.4447779655456543,0.0,0.699999988079071,2,30,5,3,177
28,69,77,28.490245819091797,27.83411407470703,2.4397029876708984,0.0,0.6499999761581421,2,31,5,2,181
28,69,78,28.638017654418945,27.803062438964844,2.394451856613159,0.0,0.6499999761581421,2,31,5,2,184
28,69,79,28.638017654418945,27.803062438964844,2.394451856613159,0.0,0.6499999761581421,2,31,5,2,187
28,69,80,28.638017654418945,27.803062438964844,2.394451856613159,0.0,0.6499999761581421,2,32,5,1,195
28,69,81,28.638017654418945,27.803062438964844,2.394451856613159,0.0,0.6499999761581421,2,32,5,1,201
28,69,82,28.43779754638672,27.831375122070312,2.434535264968872,0.0,0.6000000238418579,2,32,5,1,210
28,69,83,28.384611129760742,27.82861328125,2.429287910461426,0.0,0.550000011920929,2,32,5,1,215
28,69,84,28.532506942749023,27.797306060791016,2.3838725090026855,0.0,0.550000011920929,2,32,5,1,217
28,69,85,28.532506942749023,27.797306060791016,2.3838725090026855,0.0,0.550000011920929,2,32,5,1,222
28,69,86,28.532506942749023,27.797306060791016,2.3838725090026855,0.0,0.550000011920929,2,32,5,1,227
28,69,87,28.532506942749023,27.797306060791016,2.3838725090026855,0.0,0.550000011920929,2,32,5,1,229
28,69,88,28.532506942749023,27.797306060791016,2.3838725090026855,0.0,0.550000011920929,2,32,5,1,233
28,69,89,28.330745697021484,27.825834274291992,2.423976421356201,0.0,0.5,2,32,5,1,238
28,69,90,28.478605270385742,27.794431686401367,2.378516674041748,0.0,0.5,2,32,5,1,245
28,69,91,28.478605270385742,27.794431686401367,2.378516674041748,0.0,0.5,2,32,5,1,251
28,69,92,28.478605270385742,27.794431686401367,2.378516674041748,0.0,0.5,2,32,5,1,257
28,69,93,28.478605270385742,27.794431686401367,2.378516674041748,0.0,0.5,2,32,5,1,262
28,69,94,28.478605270385742,27.794431686401367,2.378516674041748,0.0,0.5,2,32,5,1,267
28,69,95,28.478605270385742,27.794431686401367,2.378516674041748,0.0,0.5,2,32,5,1,272
28,69,96,28.478605270385742,27.794431686401367,2.378516674041748,0.0,0.5,2,33,5,0,277
29,70,1,28.132909774780273,27.104772567749023,3.4482035636901855,0.10000000149011612,1.0,0,0,0,40,1
29,70,2,28.83346176147461,27.83022689819336,2.4397149085998535,0.10000000149011612,1.0,0,0,0,40,2
29,70,3,28.83346176147461,27.83022689819336,2.4397149085998535,0.10000000149011612,1.0,0,0,0,40,4
29,70,4,28.885112762451172,27.719757080078125,2.577442169189453,0.05000000074505806,1.0,1,0,0,39,5
29,70,5,28.906494140625,27.82667350769043,2.434173822402954,0.05000000074505806,1.0,1,0,0,39,5
29,70,6,28.906494140625,27.82667350769043,2.434173822402954,0.05000000074505806,1.0,1,0,0,39,7
29,70,7,28.95634651184082,27.716646194458008,2.5713422298431396,0.0,1.0,2,1,0,37,8
29,70,8,28.978116989135742,27.8231258392334,2.4286580085754395,0.0,1.0,2,1,0,37,8
29,70,9,28.978116989135742,27.8231258392334,2.4286580085754395,0.0,1.0,2,2,0,36,9
29,70,10,28.978116989135742,27.8231258392334,2.4286580085754395,0.0,1.0,2,2,0,36,10
29,70,11,28.978116989135742,27.8231258392334,2.4286580085754395,0.0,1.0,3,2,0,35,12
29,70,12,28.978116989135742,27.8231258392334,2.4286580085754395,0.0,1.0,3,4,0,33,13
29,70,13,28.978116989135742,27.8231258392334,2.4286580085754395,0.0,1.0,3,4,0,33,17
29,70,14,28.978116989135742,27.8231258392334,2.4286580085754395,0.0,1.0,3,5,0,32,19
29,70,15,28.978116989135742,27.8231258392334,2.4286580085754395,0.0,1.0,3,7,0,30,21
29,70,16,28.978116989135742,27.8231258392334,2.4286580085754395,0.0,1.0,4,7,0,29,22
29,70,17,28.978116989135742,27.8231258392334,2.4286580085754395,0.0,1.0,4,7,1,28,26
29,70,18,28.978116989135742,27.8231258392334,2.4286580085754395,0.0,1.0,4,7,2,27,28
29,70,19,28.978116989135742,27.8231258392334,2.4286580085754395,0.0,1.0,4,8,2,26,28
29,70,20,28.978116989135742,27.8231258392334,2.4286580085754395,0.0,1.0,4,11,2,23,32
29,70,21,28.978116989135742,27.8231258392334,2.4286580085754395,0.0,1.0,4,11,2,23,36
29,70,22,28.978116989135742,27.8231258392334,2.4286580085754395,0.0,1.0,5,11,3,21,39
29,70,23,28.978116989135742,27.8231258392334,2.4286580085754395,0.0,1.0,5,13,3,19,44
29,70,24,28.978116989135742,27.8231258392334,2.4286580085754395,0.0,1.0,5,13,4,18,50
29,70,25,28.978116989135742,27.8231258392334,2.4286580085754395,0.0,1.0,5,17,4,14,54
29,70,26,28.978116989135742,27.8231258392334,2.4286580085754395,0.0,1.0,5,17,4,14,56
29,70,27,28.978116989135742,27.8231258392334,2.4286580085754395,0.0,1.0,5,18,4,13,60
29,70,28,28.978116989135742,27.8231258392334,2.4286580085754395,0.0,1.0,5,18,4,13,60
29,70,29,28.978116989135742,27.8231258392334,2.4286580085754395,0.0,1.0,5,19,4,12,61
29,70,30,28.978116989135742,27.8231258392334,2.4286580085754395,0.0,1.0,5,19,4,12,65
29,70,31,28.978116989135742,27.8231258392334,2.4286580085754395,0.0,1.0,5,20,4,11,68
29,70,32,28.978116989135742,27.8231258392334,2.4286580085754395,0.0,1.0,5,21,4,10,70
29,70,33,28.978116989135742,27.8231258392334,2.4286580085754395,0.0,1.0,5,21,4,10,74
29,70,34,28.978116989135742,27.8231258392334,2.4286580085754395,0.0,1.0,5,21,4,10,76
29,70,35,28.978116989135742,27.8231258392334,2.4286580085754395,0.0,1.0,5,22,4,9,78
29,70,36,28.978116989135742,27.8231258392334,2.4286580085754395,0.0,1.0,5,22,4,9,82
29,70,37,28.978116989135742,27.8231258392334,2.4286580085754395,0.0,1.0,5,23,4,8,85
29,70,38,28.978116989135742,27.8231258392334,2.4286580085754395,0.0,1.0,5,24,4,7,89
29,70,39,28.978116989135742,27.8231258392334,2.4286580085754395,0.0,1.0,5,24,4,7,90
29,70,40,28.978116989135742,27.8231258392334,2.4286580085754395,0.0,1.0,5,24,4,7,94
29,70,41,28.978116989135742,27.8231258392334,2.4286580085754395,0.0,1.0,5,24,4,7,101
29,70,42,28.978116989135742,27.8231258392334,2.4286580085754395,0.0,1.0,5,24,4,7,102
29,70,43,28.978116989135742,27.8231258392334,2.4286580085754395,0.0,1.0,5,24,4,7,102
29,70,44,28.978116989135742,27.8231258392334,2.4286580085754395,0.0,1.0,5,24,4,7,104
29,70,45,28.978116989135742,27.8231258392334,2.4286580085754395,0.0,1.0,5,24,4,7,105
29,70,46,28.978116989135742,27.8231258392334,2.4286580085754395,0.0,1.0,5,24,4,7,108
29,70,47,28.978116989135742,27.8231258392334,2.4286580085754395,0.0,1.0,5,24,4,7,108
29,70,48,28.978116989135742,27.8231258392334,2.4286580085754395,0.0,1.0,5,24,4,7,108
29,70,49,28.978116989135742,27.8231258392334,2.4286580085754395,0.0,1.0,5,25,4,6,109
29,70,50,28.78670310974121,27.85011863708496,2.468353509902954,0.0,0.949999988079071,5,26,4,5,111
29,70,51,28.932601928710938,27.82027816772461,2.424129009246826,0.0,0.949999988079071,5,27,4,4,114
29,70,52,28.739660263061523,27.847503662109375,2.4639103412628174,0.0,0.8999999761581421,5,28,4,3,117
29,70,53,28.886016845703125,27.81742286682129,2.4194657802581787,0.0,0.8999999761581421,5,28,4,3,120
29,70,54,28.691627502441406,27.84486961364746,2.459322929382324,0.0,0.8500000238418579,5,28,4,3,122
29,70,55,28.64263153076172,27.842212677001953,2.454598903656006,0.0,0.800000011920929,5,28,4,3,124
29,70,56,28.789737701416016,27.811689376831055,2.409769058227539,0.0,0.800000011920929,5,28,4,3,126
29,70,57,28.789737701416016,27.811689376831055,2.409769058227539,0.0,0.800000011920929,5,28,4,3,128
29,70,58,28.789737701416016,27.811689376831055,2.409769058227539,0.0,0.800000011920929,5,29,4,2,128
29,70,59,28.789737701416016,27.811689376831055,2.409769058227539,0.0,0.800000011920929,5,29,4,2,129
29,70,60,28.789737701416016,27.811689376831055,2.409769058227539,0.0,0.800000011920929,5,29,4,2,132
29,70,61,28.789737701416016,27.811689376831055,2.409769058227539,0.0,0.800000011920929,5,29,4,2,136
29,70,62,28.592710494995117,27.83953285217285,2.449747085571289,0.0,0.75,5,29,4,2,140
29,70,63,28.541898727416992,27.836833953857422,2.4447779655456543,0.0,0.699999988079071,5,29,4,2,143
29,70,64,28.689512252807617,27.805940628051758,2.3996448516845703,0.0,0.699999988079071,5,29,4,2,150
29,70,65,28.689512252807617,27.805940628051758,2.3996448516845703,0.0,0.699999988079071,5,29,4,2,155
29,70,66,28.689512252807617,27.805940628051758,2.3996448516845703,0.0,0.699999988079071,5,29,4,2,158
29,70,67,28.490245819091797,27.83411407470703,2.4397029876708984,0.0,0.6499999761581421,5,29,4,2,161
29,70,68,28.638017654418945,27.803062438964844,2.394451856613159,0.0,0.6499999761581421,5,29,4,2,165
29,70,69,28.638017654418945,27.803062438964844,2.394451856613159,0.0,0.6499999761581421,5,29,4,2,169
29,70,70,28.638017654418945,27.803062438964844,2.394451856613159,0.0,0.6499999761581421,5,29,4,2,176
29,70,71,28.43779754638672,27.831375122070312,2.434535264968872,0.0,0.6000000238418579,5,29,4,2,179
29,70,72,28.384611129760742,27.82861328125,2.429287910461426,0.0,0.550000011920929,5,29,4,2,183
29,70,73,28.532506942749023,27.797306060791016,2.3838725090026855,0.0,0.550000011920929,5,29,4,2,186
29,70,74,28.532506942749023,27.797306060791016,2.3838725090026855,0.0,0.550000011920929,5,29,4,2,193
29,70,75,28.330745697021484,27.825834274291992,2.423976421356201,0.0,0.5,5,29,4,2,203
29,70,76,28.478605270385742,27.794431686401367,2.378516674041748,0.0,0.5,5,29,4,2,206
29,70,77,28.478605270385742,27.794431686401367,2.378516674041748,0.0,0.5,5,29,4,2,214
29,70,78,28.478605270385742,27.794431686401367,2.378516674041748,0.0,0.5,5,29,4,2,217
29,70,79,28.276264190673828,27.823036193847656,2.4186158180236816,0.0,0.44999998807907104,5,29,4,2,219
29,70,80,28.424020767211914,27.79155921936035,2.373138189315796,0.0,0.44999998807907104,5,30,4,1,224
29,70,81,28.221233367919922,27.820219039916992,2.4132227897644043,0.0,0.4000000059604645,5,30,4,1,232
29,70,82,28.368824005126953,27.7886905670166,2.3677542209625244,0.0,0.4000000059604645,5,30,4,1,237
29,70,83,28.368824005126953,27.7886905670166,2.3677542209625244,0.0,0.4000000059604645,5,30,4,1,245
29,70,84,28.368824005126953,27.7886905670166,2.3677542209625244,0.0,0.4000000059604645,5,30,4,1,249
29,70,85,28.368824005126953,27.7886905670166,2.3677542209625244,0.0,0.4000000059604645,5,30,4,1,254
29,70,86,28.368824005126953,27.7886905670166,2.3677542209625244,0.0,0.4000000059604645,5,30,4,1,262
29,70,87,28.368824005126953,27.7886905670166,2.3677542209625244,0.0,0.4000000059604645,5,30,4,1,266
29,70,88,28.368824005126953,27.7886905670166,2.3677542209625244,0.0,0.4000000059604645,5,30,4,1,271
29,70,89,28.368824005126953,27.7886905670166,2.3677542209625244,0.0,0.4000000059604645,5,30,4,1,275
29,70,90,28.165727615356445,27.8173828125,2.4078140258789062,0.0,0.3499999940395355,5,30,4,1,282
29,70,91,28.313085556030273,27.785829544067383,2.3623814582824707,0.0,0.3499999940395355,5,30,4,1,291
29,70,92,28.109819412231445,27.814531326293945,2.4024062156677246,0.0,0.30000001192092896,5,30,4,1,295
29,70,93,28.256881713867188,27.78297233581543,2.3570375442504883,0.0,0.30000001192092896,5,31,4,0,304
30,71,1,28.166776657104492,27.103271484375,3.44523024559021,0.05000000074505806,1.0,0,0,0,40,3
30,71,2,28.95634651184082,27.716646194458008,2.5713422298431396,0.0,1.0,0,0,0,40,4
30,71,3,28.978116989135742,27.8231258392334,2.4286580085754395,0.0,1.0,0,0,0,40,4
30,71,4,28.978116989135742,27.8231258392334,2.4286580085754395,0.0,1.0,0,2,0,38,5
30,71,5,28.978116989135742,27.8231258392334,2.4286580085754395,0.0,1.0,0,2,0,38,7
30,71,6,28.978116989135742,27.8231258392334,2.4286580085754395,0.0,1.0,2,3,0,35,9
30,71,7,28.978116989135742,27.8231258392334,2.4286580085754395,0.0,1.0,2,3,1,34,10
30,71,8,28.978116989135742,27.8231258392334,2.4286580085754395,0.0,1.0,2,3,1,34,10
30,71,9,28.978116989135742,27.8231258392334,2.4286580085754395,0.0,1.0,2,4,1,33,13
30,71,10,28.978116989135742,27.8231258392334,2.4286580085754395,0.0,1.0,2,5,1,32,14
30,71,11,28.978116989135742,27.8231258392334,2.4286580085754395,0.0,1.0,2,5,1,32,16
30,71,12,28.978116989135742,27.8231258392334,2.4286580085754395,0.0,1.0,2,6,1,31,18
30,71,13,28.978116989135742,27.8231258392334,2.4286580085754395,0.0,1.0,2,6,1,31,21
30,71,14,28.978116989135742,27.8231258392334,2.4286580085754395,0.0,1.0,2,6,1,31,24
30,71,15,28.978116989135742,27.8231258392334,2.4286580085754395,0.0,1.0,2,6,1,31,27
30,71,16,28.978116989135742,27.8231258392334,2.4286580085754395,0.0,1.0,2,6,1,31,29
30,71,17,28.978116989135742,27.8231258392334,2.4286580085754395,0.0,1.0,2,6,3,29,32
30,71,18,28.978116989135742,27.8231258392334,2.4286580085754395,0.0,1.0,2,6,3,29,37
30,71,19,28.978116989135742,27.8231258392334,2.4286580085754395,0.0,1.0,2,6,3,29,41
30,71,20,28.978116989135742,27.8231258392334,2.4286580085754395,0.0,1.0,2,8,3,27,45
30,71,21,28.978116989135742,27.8231258392334,2.4286580085754395,0.0,1.0,2,8,3,27,49
30,71,22,28.978116989135742,27.8231258392334,2.4286580085754395,0.0,1.0,2,8,3,27,50
30,71,23,28.978116989135742,27.8231258392334,2.4286580085754395,0.0,1.0,2,9,3,26,50
30,71,24,28.978116989135742,27.8231258392334,2.4286580085754395,0.0,1.0,2,9,4,25,54
30,71,25,28.978116989135742,27.8231258392334,2.4286580085754395,0.0,1.0,2,9,5,24,59
30,71,26,28.978116989135742,27.8231258392334,2.4286580085754395,0.0,1.0,2,9,5,24,63
30,71,27,28.978116989135742,27.8231258392334,2.4286580085754395,0.0,1.0,2,9,5,24,66
30,71,28,28.978116989135742,27.8231258392334,2.4286580085754395,0.0,1.0,2,9,5,24,67
30,71,29,28.978116989135742,27.8231258392334,2.4286580085754395,0.0,1.0,2,9,5,24,70
30,71,30,28.978116989135742,27.8231258392334,2.4286580085754395,0.0,1.0,2,9,6,23,73
30,71,31,28.978116989135742,27.8231258392334,2.4286580085754395,0.0,1.0,2,11,7,20,78
30,71,32,28.978116989135742,27.8231258392334,2.4286580085754395,0.0,1.0,2,12,7,19,80
30,71,33,28.978116989135742,27.8231258392334,2.4286580085754395,0.0,1.0,2,14,7,17,81
30,71,34,28.978116989135742,27.8231258392334,2.4286580085754395,0.0,1.0,2,15,7,16,83
30,71,35,28.978116989135742,27.8231258392334,2.4286580085754395,0.0,1.0,2,15,7,16,86
30,71,36,28.978116989135742,27.8231258392334,2.4286580085754395,0.0,1.0,2,15,8,15,88
30,71,37,28.978116989135742,27.8231258392334,2.4286580085754395,0.0,1.0,2,16,8,14,90
30,71,38,28.978116989135742,27.8231258392334,2.4286580085754395,0.0,1.0,2,16,8,14,92
30,71,39,28.978116989135742,27.8231258392334,2.4286580085754395,0.0,1.0,2,16,8,14,96
30,71,40,28.978116989135742,27.8231258392334,2.4286580085754395,0.0,1.0,2,16,8,14,99
30,71,41,28.978116989135742,27.8231258392334,2.4286580085754395,0.0,1.0,2,16,8,14,100
30,71,42,28.78670310974121,27.85011863708496,2.468353509902954,0.0,0.949999988079071,2,16,8,14,105
30,71,43,28.739660263061523,27.847503662109375,2.4639103412628174,0.0,0.8999999761581421,2,16,8,14,112
30,71,44,28.886016845703125,27.81742286682129,2.4194657802581787,0.0,0.8999999761581421,2,17,8,13,117
30,71,45,28.691627502441406,27.84486961364746,2.459322929382324,0.0,0.8500000238418579,2,17,8,13,123
30,71,46,28.64263153076172,27.842212677001953,2.454598903656006,0.0,0.800000011920929,2,17,8,13,127
30,71,47,28.789737701416016,27.811689376831055,2.409769058227539,0.0,0.800000011920929,2,17,8,13,130
30,71,48,28.592710494995117,27.83953285217285,2.449747085571289,0.0,0.75,2,17,8,13,133
30,71,49,28.74009895324707,27.80881690979004,2.404754877090454,0.0,0.75,2,17,8,13,136
30,71,50,28.74009895324707,27.80881690979004,2.404754877090454,0.0,0.75,2,17,8,13,140
30,71,51,28.541898727416992,27.836833953857422,2.4447779655456543,0.0,0.699999988079071,2,17,8,13,144
30,71,52,28.689512252807617,27.805940628051758,2.3996448516845703,0.0,0.699999988079071,2,17,8,13,146
30,71,53,28.689512252807617,27.805940628051758,2.3996448516845703,0.0,0.699999988079071,2,17,8,13,150
30,71,54,28.490245819091797,27.83411407470703,2.4397029876708984,0.0,0.6499999761581421,2,17,8,13,156
30,71,55,28.638017654418945,27.803062438964844,2.394451856613159,0.0,0.6499999761581421,2,17,8,13,158
30,71,56,28.638017654418945,27.803062438964844,2.394451856613159,0.0,0.6499999761581421,2,17,8,13,161
30,71,57,28.638017654418945,27.803062438964844,2.394451856613159,0.0,0.6499999761581421,2,17,8,13,164
30,71,58,28.43779754638672,27.831375122070312,2.434535264968872,0.0,0.6000000238418579,2,18,8,12,168
30,71,59,28.585664749145508,27.80018424987793,2.3891892433166504,0.0,0.6000000238418579,2,19,8,11,172
30,71,60,28.585664749145508,27.80018424987793,2.3891892433166504,0.0,0.6000000238418579,2,20,8,10,176
30,71,61,28.585664749145508,27.80018424987793,2.3891892433166504,0.0,0.6000000238418579,2,20,8,10,180
30,71,62,28.585664749145508,27.80018424987793,2.3891892433166504,0.0,0.6000000238418579,2,21,8,9,184
30,71,63,28.585664749145508,27.80018424987793,2.3891892433166504,0.0,0.6000000238418579,2,21,8,9,189
30,71,64,28.384611129760742,27.82861328125,2.429287910461426,0.0,0.550000011920929,2,21,8,9,192
30,71,65,28.532506942749023,27.797306060791016,2.3838725090026855,0.0,0.550000011920929,2,23,8,7,198
30,71,66,28.532506942749023,27.797306060791016,2.3838725090026855,0.0,0.550000011920929,2,24,8,6,202
30,71,67,28.330745697021484,27.825834274291992,2.423976421356201,0.0,0.5,2,24,8,6,208
30,71,68,28.478605270385742,27.794431686401367,2.378516674041748,0.0,0.5,2,24,8,6,211
30,71,69,28.478605270385742,27.794431686401367,2.378516674041748,0.0,0.5,2,25,8,5,217
30,71,70,28.276264190673828,27.823036193847656,2.4186158180236816,0.0,0.44999998807907104,2,25,8,5,222
30,71,71,28.424020767211914,27.79155921936035,2.373138189315796,0.0,0.44999998807907104,2,25,8,5,227
30,71,72,28.424020767211914,27.79155921936035,2.373138189315796,0.0,0.44999998807907104,2,25,8,5,231
30,71,73,28.424020767211914,27.79155921936035,2.373138189315796,0.0,0.44999998807907104,2,25,8,5,237
30,71,74,28.221233367919922,27.820219039916992,2.4132227897644043,0.0,0.4000000059604645,2,26,8,4,245
30,71,75,28.368824005126953,27.7886905670166,2.3677542209625244,0.0,0.4000000059604645,2,26,8,4,248
30,71,76,28.368824005126953,27.7886905670166,2.3677542209625244,0.0,0.4000000059604645,2,26,8,4,258
30,71,77,28.368824005126953,27.7886905670166,2.3677542209625244,0.0,0.4000000059604645,2,28,8,2,261
30,71,78,28.165727615356445,27.8173828125,2.4078140258789062,0.0,0.3499999940395355,2,28,8,2,266
30,71,79,28.313085556030273,27.785829544067383,2.3623814582824707,0.0,0.3499999940395355,2,29,8,1,269
30,71,80,28.313085556030273,27.785829544067383,2.3623814582824707,0.0,0.3499999940395355,2,29,8,1,276
30,71,81,28.313085556030273,27.785829544067383,2.3623814582824707,0.0,0.3499999940395355,2,29,8,1,280
30,71,82,28.313085556030273,27.785829544067383,2.3623814582824707,0.0,0.3499999940395355,2,29,8,1,285
30,71,83,28.109819412231445,27.814531326293945,2.4024062156677246,0.0,0.30000001192092896,2,29,8,1,292
30,71,84,28.256881713867188,27.78297233581543,2.3570375442504883,0.0,0.30000001192092896,2,29,8,1,297
30,71,85,28.053585052490234,27.811662673950195,2.397017002105713,0.0,0.25,2,29,8,1,301
30,71,86,28.20029067993164,27.780122756958008,2.3517396450042725,0.0,0.25,2,30,8,0,308
